Date,Price,Daily_Returns
15-Apr-20,6736.9000,-0.0166
14-Apr-20,6850.9000,0.0014
13-Apr-20,6841.3000,-0.011
12-Apr-20,6917.6000,0.0073
11-Apr-20,6867.8000,0.0007
10-Apr-20,6863.1000,-0.0584
9-Apr-20,7289.0000,-0.0098
8-Apr-20,7361.2000,0.0245
7-Apr-20,7185.2000,-0.0201
6-Apr-20,7332.3000,0.0826
5-Apr-20,6772.7000,-0.0123
4-Apr-20,6857.4000,0.018
3-Apr-20,6735.9000,-0.0095
2-Apr-20,6800.5000,0.0244
1-Apr-20,6638.5000,0.0352
31-Mar-20,6412.5000,0.0034
30-Mar-20,6391.0000,0.085
29-Mar-20,5890.4000,-0.0551
28-Mar-20,6233.7000,-0.0219
27-Mar-20,6373.4000,-0.0523
26-Mar-20,6725.1000,0.0069
25-Mar-20,6678.9000,-0.0097
24-Mar-20,6744.6000,0.0426
23-Mar-20,6468.9000,0.1111
22-Mar-20,5822.1000,-0.0589
21-Mar-20,6186.2000,-0.0031
20-Mar-20,6205.3000,0.0054
19-Mar-20,6172.0000,0.1512
18-Mar-20,5361.4000,0.0191
17-Mar-20,5261.1000,0.0459
16-Mar-20,5030.0000,-0.0627
15-Mar-20,5366.3000,0.0354
14-Mar-20,5182.7000,-0.0719
13-Mar-20,5584.3000,0.1571
12-Mar-20,4826.0000,-0.3918
11-Mar-20,7935.1000,0.0056
10-Mar-20,7891.2000,-0.0053
9-Mar-20,7933.0000,-0.0126
8-Mar-20,8034.1000,-0.0961
7-Mar-20,8887.8000,-0.027
6-Mar-20,9134.8000,0.0082
5-Mar-20,9060.3000,0.0345
4-Mar-20,8757.9000,-0.0004
3-Mar-20,8761.4000,-0.0161
2-Mar-20,8904.8000,0.0427
1-Mar-20,8540.0000,-0.0004
29-Feb-20,8543.7000,-0.0177
28-Feb-20,8697.5000,-0.0137
27-Feb-20,8818.6000,0.0021
26-Feb-20,8800.3000,-0.0555
25-Feb-20,9317.2000,-0.0357
24-Feb-20,9662.7000,-0.0282
23-Feb-20,9942.7000,0.0297
22-Feb-20,9655.7000,-0.003
21-Feb-20,9684.5000,0.0085
20-Feb-20,9602.4000,-0.0007
19-Feb-20,9609.4000,-0.054
18-Feb-20,10158.4000,0.0471
17-Feb-20,9701.4000,-0.0232
16-Feb-20,9932.3000,0.0025
15-Feb-20,9907.7000,-0.0412
14-Feb-20,10333.0000,0.0096
13-Feb-20,10235.1000,-0.008
12-Feb-20,10317.7000,0.0086
11-Feb-20,10229.5000,0.0381
10-Feb-20,9854.1000,-0.0293
9-Feb-20,10151.5000,0.0259
8-Feb-20,9895.5000,0.0078
7-Feb-20,9818.6000,0.0048
6-Feb-20,9772.0000,0.0167
5-Feb-20,9611.8000,0.0454
4-Feb-20,9193.9000,-0.011
3-Feb-20,9296.6000,-0.0041
2-Feb-20,9334.9000,-0.005
1-Feb-20,9381.6000,0.0035
31-Jan-20,9349.1000,-0.0166
30-Jan-20,9507.3000,0.0224
29-Jan-20,9298.9000,-0.0084
28-Jan-20,9377.3000,0.0576
27-Jan-20,8866.6000,0.0301
26-Jan-20,8607.8000,0.0319
25-Jan-20,8341.6000,-0.0117
24-Jan-20,8439.9000,0.0041
23-Jan-20,8405.1000,-0.0315
22-Jan-20,8678.5000,-0.0062
21-Jan-20,8732.6000,0.0105
20-Jan-20,8641.9000,-0.0074
19-Jan-20,8706.2000,-0.0236
18-Jan-20,8916.3000,0.0004
17-Jan-20,8913.1000,0.0213
16-Jan-20,8726.9000,-0.0104
15-Jan-20,8818.3000,-0.0012
14-Jan-20,8829.2000,0.0885
13-Jan-20,8111.4000,-0.0093
12-Jan-20,8187.6000,0.0204
11-Jan-20,8024.1000,-0.0199
10-Jan-20,8187.1000,0.044
9-Jan-20,7842.4000,-0.027
8-Jan-20,8059.6000,-0.0118
7-Jan-20,8155.7000,0.0511
6-Jan-20,7759.1000,0.0524
5-Jan-20,7372.5000,-0.0006
4-Jan-20,7376.8000,0.0046
3-Jan-20,7343.1000,0.054
2-Jan-20,6967.0000,-0.0323
1-Jan-20,7199.8000,0.0005
31-Dec-19,7196.4000,-0.009
30-Dec-19,7261.8000,-0.0184
29-Dec-19,7397.5000,0.0104
28-Dec-19,7321.5000,0.0082
27-Dec-19,7261.7000,0.007
26-Dec-19,7210.9000,-0.0019
25-Dec-19,7224.8000,-0.006
24-Dec-19,7268.3000,-0.0074
23-Dec-19,7322.8000,-0.0231
22-Dec-19,7495.8000,0.0474
21-Dec-19,7156.2000,-0.0056
20-Dec-19,7196.4000,0.0043
19-Dec-19,7165.5000,-0.0152
18-Dec-19,7276.0000,0.1002
17-Dec-19,6613.3000,-0.042
16-Dec-19,6903.5000,-0.0316
15-Dec-19,7128.5000,0.0067
14-Dec-19,7080.8000,-0.024
13-Dec-19,7255.2000,0.0065
12-Dec-19,7208.0000,0
11-Dec-19,7208.0000,-0.0038
10-Dec-19,7235.7000,-0.0163
9-Dec-19,7355.8000,-0.0224
8-Dec-19,7524.4000,0.0018
7-Dec-19,7510.9000,-0.0026
6-Dec-19,7530.8000,0.0178
5-Dec-19,7399.2000,0.027
4-Dec-19,7204.4000,-0.012
3-Dec-19,7291.8000,-0.0009
2-Dec-19,7298.2000,-0.0133
1-Dec-19,7396.4000,-0.0199
30-Nov-19,7546.6000,-0.0253
29-Nov-19,7742.7000,0.0426
28-Nov-19,7426.7000,-0.0112
27-Nov-19,7510.6000,0.0486
26-Nov-19,7162.8000,0.0066
25-Nov-19,7115.6000,0.0276
24-Nov-19,6924.7000,-0.0545
23-Nov-19,7324.1000,0.0071
22-Nov-19,7272.5000,-0.0466
21-Nov-19,7627.9000,-0.0582
20-Nov-19,8099.3000,-0.0057
19-Nov-19,8145.7000,-0.0076
18-Nov-19,8208.4000,-0.0354
17-Nov-19,8509.8000,0.0015
16-Nov-19,8497.3000,0.0025
15-Nov-19,8476.3000,-0.0213
14-Nov-19,8661.2000,-0.0139
13-Nov-19,8783.1000,-0.0033
12-Nov-19,8812.6000,0.0087
11-Nov-19,8736.9000,-0.0332
10-Nov-19,9036.8000,0.0264
9-Nov-19,8804.5000,0.003
8-Nov-19,8778.2000,-0.0483
7-Nov-19,9223.5000,-0.0124
6-Nov-19,9338.9000,0.003
5-Nov-19,9310.8000,-0.0091
4-Nov-19,9396.4000,0.0215
3-Nov-19,9198.3000,-0.011
2-Nov-19,9300.6000,0.0076
1-Nov-19,9230.1000,0.0085
31-Oct-19,9152.6000,-0.0006
30-Oct-19,9157.9000,-0.0269
29-Oct-19,9411.3000,0.0222
28-Oct-19,9207.2000,-0.0338
27-Oct-19,9529.6000,0.0324
26-Oct-19,9230.6000,0.0661
25-Oct-19,8658.3000,0.1665
24-Oct-19,7422.7000,-0.0073
23-Oct-19,7477.0000,-0.069
22-Oct-19,8031.4000,-0.0215
21-Oct-19,8208.2000,-0.0018
20-Oct-19,8223.4000,0.0334
19-Oct-19,7957.3000,0.0011
18-Oct-19,7948.5000,-0.0155
17-Oct-19,8073.3000,0.0091
16-Oct-19,8000.4000,-0.0204
15-Oct-19,8167.2000,-0.0223
14-Oct-19,8353.3000,0.0087
13-Oct-19,8281.5000,-0.0028
12-Oct-19,8304.4000,0.0044
11-Oct-19,8267.8000,-0.0344
10-Oct-19,8562.3000,-0.0005
9-Oct-19,8566.7000,0.0469
8-Oct-19,8182.9000,-0.0019
7-Oct-19,8198.6000,0.0402
6-Oct-19,7881.9000,-0.0302
5-Oct-19,8127.3000,-0.0025
4-Oct-19,8148.1000,-0.0096
3-Oct-19,8226.9000,-0.0164
2-Oct-19,8364.1000,0.0074
1-Oct-19,8302.7000,0.0022
30-Sep-19,8284.3000,0.0292
29-Sep-19,8049.1000,-0.0194
28-Sep-19,8208.5000,0.0029
27-Sep-19,8184.9000,0.015
26-Sep-19,8063.8000,-0.0437
25-Sep-19,8432.4000,-0.0096
24-Sep-19,8513.9000,-0.1225
23-Sep-19,9702.2000,-0.0328
22-Sep-19,10031.6000,0.0039
21-Sep-19,9993.0000,-0.0177
20-Sep-19,10172.7000,-0.0076
19-Sep-19,10250.5000,0.0084
18-Sep-19,10164.7000,-0.003
17-Sep-19,10195.7000,-0.0058
16-Sep-19,10255.5000,-0.0054
15-Sep-19,10311.5000,-0.0025
14-Sep-19,10337.3000,-0.0005
13-Sep-19,10342.1000,-0.007
12-Sep-19,10415.1000,0.0249
11-Sep-19,10162.5000,0.0057
10-Sep-19,10105.4000,-0.0198
9-Sep-19,10309.0000,-0.009
8-Sep-19,10402.8000,-0.0056
7-Sep-19,10461.1000,0.0147
6-Sep-19,10309.3000,-0.0244
5-Sep-19,10566.9000,-0.0001
4-Sep-19,10568.2000,-0.0042
3-Sep-19,10612.3000,0.0255
2-Sep-19,10348.8000,0.0637
1-Sep-19,9729.3000,0.0141
31-Aug-19,9594.4000,0.0009
30-Aug-19,9585.4000,0.0099
29-Aug-19,9491.0000,-0.0245
28-Aug-19,9729.4000,-0.0447
27-Aug-19,10184.8000,-0.018
26-Aug-19,10371.8000,0.0232
25-Aug-19,10136.3000,0.0005
24-Aug-19,10131.0000,-0.0248
23-Aug-19,10388.7000,0.0281
22-Aug-19,10105.0000,-0.0036
21-Aug-19,10141.5000,-0.0568
20-Aug-19,10752.6000,-0.0145
19-Aug-19,10910.7000,0.058
18-Aug-19,10312.7000,0.0093
17-Aug-19,10218.1000,-0.0114
16-Aug-19,10335.6000,0.0031
15-Aug-19,10303.4000,0.0253
14-Aug-19,10049.4000,-0.0774
13-Aug-19,10892.9000,-0.044
12-Aug-19,11394.2000,-0.0107
11-Aug-19,11517.2000,0.0179
10-Aug-19,11314.5000,-0.0641
9-Aug-19,12089.8000,-0.0084
8-Aug-19,12191.6000,0.0148
7-Aug-19,12013.9000,0.0464
6-Aug-19,11480.9000,-0.0284
5-Aug-19,11816.8000,0.0807
4-Aug-19,10934.6000,0.011
3-Aug-19,10815.7000,0.0281
2-Aug-19,10520.1000,0.0135
1-Aug-19,10380.0000,0.0296
31-Jul-19,10082.0000,0.0523
30-Jul-19,9580.7000,0
29-Jul-19,9580.9000,-0.0151
28-Jul-19,9727.8000,0.0248
27-Jul-19,9492.1000,-0.0345
26-Jul-19,9831.0000,-0.0115
25-Jul-19,9945.3000,0.0144
24-Jul-19,9804.3000,-0.0085
23-Jul-19,9888.7000,-0.0503
22-Jul-19,10412.5000,-0.0282
21-Jul-19,10714.4000,-0.0104
20-Jul-19,10826.7000,0.0241
19-Jul-19,10571.5000,-0.0075
18-Jul-19,10651.4000,0.0955
17-Jul-19,9723.2000,0.0317
16-Jul-19,9424.8000,-0.131
15-Jul-19,10845.9000,0.0633
14-Jul-19,10200.1000,-0.1025
13-Jul-19,11364.9000,-0.0338
12-Jul-19,11762.1000,0.037
11-Jul-19,11342.3000,-0.0634
10-Jul-19,12110.6000,-0.0344
9-Jul-19,12541.5000,0.0236
8-Jul-19,12252.6000,0.0733
7-Jul-19,11415.9000,0.0131
6-Jul-19,11268.0000,0.0271
5-Jul-19,10970.2000,-0.0173
4-Jul-19,11163.1000,-0.062
3-Jul-19,11900.8000,0.0983
2-Jul-19,10835.9000,0.0207
1-Jul-19,10616.6000,-0.0187
30-Jun-19,10818.6000,-0.0914
29-Jun-19,11906.5000,-0.0405
28-Jun-19,12409.1000,0.0993
27-Jun-19,11287.8000,-0.1359
26-Jun-19,13063.8000,0.1062
25-Jun-19,11809.9000,0.0691
24-Jun-19,11046.4000,0.0137
23-Jun-19,10897.1000,0.0164
22-Jun-19,10721.7000,0.0533
21-Jun-19,10179.3000,0.0696
20-Jun-19,9517.0000,0.0283
19-Jun-19,9255.4000,0.0193
18-Jun-19,9080.6000,-0.0256
17-Jun-19,9318.8000,0.0398
16-Jun-19,8962.5000,0.017
15-Jun-19,8812.5000,0.0181
14-Jun-19,8656.1000,0.0532
13-Jun-19,8219.0000,0.0106
12-Jun-19,8133.1000,0.0311
11-Jun-19,7888.0000,-0.0125
10-Jun-19,7987.8000,0.0462
9-Jun-19,7635.0000,-0.0337
8-Jun-19,7901.4000,-0.0105
7-Jun-19,7985.2000,0.0257
6-Jun-19,7784.9000,0.0008
5-Jun-19,7779.1000,0.0122
4-Jun-19,7685.5000,-0.0541
3-Jun-19,8124.8000,-0.0692
2-Jun-19,8728.6000,0.0214
1-Jun-19,8545.7000,-0.0015
31-May-19,8558.3000,0.0346
30-May-19,8271.9000,-0.0435
29-May-19,8647.8000,-0.0079
28-May-19,8716.3000,-0.005
27-May-19,8760.1000,0.0151
26-May-19,8630.2000,0.0751
25-May-19,8027.4000,0.0072
24-May-19,7970.1000,0.015
23-May-19,7852.1000,0.0283
22-May-19,7635.7000,-0.0372
21-May-19,7930.3000,-0.0044
20-May-19,7965.3000,-0.0235
19-May-19,8157.2000,0.1232
18-May-19,7262.6000,-0.0132
17-May-19,7359.5000,-0.0651
16-May-19,7871.8000,-0.0359
15-May-19,8164.6000,0.0213
14-May-19,7994.6000,0.0242
13-May-19,7806.0000,0.1176
12-May-19,6984.8000,-0.0286
11-May-19,7190.3000,0.1259
10-May-19,6386.0000,0.0314
9-May-19,6191.5000,0.0336
8-May-19,5990.3000,0.0241
7-May-19,5849.5000,0.0182
6-May-19,5745.1000,-0.0052
5-May-19,5774.9000,-0.0096
4-May-19,5830.9000,0.0111
3-May-19,5766.8000,0.0497
2-May-19,5493.8000,0.0204
1-May-19,5384.2000,0.0119
30-Apr-19,5320.8000,0.0164
29-Apr-19,5235.0000,-0.0127
28-Apr-19,5302.3000,0.0069
27-Apr-19,5265.9000,-0.0061
26-Apr-19,5298.3000,0.0171
25-Apr-19,5209.1000,-0.0381
24-Apr-19,5415.6000,-0.0174
23-Apr-19,5511.6000,0.0308
22-Apr-19,5346.7000,0.0197
21-Apr-19,5243.5000,-0.0088
20-Apr-19,5290.2000,0.0094
19-Apr-19,5241.0000,-0.0045
18-Apr-19,5264.7000,0.0108
17-Apr-19,5208.3000,0.0053
16-Apr-19,5180.9000,0.0295
15-Apr-19,5032.3000,-0.02
14-Apr-19,5134.8000,0.0164
13-Apr-19,5051.8000,-0.0005
12-Apr-19,5054.2000,0.0063
11-Apr-19,5022.6000,-0.0537
10-Apr-19,5307.8000,0.0289
9-Apr-19,5158.4000,-0.0165
8-Apr-19,5245.2000,0.0138
7-Apr-19,5173.6000,0.0253
6-Apr-19,5046.2000,0.0072
5-Apr-19,5010.2000,0.022
4-Apr-19,4902.4000,-0.0133
3-Apr-19,4968.7000,0.0225
2-Apr-19,4859.3000,0.1723
1-Apr-19,4145.1000,0.0104
31-Mar-19,4102.3000,-0.0023
30-Mar-19,4111.8000,0.0023
29-Mar-19,4102.2000,0.019
28-Mar-19,4025.6000,-0.004
27-Mar-19,4041.7000,0.0251
26-Mar-19,3942.8000,0.0015
25-Mar-19,3937.0000,-0.0144
24-Mar-19,3994.7000,-0.002
23-Mar-19,4002.5000,0.003
22-Mar-19,3990.4000,0.0021
21-Mar-19,3982.2000,-0.0146
20-Mar-19,4041.2000,0.006
19-Mar-19,4017.0000,0.0067
18-Mar-19,3990.2000,0.0022
17-Mar-19,3981.5000,-0.0062
16-Mar-19,4006.4000,0.0209
15-Mar-19,3924.3000,0.0117
14-Mar-19,3879.0000,0.0036
13-Mar-19,3865.1000,-0.0054
12-Mar-19,3886.0000,0.0041
11-Mar-19,3870.3000,-0.0115
10-Mar-19,3915.2000,-0.0074
9-Mar-19,3944.3000,0.0203
8-Mar-19,3865.9000,-0.0024
7-Mar-19,3875.1000,0.0032
6-Mar-19,3863.0000,0.0015
5-Mar-19,3857.2000,0.038
4-Mar-19,3715.9000,-0.0245
3-Mar-19,3809.5000,-0.0036
2-Mar-19,3823.1000,0.0003
1-Mar-19,3821.9000,0.0014
28-Feb-19,3816.6000,0.0005
27-Feb-19,3814.6000,0.0011
26-Feb-19,3810.3000,-0.0061
25-Feb-19,3833.7000,0.0209
24-Feb-19,3755.2000,-0.0886
23-Feb-19,4120.4000,0.0391
22-Feb-19,3965.2000,0.0073
21-Feb-19,3936.6000,-0.009
20-Feb-19,3972.4000,0.0148
19-Feb-19,3914.3000,0.0047
18-Feb-19,3896.0000,0.0633
17-Feb-19,3664.2000,0.0131
16-Feb-19,3616.8000,0.0034
15-Feb-19,3604.7000,0.0034
14-Feb-19,3592.6000,-0.0052
13-Feb-19,3611.5000,-0.0056
12-Feb-19,3632.0000,0.0001
11-Feb-19,3631.8000,-0.0128
10-Feb-19,3679.0000,0.0048
9-Feb-19,3661.4000,-0.0001
8-Feb-19,3661.7000,0.0777
7-Feb-19,3397.7000,-0.002
6-Feb-19,3404.3000,-0.0185
5-Feb-19,3468.4000,0.0016
4-Feb-19,3462.8000,0.0011
3-Feb-19,3459.1000,-0.0124
2-Feb-19,3502.5000,0.01
1-Feb-19,3467.9000,0.009
31-Jan-19,3437.2000,-0.0066
30-Jan-19,3460.0000,0.0132
29-Jan-19,3414.8000,-0.0081
28-Jan-19,3442.8000,-0.0317
27-Jan-19,3555.6000,-0.0043
26-Jan-19,3570.9000,-0.0003
25-Jan-19,3572.0000,-0.0006
24-Jan-19,3574.3000,0.0036
23-Jan-19,3561.5000,-0.0052
22-Jan-19,3580.1000,0.0123
21-Jan-19,3536.7000,-0.0016
20-Jan-19,3542.3000,-0.0368
19-Jan-19,3677.8000,0.02
18-Jan-19,3605.6000,-0.0057
17-Jan-19,3626.4000,0.0107
16-Jan-19,3588.0000,0.0047
15-Jan-19,3571.3000,-0.0184
14-Jan-19,3638.1000,0.0424
13-Jan-19,3490.2000,-0.0298
12-Jan-19,3597.2000,-0.0053
11-Jan-19,3616.5000,0.0035
10-Jan-19,3603.7000,-0.0941
9-Jan-19,3978.0000,0.0017
8-Jan-19,3971.0000,-0.0037
7-Jan-19,3985.9000,-0.0045
6-Jan-19,4004.1000,0.0578
5-Jan-19,3785.4000,-0.0046
4-Jan-19,3802.7000,0.006
3-Jan-19,3780.1000,-0.0242
2-Jan-19,3873.8000,0.0169
1-Jan-19,3809.4000,0.0269
31-Dec-18,3709.4000,-0.0277
30-Dec-18,3815.0000,0.0292
29-Dec-18,3706.8000,-0.0401
28-Dec-18,3861.6000,0.0766
27-Dec-18,3586.9000,-0.0545
26-Dec-18,3793.7000,0.0083
25-Dec-18,3762.5000,-0.0655
24-Dec-18,4026.1000,0.0207
23-Dec-18,3944.4000,-0.005
22-Dec-18,3964.4000,0.0295
21-Dec-18,3850.9000,-0.0552
20-Dec-18,4076.0000,0.1055
19-Dec-18,3687.1000,0.0052
18-Dec-18,3668.0000,0.0402
17-Dec-18,3526.1000,0.0857
16-Dec-18,3247.9000,0.006
15-Dec-18,3228.7000,-0.0059
14-Dec-18,3247.8000,-0.0204
13-Dec-18,3315.3000,-0.0435
12-Dec-18,3466.1000,0.0172
11-Dec-18,3407.7000,-0.0153
10-Dec-18,3460.5000,-0.03
9-Dec-18,3567.5000,0.04
8-Dec-18,3430.4000,0.0024
7-Dec-18,3422.2000,-0.0246
6-Dec-18,3508.6000,-0.0697
5-Dec-18,3771.6000,-0.0472
4-Dec-18,3958.5000,0.0156
3-Dec-18,3897.8000,-0.0631
2-Dec-18,4160.4000,-0.0085
1-Dec-18,4196.2000,0.0387
30-Nov-18,4039.7000,-0.0598
29-Nov-18,4296.5000,0.0073
28-Nov-18,4265.4000,0.1032
27-Nov-18,3866.5000,0.0077
26-Nov-18,3837.0000,-0.0554
25-Nov-18,4062.2000,0.0362
24-Nov-18,3920.4000,-0.1086
23-Nov-18,4398.0000,0.0096
22-Nov-18,4356.0000,-0.0609
21-Nov-18,4638.7000,0.0252
20-Nov-18,4524.6000,-0.0736
19-Nov-18,4883.8000,-0.1369
18-Nov-18,5658.3000,0.0065
17-Nov-18,5621.8000,-0.0026
16-Nov-18,5636.2000,-0.0145
15-Nov-18,5718.9000,-0.0211
14-Nov-18,5842.4000,-0.0913
13-Nov-18,6429.2000,-0.0009
12-Nov-18,6435.0000,-0.0017
11-Nov-18,6446.1000,0.003
10-Nov-18,6427.1000,0.0024
9-Nov-18,6412.0000,-0.0096
8-Nov-18,6474.0000,-0.0139
7-Nov-18,6565.3000,0.0096
6-Nov-18,6502.8000,0.0067
5-Nov-18,6459.7000,-0.0029
4-Nov-18,6478.2000,0.0144
3-Nov-18,6386.2000,-0.006
2-Nov-18,6424.7000,0.0038
1-Nov-18,6400.5000,0.0054
31-Oct-18,6365.9000,0.0064
30-Oct-18,6325.7000,-0.0015
29-Oct-18,6335.0000,-0.0233
28-Oct-18,6486.1000,-0.0012
27-Oct-18,6494.2000,-0.0024
26-Oct-18,6510.0000,0.0005
25-Oct-18,6507.0000,-0.0036
24-Oct-18,6530.7000,0.0003
23-Oct-18,6528.7000,-0.0041
22-Oct-18,6555.8000,-0.0041
21-Oct-18,6583.0000,0.0016
20-Oct-18,6572.2000,0.0092
19-Oct-18,6512.0000,-0.0094
18-Oct-18,6574.1000,-0.0168
17-Oct-18,6686.6000,-0.0028
16-Oct-18,6705.3000,0.0008
15-Oct-18,6699.8000,0.059
14-Oct-18,6326.8000,0.0008
13-Oct-18,6321.7000,0.0048
12-Oct-18,6291.3000,0.0084
11-Oct-18,6239.1000,-0.0572
10-Oct-18,6618.0000,-0.0049
9-Oct-18,6650.8000,-0.0028
8-Oct-18,6669.6000,0.0089
7-Oct-18,6611.0000,0.0022
6-Oct-18,6596.3000,-0.0065
5-Oct-18,6639.1000,0.0083
4-Oct-18,6584.2000,0.0117
3-Oct-18,6507.8000,-0.0064
2-Oct-18,6549.9000,-0.0088
1-Oct-18,6608.2000,-0.0041
30-Sep-18,6635.2000,0.0047
29-Sep-18,6603.9000,-0.0048
28-Sep-18,6636.0000,-0.0079
27-Sep-18,6689.2000,0.0342
26-Sep-18,6468.1000,0.0036
25-Sep-18,6445.1000,-0.0211
24-Sep-18,6584.1000,-0.0179
23-Sep-18,6704.1000,-0.0038
22-Sep-18,6729.6000,-0.0055
21-Sep-18,6766.7000,0.0428
20-Sep-18,6489.2000,0.0155
19-Sep-18,6390.4000,0.0076
18-Sep-18,6342.0000,0.0144
17-Sep-18,6251.9000,-0.0382
16-Sep-18,6500.2000,-0.0029
15-Sep-18,6519.0000,0.0054
14-Sep-18,6483.7000,0.0001
13-Sep-18,6482.9000,0.0229
12-Sep-18,6338.0000,0.007
11-Sep-18,6293.9000,-0.0043
10-Sep-18,6321.0000,0.0132
9-Sep-18,6238.5000,0.0088
8-Sep-18,6184.3000,-0.0323
7-Sep-18,6390.9000,-0.0189
6-Sep-18,6514.0000,-0.0287
5-Sep-18,6706.8000,-0.0909
4-Sep-18,7377.5000,0.0156
3-Sep-18,7264.2000,-0.0041
2-Sep-18,7293.9000,0.0145
1-Sep-18,7189.6000,0.0221
31-Aug-18,7033.8000,0.0057
30-Aug-18,6993.7000,-0.005
29-Aug-18,7029.1000,-0.0064
28-Aug-18,7074.6000,0.0257
27-Aug-18,6897.6000,0.0275
26-Aug-18,6712.7000,-0.0033
25-Aug-18,6734.8000,0.0081
24-Aug-18,6680.4000,0.0244
23-Aug-18,6521.2000,0.0254
22-Aug-18,6359.6000,-0.0189
21-Aug-18,6482.2000,0.0341
20-Aug-18,6268.1000,-0.0329
19-Aug-18,6481.5000,0.0161
18-Aug-18,6379.1000,-0.0308
17-Aug-18,6581.7000,0.0436
16-Aug-18,6306.7000,0.008
15-Aug-18,6256.9000,0.0108
14-Aug-18,6190.2000,-0.0104
13-Aug-18,6255.3000,-0.0091
12-Aug-18,6313.0000,0.0131
11-Aug-18,6231.6000,0.0129
10-Aug-18,6152.3000,-0.0591
9-Aug-18,6538.8000,0.0406
8-Aug-18,6283.6000,-0.0656
7-Aug-18,6724.9000,-0.0315
6-Aug-18,6943.6000,-0.0119
5-Aug-18,7027.1000,0.0018
4-Aug-18,7014.3000,-0.0546
3-Aug-18,7419.0000,-0.0155
2-Aug-18,7535.6000,-0.0093
1-Aug-18,7606.4000,-0.0159
31-Jul-18,7729.4000,-0.0548
30-Jul-18,8177.1000,-0.0047
29-Jul-18,8215.6000,-0.0022
28-Jul-18,8234.1000,0.0057
27-Jul-18,8187.4000,0.0315
26-Jul-18,7937.0000,-0.029
25-Jul-18,8173.7000,-0.0278
24-Jul-18,8407.0000,0.0886
23-Jul-18,7723.0000,0.0419
22-Jul-18,7412.3000,0.0005
21-Jul-18,7408.7000,0.0095
20-Jul-18,7339.4000,-0.0185
19-Jul-18,7477.5000,0.0127
18-Jul-18,7383.6000,0.0084
17-Jul-18,7322.0000,0.088
16-Jul-18,6729.9000,0.0577
15-Jul-18,6362.9000,0.0173
14-Jul-18,6254.8000,0.004
13-Jul-18,6230.2000,-0.0033
12-Jul-18,6250.6000,-0.0217
11-Jul-18,6389.1000,0.013
10-Jul-18,6307.2000,-0.054
9-Jul-18,6667.1000,-0.0071
8-Jul-18,6714.8000,-0.0075
7-Jul-18,6765.5000,0.0223
6-Jul-18,6617.7000,0.0109
5-Jul-18,6546.5000,-0.0079
4-Jul-18,6598.4000,0.013
3-Jul-18,6513.5000,-0.016
2-Jul-18,6619.5000,0.0397
1-Jul-18,6366.8000,-0.005
30-Jun-18,6398.9000,0.0299
29-Jun-18,6213.3000,0.0561
28-Jun-18,5883.5000,-0.0441
27-Jun-18,6154.9000,0.012
26-Jun-18,6082.1000,-0.0279
25-Jun-18,6256.6000,0.0166
24-Jun-18,6154.6000,-0.0021
23-Jun-18,6167.3000,0.0184
22-Jun-18,6055.7000,-0.0999
21-Jun-18,6728.0000,-0.0055
20-Jun-18,6765.4000,0.0019
19-Jun-18,6752.4000,0.0049
18-Jun-18,6719.8000,0.0402
17-Jun-18,6460.3000,-0.007
16-Jun-18,6505.8000,0.0149
15-Jun-18,6410.3000,-0.0356
14-Jun-18,6647.1000,0.053
13-Jun-18,6312.3000,-0.0375
12-Jun-18,6558.2000,-0.0476
11-Jun-18,6885.9000,0.0164
10-Jun-18,6775.1000,-0.0985
9-Jun-18,7515.8000,-0.014
8-Jun-18,7622.1000,-0.0098
7-Jun-18,7697.8000,0.0048
6-Jun-18,7661.0000,0.0039
5-Jun-18,7631.5000,0.0169
4-Jun-18,7504.3000,-0.0291
3-Jun-18,7729.3000,0.0108
2-Jun-18,7646.6000,0.0154
1-Jun-18,7530.8000,0.0038
31-May-18,7502.6000,0.0139
30-May-18,7400.1000,-0.0091
29-May-18,7467.7000,0.0489
28-May-18,7119.3000,-0.0336
27-May-18,7366.7000,0.0007
26-May-18,7361.3000,-0.0156
25-May-18,7477.7000,-0.0152
24-May-18,7592.9000,0.0107
23-May-18,7512.3000,-0.0617
22-May-18,8006.0000,-0.0473
21-May-18,8403.3000,-0.0147
20-May-18,8529.0000,0.0344
19-May-18,8245.1000,-0.0001
18-May-18,8245.7000,0.0227
17-May-18,8063.0000,-0.0337
16-May-18,8344.4000,-0.0156
15-May-18,8477.0000,-0.0227
14-May-18,8674.1000,-0.0022
13-May-18,8693.5000,0.0277
12-May-18,8459.5000,0.0061
11-May-18,8408.3000,-0.0684
10-May-18,9025.7000,-0.0315
9-May-18,9319.1000,0.0133
8-May-18,9196.4000,-0.0249
7-May-18,9431.6000,-0.0233
6-May-18,9656.4000,-0.02
5-May-18,9853.5000,0.0149
4-May-18,9708.6000,-0.0042
3-May-18,9749.7000,0.0548
2-May-18,9243.2000,0.0185
1-May-18,9074.9000,-0.0184
30-Apr-18,9245.1000,-0.018
29-Apr-18,9415.1000,0.0067
28-Apr-18,9352.4000,0.046
27-Apr-18,8940.9000,-0.0373
26-Apr-18,9287.0000,0.0467
25-Apr-18,8873.1000,-0.0801
24-Apr-18,9645.3000,0.0773
23-Apr-18,8952.8000,0.0166
22-Apr-18,8806.7000,-0.013
21-Apr-18,8923.1000,0.0063
20-Apr-18,8867.0000,0.0695
19-Apr-18,8290.8000,0.0137
18-Apr-18,8178.4000,0.0341
17-Apr-18,7908.6000,-0.02
16-Apr-18,8070.0000,-0.0351
15-Apr-18,8363.6000,0.0449
14-Apr-18,8004.4000,0.0148
13-Apr-18,7887.4000,-0.0049
12-Apr-18,7926.6000,0.1385
11-Apr-18,6962.1000,0.0156
10-Apr-18,6854.8000,0.0108
9-Apr-18,6781.9000,-0.0354
8-Apr-18,7030.5000,0.0181
7-Apr-18,6905.7000,0.0425
6-Apr-18,6624.3000,-0.0233
5-Apr-18,6782.0000,-0.004
4-Apr-18,6808.9000,-0.0829
3-Apr-18,7424.2000,0.0503
2-Apr-18,7068.4000,0.0356
1-Apr-18,6825.2000,-0.0163
31-Mar-18,6938.2000,0.0123
30-Mar-18,6853.7000,-0.0386
29-Mar-18,7129.2000,-0.1038
28-Mar-18,7954.9000,0.0196
27-Mar-18,7801.7000,-0.042
26-Mar-18,8143.5000,-0.0389
25-Mar-18,8473.2000,-0.0087
24-Mar-18,8547.4000,-0.0414
23-Mar-18,8916.8000,0.0218
22-Mar-18,8726.2000,-0.0202
21-Mar-18,8905.9000,-0.0008
20-Mar-18,8912.6000,0.0343
19-Mar-18,8616.8000,0.0507
18-Mar-18,8201.2000,0.0414
17-Mar-18,7874.9000,-0.05
16-Mar-18,8289.2000,0.003
15-Mar-18,8264.4000,0.0066
14-Mar-18,8210.6000,-0.1032
13-Mar-18,9154.9000,0.0019
12-Mar-18,9137.4000,-0.0412
11-Mar-18,9529.6000,0.0876
10-Mar-18,8762.0000,-0.0494
9-Mar-18,9217.0000,-0.0089
8-Mar-18,9300.0000,-0.0609
7-Mar-18,9902.9000,-0.0723
6-Mar-18,10675.1000,-0.0578
5-Mar-18,11330.6000,-0.0075
4-Mar-18,11416.5000,0.0012
3-Mar-18,11402.3000,0.0531
2-Mar-18,10827.7000,-0.007
1-Mar-18,10904.5000,0.0552
28-Feb-18,10333.9000,-0.0246
27-Feb-18,10594.4000,0.0301
26-Feb-18,10285.1000,0.073
25-Feb-18,9585.2000,-0.0123
24-Feb-18,9704.3000,-0.0458
23-Feb-18,10170.4000,0.0334
22-Feb-18,9841.7000,-0.0603
21-Feb-18,10473.0000,-0.0681
20-Feb-18,11238.7000,0.0062
19-Feb-18,11169.4000,0.0741
18-Feb-18,10398.8000,-0.0609
17-Feb-18,11073.5000,0.0879
16-Feb-18,10178.7000,0.0141
15-Feb-18,10037.3000,0.0592
14-Feb-18,9476.3000,0.1097
13-Feb-18,8539.2000,-0.0409
12-Feb-18,8903.5000,0.1017
11-Feb-18,8081.9000,-0.0558
10-Feb-18,8559.6000,-0.0161
9-Feb-18,8699.8000,0.0656
8-Feb-18,8164.2000,0.075
7-Feb-18,7594.7000,-0.0138
6-Feb-18,7701.2000,0.1099
5-Feb-18,6938.5000,-0.1561
4-Feb-18,8222.2000,-0.1103
3-Feb-18,9241.1000,0.0391
2-Feb-18,8893.2000,-0.0314
1-Feb-18,9181.1000,-0.1056
31-Jan-18,10265.4000,0.0098
30-Jan-18,10166.0000,-0.0959
29-Jan-18,11244.8000,-0.0467
28-Jan-18,11795.1000,0.0286
27-Jan-18,11467.5000,0.0314
26-Jan-18,11118.1000,-0.0076
25-Jan-18,11203.0000,-0.0218
24-Jan-18,11452.3000,0.0504
23-Jan-18,10903.2000,0.0035
22-Jan-18,10864.8000,-0.063
21-Jan-18,11594.9000,-0.0983
20-Jan-18,12858.9000,0.1104
19-Jan-18,11580.2000,0.0298
18-Jan-18,11245.4000,0.0047
17-Jan-18,11192.3000,-0.0149
16-Jan-18,11362.0000,-0.1705
15-Jan-18,13697.5000,0.0002
14-Jan-18,13695.2000,-0.0418
13-Jan-18,14292.2000,0.0292
12-Jan-18,13886.7000,0.026
11-Jan-18,13535.4000,-0.1002
10-Jan-18,15043.0000,0.0179
9-Jan-18,14778.5000,-0.0132
8-Jan-18,14976.2000,-0.0771
7-Jan-18,16228.2000,-0.055
6-Jan-18,17172.3000,0.0128
5-Jan-18,16954.8000,0.1169
4-Jan-18,15180.1000,0.0015
3-Jan-18,15156.6000,0.0273
2-Jan-18,14754.1000,0.0974
1-Jan-18,13444.9000,-0.0293
31-Dec-17,13850.4000,0.1052
30-Dec-17,12531.5000,-0.1293
29-Dec-17,14392.6000,-0.0004
28-Dec-17,14398.7000,-0.066
27-Dec-17,15416.6000,-0.0216
26-Dec-17,15756.6000,0.139
25-Dec-17,13833.5000,0.0032
24-Dec-17,13790.0000,-0.0421
23-Dec-17,14396.5000,0.0535
22-Dec-17,13665.0000,-0.1258
21-Dec-17,15632.1000,-0.0504
20-Dec-17,16462.0000,-0.0606
19-Dec-17,17523.7000,-0.0764
18-Dec-17,18972.3000,-0.0049
17-Dec-17,19065.7000,-0.0145
16-Dec-17,19345.5000,0.0989
15-Dec-17,17604.8000,0.069
14-Dec-17,16467.9000,0.0111
13-Dec-17,16286.8000,-0.0467
12-Dec-17,17083.9000,0.021
11-Dec-17,16732.5000,0.1111
10-Dec-17,15059.6000,0.0146
9-Dec-17,14843.4000,-0.075
8-Dec-17,16047.6000,-0.0476
7-Dec-17,16850.3000,0.2255
6-Dec-17,13749.6000,0.1785
5-Dec-17,11667.1000,0.0037
4-Dec-17,11623.9000,0.0336
3-Dec-17,11246.2000,0.0306
2-Dec-17,10912.7000,0.0047
1-Dec-17,10861.5000,0.092
30-Nov-17,9946.8000,0.0111
29-Nov-17,9837.9000,-0.0069
28-Nov-17,9906.0000,0.0178
27-Nov-17,9733.2000,0.0445
26-Nov-17,9318.4000,0.0644
25-Nov-17,8754.7000,0.0675
24-Nov-17,8200.8000,0.0234
23-Nov-17,8013.4000,-0.0269
22-Nov-17,8234.5000,0.0166
21-Nov-17,8100.0000,-0.0176
20-Nov-17,8244.7000,0.0251
19-Nov-17,8042.6000,0.0336
18-Nov-17,7780.9000,0.0105
17-Nov-17,7700.0000,-0.0196
16-Nov-17,7853.7000,0.0783
15-Nov-17,7283.2000,0.104
14-Nov-17,6597.1000,0.0114
13-Nov-17,6522.5000,0.1096
12-Nov-17,5878.1000,-0.0728
11-Nov-17,6339.9000,-0.0344
10-Nov-17,6565.8000,-0.0791
9-Nov-17,7129.6000,-0.0423
8-Nov-17,7444.4000,0.0481
7-Nov-17,7102.8000,0.0206
6-Nov-17,6959.2000,-0.0582
5-Nov-17,7389.5000,0.0035
4-Nov-17,7363.8000,0.0296
3-Nov-17,7152.1000,0.0181
2-Nov-17,7024.8000,0.0426
1-Nov-17,6737.8000,0.0444
31-Oct-17,6451.2000,0.0534
30-Oct-17,6124.3000,-0.0038
29-Oct-17,6147.5000,0.0735
28-Oct-17,5726.6000,-0.0066
27-Oct-17,5764.6000,-0.0209
26-Oct-17,5887.6000,0.0268
25-Oct-17,5734.0000,0.0401
24-Oct-17,5513.1000,-0.0662
23-Oct-17,5903.6000,-0.0132
22-Oct-17,5982.9000,-0.004
21-Oct-17,6006.6000,0.0023
20-Oct-17,5993.1000,0.0517
19-Oct-17,5698.6000,0.022
18-Oct-17,5575.8000,-0.0041
17-Oct-17,5598.6000,-0.0279
16-Oct-17,5759.3000,0.0125
15-Oct-17,5688.1000,-0.0234
14-Oct-17,5824.7000,0.0333
13-Oct-17,5637.3000,0.0377
12-Oct-17,5432.6000,0.1261
11-Oct-17,4824.2000,0.0128
10-Oct-17,4763.4000,-0.003
9-Oct-17,4777.5000,0.0359
8-Oct-17,4611.7000,0.0397
7-Oct-17,4435.8000,0.0146
6-Oct-17,4371.9000,0.0117
5-Oct-17,4321.4000,0.0244
4-Oct-17,4218.7000,-0.0221
3-Oct-17,4314.2000,-0.0198
2-Oct-17,4401.3000,-0.0004
1-Oct-17,4403.1000,0.0097
30-Sep-17,4360.6000,0.045
29-Sep-17,4172.8000,-0.0054
28-Sep-17,4195.6000,-0.0039
27-Sep-17,4212.2000,0.0821
26-Sep-17,3892.7000,-0.0102
25-Sep-17,3932.8000,0.0723
24-Sep-17,3667.5000,-0.0318
23-Sep-17,3788.0000,0.052
22-Sep-17,3600.8000,-0.0045
21-Sep-17,3617.3000,-0.0682
20-Sep-17,3882.2000,-0.0066
19-Sep-17,3908.0000,-0.0469
18-Sep-17,4100.3000,0.1113
17-Sep-17,3689.6000,-0.0025
16-Sep-17,3698.9000,-0.004
15-Sep-17,3713.8000,0.1451
14-Sep-17,3243.1000,-0.1621
13-Sep-17,3870.3000,-0.0694
12-Sep-17,4158.9000,-0.014
11-Sep-17,4217.9000,-0.0066
10-Sep-17,4245.9000,-0.0206
9-Sep-17,4335.1000,0.002
8-Sep-17,4326.5000,-0.0667
7-Sep-17,4635.6000,0.0037
6-Sep-17,4618.7000,0.0475
5-Sep-17,4409.1000,0.0332
4-Sep-17,4267.5000,-0.0749
3-Sep-17,4612.9000,0.0086
2-Sep-17,4573.8000,-0.0707
1-Sep-17,4921.9000,0.0394
31-Aug-17,4735.1000,0.0332
30-Aug-17,4583.0000,-0.0031
29-Aug-17,4597.3000,0.0471
28-Aug-17,4390.3000,0.0103
27-Aug-17,4345.8000,-0.0015
26-Aug-17,4352.3000,-0.0028
25-Aug-17,4364.4000,0.0107
24-Aug-17,4318.4000,0.0428
23-Aug-17,4141.1000,0.0126
22-Aug-17,4089.7000,0.0211
21-Aug-17,4005.1000,-0.0151
20-Aug-17,4066.6000,-0.0202
19-Aug-17,4150.5000,0.011
18-Aug-17,4105.4000,-0.0406
17-Aug-17,4278.9000,-0.0247
16-Aug-17,4387.4000,0.0542
15-Aug-17,4161.7000,-0.0384
14-Aug-17,4327.9000,0.0653
13-Aug-17,4062.6000,0.0493
12-Aug-17,3871.6000,0.0594
11-Aug-17,3654.4000,0.0668
10-Aug-17,3425.7000,0.023
9-Aug-17,3348.8000,-0.0235
8-Aug-17,3429.4000,0.0081
7-Aug-17,3401.9000,0.0526
6-Aug-17,3232.0000,-0.0094
5-Aug-17,3262.8000,0.1335
4-Aug-17,2878.5000,0.0244
3-Aug-17,2810.0000,0.0329
2-Aug-17,2720.5000,-0.0096
1-Aug-17,2747.0000,-0.0473
31-Jul-17,2883.3000,0.0422
30-Jul-17,2766.5000,0.0121
29-Jul-17,2733.5000,-0.0261
28-Jul-17,2806.8000,0.0427
27-Jul-17,2691.9000,0.0518
26-Jul-17,2559.2000,-0.009
25-Jul-17,2582.6000,-0.0654
24-Jul-17,2763.4000,0.0025
23-Jul-17,2756.6000,-0.0282
22-Jul-17,2836.5000,0.0604
21-Jul-17,2675.1000,-0.0666
20-Jul-17,2866.0000,0.2556
19-Jul-17,2282.6000,-0.0162
18-Jul-17,2320.2000,0.0389
17-Jul-17,2233.4000,0.1668
16-Jul-17,1914.1000,-0.0309
15-Jul-17,1975.1000,-0.116
14-Jul-17,2234.2000,-0.0543
13-Jul-17,2362.4000,-0.0169
12-Jul-17,2403.1000,0.0339
11-Jul-17,2324.3000,-0.0084
10-Jul-17,2344.0000,-0.0667
9-Jul-17,2511.4000,-0.0208
8-Jul-17,2564.9000,0.0203
7-Jul-17,2513.9000,-0.0384
6-Jul-17,2614.2000,-0.0052
5-Jul-17,2627.9000,0.004
4-Jul-17,2617.3000,0.0174
3-Jul-17,2572.5000,0.0142
2-Jul-17,2536.5000,0.0461
1-Jul-17,2424.6000,-0.0226
30-Jun-17,2480.6000,-0.0304
29-Jun-17,2558.4000,-0.0075
28-Jun-17,2577.7000,-0.0023
27-Jun-17,2583.8000,0.0563
26-Jun-17,2446.1000,-0.0376
25-Jun-17,2541.6000,-0.0187
24-Jun-17,2590.1000,-0.0444
23-Jun-17,2710.4000,-0.0046
22-Jun-17,2722.8000,0.0169
21-Jun-17,2677.6000,-0.0279
20-Jun-17,2754.4000,0.0526
19-Jun-17,2616.8000,0.0304
18-Jun-17,2539.6000,-0.0435
17-Jun-17,2655.1000,0.0584
16-Jun-17,2508.6000,0.0271
15-Jun-17,2442.5000,-0.0101
14-Jun-17,2467.3000,-0.0906
13-Jun-17,2713.0000,0.0212
12-Jun-17,2656.8000,-0.1065
11-Jun-17,2973.4000,0.0252
10-Jun-17,2900.3000,0.0316
9-Jun-17,2811.4000,0.0045
8-Jun-17,2798.8000,0.0399
7-Jun-17,2691.5000,-0.0624
6-Jun-17,2870.5000,0.0612
5-Jun-17,2705.0000,0.0717
4-Jun-17,2524.1000,-0.0084
3-Jun-17,2545.4000,0.0212
2-Jun-17,2492.6000,0.0331
1-Jun-17,2412.6000,0.0475
31-May-17,2303.3000,0.0505
30-May-17,2192.6000,-0.0376
29-May-17,2278.2000,0.0407
28-May-17,2189.0000,0.0666
27-May-17,2052.4000,-0.0857
26-May-17,2244.9000,-0.027
25-May-17,2307.2000,-0.0565
24-May-17,2445.3000,0.076
23-May-17,2272.6000,0.0697
22-May-17,2124.4000,0.0392
21-May-17,2044.2000,0.002
20-May-17,2040.2000,0.0398
19-May-17,1962.0000,0.0431
18-May-17,1881.0000,0.0442
17-May-17,1801.3000,0.0416
16-May-17,1729.3000,0.0119
15-May-17,1708.9000,-0.0359
14-May-17,1772.6000,0.005
13-May-17,1763.7000,0.0459
12-May-17,1686.4000,-0.0731
11-May-17,1819.3000,0.0382
10-May-17,1752.3000,0.0323
9-May-17,1697.5000,0.0198
8-May-17,1664.5000,0.0708
7-May-17,1554.4000,0.0059
6-May-17,1545.3000,0.0249
5-May-17,1507.8000,-0.0059
4-May-17,1516.8000,0.021
3-May-17,1485.6000,0.0274
2-May-17,1445.9000,0.0213
1-May-17,1415.8000,0.0473
30-Apr-17,1351.9000,0.0117
29-Apr-17,1336.3000,0.005
28-Apr-17,1329.6000,-0.0025
27-Apr-17,1332.9000,0.036
26-Apr-17,1286.6000,0.0177
25-Apr-17,1264.3000,0.0129
24-Apr-17,1248.2000,-0.0008
23-Apr-17,1249.1000,0.0066
22-Apr-17,1240.9000,-0.007
21-Apr-17,1249.6000,0.0093
20-Apr-17,1238.1000,0.0188
19-Apr-17,1215.2000,0.0076
18-Apr-17,1206.1000,0.0101
17-Apr-17,1194.0000,0.0146
16-Apr-17,1176.8000,-0.0002
15-Apr-17,1177.0000,-0.0003
14-Apr-17,1177.3000,0.001
13-Apr-17,1176.2000,-0.03
12-Apr-17,1212.5000,-0.0067
11-Apr-17,1220.7000,0.0116
10-Apr-17,1206.7000,0.002
9-Apr-17,1204.3000,0.02
8-Apr-17,1180.8000,-0.0082
7-Apr-17,1190.5000,0.0015
6-Apr-17,1188.7000,0.0521
5-Apr-17,1129.9000,-0.0104
4-Apr-17,1141.8000,-0.005
3-Apr-17,1147.6000,0.0457
2-Apr-17,1097.4000,0.0104
1-Apr-17,1086.1000,0.0065
31-Mar-17,1079.1000,0.0397
30-Mar-17,1037.9000,-0.0038
29-Mar-17,1041.9000,-0.0024
28-Mar-17,1044.4000,-0.0007
27-Mar-17,1045.1000,0.0781
26-Mar-17,969.4000,0.0032
25-Mar-17,966.3000,0.0283
24-Mar-17,939.7000,-0.0921
23-Mar-17,1035.0000,-0.0093
22-Mar-17,1044.7000,-0.0683
21-Mar-17,1121.3000,0.0704
20-Mar-17,1047.5000,0.0244
19-Mar-17,1022.6000,0.0527
18-Mar-17,971.4000,-0.0936
17-Mar-17,1071.7000,-0.0863
16-Mar-17,1172.9000,-0.0643
15-Mar-17,1253.4000,0.0083
14-Mar-17,1243.1000,0.004
13-Mar-17,1238.2000,0.0107
12-Mar-17,1225.1000,0.0389
11-Mar-17,1179.2000,0.0601
10-Mar-17,1112.4000,-0.0663
9-Mar-17,1191.3000,0.0387
8-Mar-17,1147.0000,-0.0695
7-Mar-17,1232.7000,-0.0347
6-Mar-17,1277.0000,0.0046
5-Mar-17,1271.2000,0.0055
4-Mar-17,1264.3000,-0.0148
3-Mar-17,1283.3000,0.0222
2-Mar-17,1255.5000,0.0268
1-Mar-17,1222.7000,0.0281
28-Feb-17,1189.3000,0.0004
27-Feb-17,1188.8000,0.0147
26-Feb-17,1171.6000,0.0196
25-Feb-17,1149.1000,-0.0233
24-Feb-17,1176.5000,0.0039
23-Feb-17,1171.9000,0.0459
22-Feb-17,1120.5000,0.0013
21-Feb-17,1119.0000,0.0385
20-Feb-17,1077.6000,0.0273
19-Feb-17,1048.9000,-0.0032
18-Feb-17,1052.3000,0.0027
17-Feb-17,1049.4000,0.0169
16-Feb-17,1031.9000,0.0235
15-Feb-17,1008.2000,-0.0001
14-Feb-17,1008.3000,0.013
13-Feb-17,995.4000,-0.0012
12-Feb-17,996.5000,-0.0117
11-Feb-17,1008.3000,0.0107
10-Feb-17,997.6000,0.0191
9-Feb-17,979.0000,-0.0725
8-Feb-17,1055.5000,0.0056
7-Feb-17,1049.6000,0.0243
6-Feb-17,1024.7000,0.0084
5-Feb-17,1016.1000,-0.0153
4-Feb-17,1031.8000,0.0186
3-Feb-17,1013.0000,0.009
2-Feb-17,1004.0000,0.0219
1-Feb-17,982.4000,0.0175
31-Jan-17,965.5000,0.0486
30-Jan-17,920.7000,0.0068
29-Jan-17,914.5000,-0.0043
28-Jan-17,918.5000,0.0005
27-Jan-17,918.0000,0.0027
26-Jan-17,915.6000,0.0236
25-Jan-17,894.4000,0.0007
24-Jan-17,893.8000,-0.0301
23-Jan-17,921.5000,0.0029
22-Jan-17,918.8000,-0.0011
21-Jan-17,919.8000,0.0302
20-Jan-17,892.9000,-0.0026
19-Jan-17,895.2000,0.0266
18-Jan-17,872.0000,-0.0307
17-Jan-17,899.7000,0.0874
16-Jan-17,827.3000,0.0075
15-Jan-17,821.2000,0.0019
14-Jan-17,819.6000,-0.0063
13-Jan-17,824.8000,0.0182
12-Jan-17,810.1000,0.0314
11-Jan-17,785.4000,-0.1315
10-Jan-17,904.4000,0.0051
9-Jan-17,899.8000,-0.0012
8-Jan-17,900.9000,0.0135
7-Jan-17,888.9000,0.0031
6-Jan-17,886.2000,-0.1043
5-Jan-17,989.3000,-0.1286
4-Jan-17,1135.4000,0.0988
3-Jan-17,1033.3000,0.016
2-Jan-17,1017.0000,0.0217
1-Jan-17,995.4000,0.0333
31-Dec-16,963.4000,0.0045
30-Dec-16,959.0000,-0.0124
29-Dec-16,971.1000,-0.0011
28-Dec-16,972.2000,0.0501
27-Dec-16,925.8000,0.0305
26-Dec-16,898.4000,0.0082
25-Dec-16,891.1000,0
24-Dec-16,891.1000,-0.0285
23-Dec-16,917.2000,0.0663
22-Dec-16,860.2000,0.0373
21-Dec-16,829.2000,0.0377
20-Dec-16,799.1000,0.0118
19-Dec-16,789.8000,0.001
18-Dec-16,789.0000,0.0023
17-Dec-16,787.2000,0.0065
16-Dec-16,782.0000,0.0088
15-Dec-16,775.2000,-0.0017
14-Dec-16,776.5000,-0.0029
13-Dec-16,778.7000,0.0003
12-Dec-16,778.5000,0.0138
11-Dec-16,767.9000,-0.0079
10-Dec-16,774.0000,0.0046
9-Dec-16,770.5000,0.0026
8-Dec-16,768.5000,0.0038
7-Dec-16,765.6000,0.0097
6-Dec-16,758.2000,0.0051
5-Dec-16,754.3000,-0.0157
4-Dec-16,766.4000,0.0028
3-Dec-16,764.2000,-0.0087
2-Dec-16,770.9000,0.0243
1-Dec-16,752.6000,0.0137
30-Nov-16,742.5000,0.0136
29-Nov-16,732.6000,-0.001
28-Nov-16,733.3000,0.0053
27-Nov-16,729.4000,-0.0064
26-Nov-16,734.1000,-0.0084
25-Nov-16,740.4000,0.0069
24-Nov-16,735.3000,-0.0078
23-Nov-16,741.1000,-0.011
22-Nov-16,749.3000,0.0179
21-Nov-16,736.2000,0.0105
20-Nov-16,728.5000,-0.0259
19-Nov-16,747.9000,0.0012
18-Nov-16,747.0000,0.0128
17-Nov-16,737.5000,-0.0037
16-Nov-16,740.3000,0.041
15-Nov-16,711.1000,0.0093
14-Nov-16,704.6000,0.0037
13-Nov-16,702.0000,-0.0033
12-Nov-16,704.3000,-0.015
11-Nov-16,715.0000,0.0006
10-Nov-16,714.6000,-0.0095
9-Nov-16,721.4000,0.0148
8-Nov-16,710.9000,0.0078
7-Nov-16,705.4000,-0.0064
6-Nov-16,709.9000,0.0111
5-Nov-16,702.1000,0
4-Nov-16,702.1000,0.0251
3-Nov-16,684.9000,-0.0663
2-Nov-16,733.5000,0.0093
1-Nov-16,726.8000,0.0402
31-Oct-16,698.7000,0.002
30-Oct-16,697.3000,-0.0247
29-Oct-16,715.0000,0.0418
28-Oct-16,686.2000,0.0058
27-Oct-16,682.3000,0.0113
26-Oct-16,674.7000,0.0364
25-Oct-16,651.0000,0.0008
24-Oct-16,650.5000,-0.0039
23-Oct-16,653.0000,-0.0037
22-Oct-16,655.5000,0.0397
21-Oct-16,630.5000,0.0034
20-Oct-16,628.3000,-0.0011
19-Oct-16,629.1000,-0.0099
18-Oct-16,635.3000,-0.0032
17-Oct-16,637.4000,-0.0043
16-Oct-16,640.1000,0.0049
15-Oct-16,637.0000,-0.0014
14-Oct-16,637.9000,0.0037
13-Oct-16,635.6000,-0.0006
12-Oct-16,636.0000,-0.007
11-Oct-16,640.5000,0.0375
10-Oct-16,617.3000,0.0025
9-Oct-16,615.8000,-0.003
8-Oct-16,617.7000,0.0026
7-Oct-16,616.0000,0.0083
6-Oct-16,611.0000,-0.0014
5-Oct-16,611.8000,0.0047
4-Oct-16,609.0000,-0.0043
3-Oct-16,611.6000,0.0015
2-Oct-16,610.7000,-0.0044
1-Oct-16,613.4000,0.0087
30-Sep-16,608.1000,0.0057
29-Sep-16,604.7000,0
28-Sep-16,604.7000,-0.0013
27-Sep-16,605.5000,-0.0018
26-Sep-16,606.5000,0.0084
25-Sep-16,601.5000,-0.0018
24-Sep-16,602.6000,-0.0005
23-Sep-16,602.9000,0.0122
22-Sep-16,595.6000,-0.0026
21-Sep-16,597.2000,-0.0198
20-Sep-16,609.2000,-0.001
19-Sep-16,609.8000,-0.0014
18-Sep-16,610.7000,0.006
17-Sep-16,607.1000,-0.0012
16-Sep-16,607.8000,-0.0005
15-Sep-16,608.1000,-0.0023
14-Sep-16,609.5000,0.0015
13-Sep-16,608.6000,0.001
12-Sep-16,608.0000,0.0039
11-Sep-16,605.6000,-0.0303
10-Sep-16,624.5000,0.0022
9-Sep-16,623.2000,-0.0039
8-Sep-16,625.6000,0.0202
7-Sep-16,613.2000,0.0045
6-Sep-16,610.4000,0.0077
5-Sep-16,605.8000,-0.0062
4-Sep-16,609.5000,0.0179
3-Sep-16,598.8000,0.0409
2-Sep-16,575.3000,0.0058
1-Sep-16,572.0000,-0.0033
31-Aug-16,573.9000,-0.006
30-Aug-16,577.3000,0.0054
29-Aug-16,574.2000,-0.0013
28-Aug-16,575.0000,0.0081
27-Aug-16,570.3000,-0.0156
26-Aug-16,579.4000,0.0024
25-Aug-16,578.0000,-0.0029
24-Aug-16,579.7000,-0.0067
23-Aug-16,583.6000,-0.0067
22-Aug-16,587.5000,0.0117
21-Aug-16,580.7000,-0.0033
20-Aug-16,582.6000,0.014
19-Aug-16,574.6000,0.002
18-Aug-16,573.4000,0.0018
17-Aug-16,572.3000,-0.0135
16-Aug-16,580.2000,0.0234
15-Aug-16,567.0000,-0.0037
14-Aug-16,569.1000,-0.0266
13-Aug-16,584.6000,-0.0043
12-Aug-16,587.1000,-0.0012
11-Aug-16,587.8000,-0.0052
10-Aug-16,590.9000,0.0097
9-Aug-16,585.3000,-0.0068
8-Aug-16,589.2000,-0.0027
7-Aug-16,590.8000,0.0075
6-Aug-16,586.5000,0.0205
5-Aug-16,574.7000,-0.0027
4-Aug-16,576.2000,0.0173
3-Aug-16,566.4000,0.1032
2-Aug-16,513.4000,-0.1542
1-Aug-16,607.0000,-0.0239
31-Jul-16,621.9000,-0.0502
30-Jul-16,654.7000,-0.0011
29-Jul-16,655.4000,0.002
28-Jul-16,654.1000,-0.0006
27-Jul-16,654.5000,0.0002
26-Jul-16,654.4000,0.0006
25-Jul-16,654.0000,-0.008
24-Jul-16,659.3000,0.0063
23-Jul-16,655.2000,0.0062
22-Jul-16,651.1000,-0.0203
21-Jul-16,664.6000,0.0003
20-Jul-16,664.4000,-0.01
19-Jul-16,671.1000,0.0011
18-Jul-16,670.4000,-0.0088
17-Jul-16,676.3000,0.0237
16-Jul-16,660.7000,-0.0053
15-Jul-16,664.2000,0.0106
14-Jul-16,657.3000,-0.0059
13-Jul-16,661.2000,-0.014
12-Jul-16,670.6000,0.0369
11-Jul-16,646.7000,-0.0006
10-Jul-16,647.1000,-0.0072
9-Jul-16,651.8000,-0.0165
8-Jul-16,662.8000,0.0433
7-Jul-16,635.3000,-0.0557
6-Jul-16,672.7000,0.0136
5-Jul-16,663.7000,-0.017
4-Jul-16,675.2000,0.0204
3-Jul-16,661.6000,-0.0522
2-Jul-16,698.1000,0.0348
1-Jul-16,674.6000,0.0068
30-Jun-16,670.0000,0.0526
29-Jun-16,636.5000,-0.0129
28-Jun-16,644.9000,0.0004
27-Jun-16,644.7000,0.0308
26-Jun-16,625.4000,-0.0574
25-Jun-16,663.5000,0.0101
24-Jun-16,656.9000,0.0581
23-Jun-16,620.8000,0.0513
22-Jun-16,590.6000,-0.1151
21-Jun-16,667.4000,-0.0907
20-Jun-16,734.0000,-0.0356
19-Jun-16,761.0000,0.0096
18-Jun-16,753.8000,0.0133
17-Jun-16,743.9000,-0.0227
16-Jun-16,761.2000,0.102
15-Jun-16,690.8000,0.0082
14-Jun-16,685.1000,-0.0213
13-Jun-16,700.1000,0.0503
12-Jun-16,666.5000,0.1267
11-Jun-16,591.6000,0.0237
10-Jun-16,577.9000,0.0056
9-Jun-16,574.7000,-0.01
8-Jun-16,580.5000,0.0086
7-Jun-16,575.6000,-0.0137
6-Jun-16,583.6000,0.0151
5-Jun-16,574.9000,0.0052
4-Jun-16,572.0000,0.0087
3-Jun-16,567.0000,0.0557
2-Jun-16,537.1000,-0.0006
1-Jun-16,537.4000,0.016
31-May-16,528.9000,-0.0063
30-May-16,532.3000,0.0314
29-May-16,516.0000,-0.0156
28-May-16,524.2000,0.1058
27-May-16,474.0000,0.0458
26-May-16,453.3000,0.0078
25-May-16,449.8000,0.0082
24-May-16,446.1000,0.0055
23-May-16,443.7000,0.0093
22-May-16,439.6000,-0.0091
21-May-16,443.6000,0.0035
20-May-16,442.1000,-0.0012
19-May-16,442.7000,-0.0255
18-May-16,454.2000,0.0021
17-May-16,453.3000,-0.0036
16-May-16,454.9000,-0.0071
15-May-16,458.1000,0.0037
14-May-16,456.4000,0.0023
13-May-16,455.4000,0.0022
12-May-16,454.4000,0.0043
11-May-16,452.5000,0.007
10-May-16,449.4000,-0.0241
9-May-16,460.4000,0.0056
8-May-16,457.9000,-0.0013
7-May-16,458.5000,-0.0024
6-May-16,459.6000,0.0256
5-May-16,448.1000,0.0051
4-May-16,445.8000,-0.0099
3-May-16,450.3000,0.0137
2-May-16,444.2000,-0.0178
1-May-16,452.2000,0.0083
30-Apr-16,448.5000,-0.0142
29-Apr-16,455.0000,0.0145
28-Apr-16,448.5000,0.0033
27-Apr-16,447.0000,-0.0408
26-Apr-16,466.0000,0.0092
25-Apr-16,461.7000,0.0091
24-Apr-16,457.6000,0.0166
23-Apr-16,450.1000,0.0108
22-Apr-16,445.3000,-0.009
21-Apr-16,449.3000,0.0185
20-Apr-16,441.2000,0.0143
19-Apr-16,434.9000,0.0169
18-Apr-16,427.7000,0.0034
17-Apr-16,426.3000,-0.0088
16-Apr-16,430.0000,0.0032
15-Apr-16,428.7000,0.011
14-Apr-16,424.0000,0.0013
13-Apr-16,423.5000,-0.003
12-Apr-16,424.7000,0.0079
11-Apr-16,421.4000,0.0028
10-Apr-16,420.3000,0.0053
9-Apr-16,418.0000,0.0009
8-Apr-16,417.7000,-0.0058
7-Apr-16,420.1000,-0.0027
6-Apr-16,421.3000,-0.0019
5-Apr-16,422.1000,0.0065
4-Apr-16,419.3000,0.0006
3-Apr-16,419.1000,0.0013
2-Apr-16,418.5000,0.0069
1-Apr-16,415.6000,0
31-Mar-16,415.7000,0.0078
30-Mar-16,412.4000,-0.0062
29-Mar-16,415.0000,-0.0171
28-Mar-16,422.2000,-0.0056
27-Mar-16,424.6000,0.0194
26-Mar-16,416.5000,0.0019
25-Mar-16,415.7000,0.0023
24-Mar-16,414.7000,-0.0054
23-Mar-16,417.0000,0.0019
22-Mar-16,416.2000,0.0124
21-Mar-16,411.1000,-0.001
20-Mar-16,411.5000,0.0069
19-Mar-16,408.7000,0.0013
18-Mar-16,408.2000,-0.0239
17-Mar-16,418.2000,0.0054
16-Mar-16,415.9000,0.0019
15-Mar-16,415.1000,0.002
14-Mar-16,414.3000,0.0046
13-Mar-16,412.4000,0.005
12-Mar-16,410.4000,-0.0209
11-Mar-16,419.1000,0.0079
10-Mar-16,415.8000,0.0074
9-Mar-16,412.8000,0.0021
8-Mar-16,411.9000,-0.0072
7-Mar-16,414.9000,0.0219
6-Mar-16,406.0000,0.0174
5-Mar-16,399.0000,-0.0256
4-Mar-16,409.5000,-0.024
3-Mar-16,419.6000,-0.0136
2-Mar-16,425.4000,-0.02
1-Mar-16,434.0000,-0.005
29-Feb-16,436.2000,0.0086
28-Feb-16,432.5000,0.0027
27-Feb-16,431.3000,0.0093
26-Feb-16,427.3000,0.0091
25-Feb-16,423.5000,0.0018
24-Feb-16,422.7000,0.0067
23-Feb-16,419.9000,-0.0409
22-Feb-16,437.8000,-0.0002
21-Feb-16,437.9000,-0.005
20-Feb-16,440.1000,0.0478
19-Feb-16,420.0000,-0.0034
18-Feb-16,421.4000,0.0102
17-Feb-16,417.1000,0.0264
16-Feb-16,406.4000,0.0133
15-Feb-16,401.1000,-0.0109
14-Feb-16,405.5000,0.0395
13-Feb-16,390.1000,0.0158
12-Feb-16,384.0000,0.0121
11-Feb-16,379.5000,-0.0064
10-Feb-16,381.9000,0.0175
9-Feb-16,375.3000,0.0072
8-Feb-16,372.6000,-0.014
7-Feb-16,377.9000,0.0033
6-Feb-16,376.7000,-0.0253
5-Feb-16,386.5000,-0.0107
4-Feb-16,390.6000,0.0615
3-Feb-16,368.0000,-0.0158
2-Feb-16,373.9000,0.0047
1-Feb-16,372.2000,0.0063
31-Jan-16,369.8000,-0.021
30-Jan-16,377.8000,-0.0067
29-Jan-16,380.3000,0.0016
28-Jan-16,379.7000,-0.0388
27-Jan-16,395.0000,0.0134
26-Jan-16,389.8000,-0.0076
25-Jan-16,392.8000,-0.0233
24-Jan-16,402.1000,0.0348
23-Jan-16,388.6000,0.0156
22-Jan-16,382.6000,-0.0673
21-Jan-16,410.2000,-0.0105
20-Jan-16,414.6000,0.0926
19-Jan-16,379.5000,-0.0129
18-Jan-16,384.4000,0.005
17-Jan-16,382.5000,-0.0067
16-Jan-16,385.0000,0.0343
15-Jan-16,372.3000,-0.1325
14-Jan-16,429.1000,-0.0071
13-Jan-16,432.2000,-0.0289
12-Jan-16,445.0000,-0.006
11-Jan-16,447.7000,0.0034
10-Jan-16,446.2000,-0.0047
9-Jan-16,448.3000,-0.0101
8-Jan-16,452.9000,-0.0091
7-Jan-16,457.0000,0.0609
6-Jan-16,430.8000,-0.0009
5-Jan-16,431.2000,-0.0049
4-Jan-16,433.3000,0.0061
3-Jan-16,430.7000,-0.007
2-Jan-16,433.7000,-0.0006
1-Jan-16,434.0000,0.0094
31-Dec-15,430.0000,0.0066
30-Dec-15,427.1000,-0.011
29-Dec-15,431.9000,0.0241
28-Dec-15,421.8000,-0.0015
27-Dec-15,422.4000,0.0169
26-Dec-15,415.4000,-0.0852
25-Dec-15,454.0000,0.0024
24-Dec-15,453.0000,0.0238
23-Dec-15,442.4000,0.0124
22-Dec-15,437.0000,-0.0013
21-Dec-15,437.6000,-0.0095
20-Dec-15,441.8000,-0.0421
19-Dec-15,461.2000,-0.0043
18-Dec-15,463.2000,0.0168
17-Dec-15,455.5000,0.0034
16-Dec-15,454.0000,-0.0187
15-Dec-15,462.6000,0.0467
14-Dec-15,442.0000,0.0168
13-Dec-15,434.7000,0.0056
12-Dec-15,432.3000,-0.039
11-Dec-15,449.8000,0.0826
10-Dec-15,415.5000,-0.0012
9-Dec-15,416.0000,0.013
8-Dec-15,410.7000,0.0416
7-Dec-15,394.3000,0.0023
6-Dec-15,393.4000,0.0173
5-Dec-15,386.7000,0.0692
4-Dec-15,361.7000,0.0038
3-Dec-15,360.3000,0.0009
2-Dec-15,360.0000,-0.005
1-Dec-15,361.8000,-0.0428
30-Nov-15,378.0000,0.0192
29-Nov-15,370.8000,0.0422
28-Nov-15,355.8000,-0.0103
27-Nov-15,359.5000,0.0163
26-Nov-15,353.7000,0.0801
25-Nov-15,327.5000,0.0288
24-Nov-15,318.4000,-0.0117
23-Nov-15,322.1000,-0.002
22-Nov-15,322.8000,-0.0059
21-Nov-15,324.7000,0.0111
20-Nov-15,321.1000,-0.0119
19-Nov-15,325.0000,-0.0326
18-Nov-15,335.9000,0.006
17-Nov-15,333.9000,0.0112
16-Nov-15,330.2000,0.0402
15-Nov-15,317.5000,-0.0432
14-Nov-15,331.8000,-0.006
13-Nov-15,333.8000,-0.0002
12-Nov-15,333.9000,0.0956
11-Nov-15,304.7000,-0.095
10-Nov-15,336.7000,-0.1145
9-Nov-15,380.2000,0.0233
8-Nov-15,371.6000,-0.0351
7-Nov-15,385.1000,0.0413
6-Nov-15,369.8000,-0.0337
5-Nov-15,382.7000,-0.0454
4-Nov-15,400.9000,0.0111
3-Nov-15,396.5000,0.1036
2-Nov-15,359.3000,0.1125
1-Nov-15,323.0000,0.0376
31-Oct-15,311.2000,-0.0485
30-Oct-15,327.1000,0.043
29-Oct-15,313.6000,0.0332
28-Oct-15,303.5000,0.0301
27-Oct-15,294.7000,0.0334
26-Oct-15,285.1000,-0.0094
25-Oct-15,287.9000,0.0188
24-Oct-15,282.6000,0.0204
23-Oct-15,276.9000,0.0091
22-Oct-15,274.4000,0.0274
21-Oct-15,267.1000,-0.0098
20-Oct-15,269.8000,0.0225
19-Oct-15,263.8000,0.0082
18-Oct-15,261.7000,-0.0293
17-Oct-15,269.6000,0.0255
16-Oct-15,262.9000,0.0331
15-Oct-15,254.4000,0.0084
14-Oct-15,252.3000,0.0143
13-Oct-15,248.8000,0.014
12-Oct-15,245.4000,-0.0093
11-Oct-15,247.6000,0.0094
10-Oct-15,245.4000,0.0054
9-Oct-15,244.0000,0.006
8-Oct-15,242.6000,-0.0016
7-Oct-15,243.0000,-0.0128
6-Oct-15,246.1000,0.0249
5-Oct-15,240.1000,0.0076
4-Oct-15,238.3000,-0.001
3-Oct-15,238.6000,0.0079
2-Oct-15,236.7000,-0.0014
1-Oct-15,237.1000,0.0047
30-Sep-15,235.9000,-0.0033
29-Sep-15,236.7000,-0.009
28-Sep-15,238.9000,0.0274
27-Sep-15,232.5000,-0.0077
26-Sep-15,234.3000,-0.0031
25-Sep-15,235.0000,0.0054
24-Sep-15,233.8000,0.0168
23-Sep-15,229.9000,-0.0005
22-Sep-15,230.0000,0.0163
21-Sep-15,226.3000,-0.0206
20-Sep-15,231.1000,0
19-Sep-15,231.1000,-0.0047
18-Sep-15,232.2000,-0.0022
17-Sep-15,232.7000,0.018
16-Sep-15,228.6000,-0.0041
15-Sep-15,229.5000,-0.0017
14-Sep-15,229.9000,-0.0012
13-Sep-15,230.2000,-0.023
12-Sep-15,235.6000,-0.0179
11-Sep-15,239.9000,0.0076
10-Sep-15,238.1000,0.0028
9-Sep-15,237.4000,-0.024
8-Sep-15,243.2000,0.0153
7-Sep-15,239.6000,-0.0012
6-Sep-15,239.9000,0.0265
5-Sep-15,233.7000,0.0149
4-Sep-15,230.3000,0.0179
3-Sep-15,226.2000,-0.0106
2-Sep-15,228.6000,0.0064
1-Sep-15,227.2000,-0.01
31-Aug-15,229.5000,0.0047
30-Aug-15,228.4000,-0.0004
29-Aug-15,228.5000,-0.0136
28-Aug-15,231.6000,0.04
27-Aug-15,222.7000,-0.01
26-Aug-15,225.0000,0.0202
25-Aug-15,220.5000,0.0429
24-Aug-15,211.4000,-0.0676
23-Aug-15,226.8000,-0.0122
22-Aug-15,229.5000,-0.0123
21-Aug-15,232.4000,-0.0096
20-Aug-15,234.7000,0.0383
19-Aug-15,226.0000,-0.084
18-Aug-15,246.7000,-0.0405
17-Aug-15,257.1000,0
16-Aug-15,257.1000,-0.0131
15-Aug-15,260.5000,-0.017
14-Aug-15,265.0000,0.006
13-Aug-15,263.4000,-0.0158
12-Aug-15,267.7000,-0.0051
11-Aug-15,269.0000,0.0218
10-Aug-15,263.3000,-0.0022
9-Aug-15,263.9000,0.0204
8-Aug-15,258.6000,-0.0694
7-Aug-15,277.9000,-0.0004
6-Aug-15,278.0000,-0.0132
5-Aug-15,281.7000,-0.0091
4-Aug-15,284.3000,0.0097
3-Aug-15,281.6000,0.0008
2-Aug-15,281.4000,0.0032
1-Aug-15,280.5000,-0.0115
31-Jul-15,283.7000,-0.0115
30-Jul-15,287.0000,-0.0047
29-Jul-15,288.4000,-0.0181
28-Jul-15,293.7000,0.0024
27-Jul-15,293.0000,0.0042
26-Jul-15,291.8000,0.0105
25-Jul-15,288.7000,0.0013
24-Jul-15,288.4000,0.0466
23-Jul-15,275.5000,-0.0034
22-Jul-15,276.5000,0.005
21-Jul-15,275.1000,-0.0093
20-Jul-15,277.7000,0.0165
19-Jul-15,273.2000,-0.0032
18-Jul-15,274.0000,-0.0199
17-Jul-15,279.6000,0.011
16-Jul-15,276.6000,-0.0241
15-Jul-15,283.4000,-0.0123
14-Jul-15,287.0000,-0.0117
13-Jul-15,290.4000,-0.0647
12-Jul-15,310.4000,0.0633
11-Jul-15,292.0000,0.0294
10-Jul-15,283.6000,0.0538
9-Jul-15,269.1000,0.0019
8-Jul-15,268.6000,0.0091
7-Jul-15,266.2000,-0.0107
6-Jul-15,269.1000,-0.0039
5-Jul-15,270.1000,0.0368
4-Jul-15,260.5000,0.0202
3-Jul-15,255.4000,0.002
2-Jul-15,254.9000,-0.0106
1-Jul-15,257.6000,-0.0246
30-Jun-15,264.1000,0.0278
29-Jun-15,257.0000,0.0325
28-Jun-15,248.9000,-0.0074
27-Jun-15,250.7000,0.032
26-Jun-15,242.9000,0.0016
25-Jun-15,242.6000,0.0083
24-Jun-15,240.6000,-0.0131
23-Jun-15,243.8000,-0.015
22-Jun-15,247.5000,0.0138
21-Jun-15,244.1000,-0.0036
20-Jun-15,245.0000,0.0035
19-Jun-15,244.1000,-0.0173
18-Jun-15,248.4000,0.0043
17-Jun-15,247.4000,-0.0098
16-Jun-15,249.8000,0.0541
15-Jun-15,237.0000,0.0139
14-Jun-15,233.8000,0.0055
13-Jun-15,232.5000,0.0088
12-Jun-15,230.5000,0.0025
11-Jun-15,229.9000,0.0048
10-Jun-15,228.8000,-0.0034
9-Jun-15,229.6000,0.0043
8-Jun-15,228.6000,0.0228
7-Jun-15,223.5000,-0.0057
6-Jun-15,224.7000,-0.0024
5-Jun-15,225.3000,0.0048
4-Jun-15,224.2000,-0.0061
3-Jun-15,225.6000,-0.0007
2-Jun-15,225.7000,0.0117
1-Jun-15,223.1000,-0.0292
31-May-15,229.8000,-0.0145
30-May-15,233.2000,-0.0161
29-May-15,237.0000,-0.0012
28-May-15,237.3000,0
27-May-15,237.3000,-0.0023
26-May-15,237.8000,0.0018
25-May-15,237.4000,-0.0148
24-May-15,241.0000,0.0085
23-May-15,238.9000,-0.0059
22-May-15,240.4000,0.0212
21-May-15,235.4000,0.0061
20-May-15,234.0000,0.0084
19-May-15,232.0000,-0.0027
18-May-15,232.6000,-0.0155
17-May-15,236.3000,0.0003
16-May-15,236.2000,-0.0041
15-May-15,237.2000,0.0013
14-May-15,236.9000,0.0022
13-May-15,236.4000,-0.0215
12-May-15,241.6000,-0.001
11-May-15,241.8000,0.0077
10-May-15,240.0000,-0.006
9-May-15,241.4000,-0.0096
8-May-15,243.7000,0.0253
7-May-15,237.7000,0.0335
6-May-15,230.0000,-0.0246
5-May-15,235.8000,-0.0132
4-May-15,239.0000,-0.0043
3-May-15,240.0000,0.0198
2-May-15,235.3000,0.0091
1-May-15,233.2000,-0.0109
30-Apr-15,235.8000,0.0459
29-Apr-15,225.4000,-0.0017
28-Apr-15,225.8000,-0.0138
27-Apr-15,229.0000,0.0469
26-Apr-15,218.7000,-0.0329
25-Apr-15,226.1000,-0.0214
24-Apr-15,231.1000,-0.0183
23-Apr-15,235.4000,0.0069
22-Apr-15,233.8000,0.0002
21-Apr-15,233.7000,0.0423
20-Apr-15,224.2000,0.0055
19-Apr-15,223.0000,-0.0015
18-Apr-15,223.4000,0.0034
17-Apr-15,222.6000,-0.0236
16-Apr-15,228.0000,0.0225
15-Apr-15,223.0000,0.0228
14-Apr-15,218.0000,-0.025
13-Apr-15,223.6000,-0.052
12-Apr-15,235.9000,-0.0027
11-Apr-15,236.5000,0.0075
10-Apr-15,234.7000,-0.0353
9-Apr-15,243.3000,-0.0051
8-Apr-15,244.6000,-0.0332
7-Apr-15,253.0000,-0.0078
6-Apr-15,255.0000,-0.018
5-Apr-15,259.6000,0.0267
4-Apr-15,252.9000,-0.0062
3-Apr-15,254.5000,0.0074
2-Apr-15,252.6000,0.0258
1-Apr-15,246.2000,0.0086
31-Mar-15,244.1000,-0.0107
30-Mar-15,246.8000,0.0195
29-Mar-15,242.1000,-0.0394
28-Mar-15,252.0000,0.0195
27-Mar-15,247.2000,-0.0033
26-Mar-15,248.0000,0.0067
25-Mar-15,246.4000,-0.0014
24-Mar-15,246.7000,-0.0706
23-Mar-15,265.5000,-0.0116
22-Mar-15,268.6000,0.0341
21-Mar-15,259.7000,-0.0079
20-Mar-15,261.8000,0.0033
19-Mar-15,260.9000,0.0196
18-Mar-15,255.9000,-0.1032
17-Mar-15,285.4000,-0.0173
16-Mar-15,290.4000,0.0194
15-Mar-15,284.9000,0.0116
14-Mar-15,281.6000,-0.0195
13-Mar-15,287.2000,-0.0226
12-Mar-15,293.9000,-0.0059
11-Mar-15,295.6000,0.0145
10-Mar-15,291.4000,0.0047
9-Mar-15,290.0000,0.0566
8-Mar-15,274.5000,-0.0015
7-Mar-15,274.9000,0.0086
6-Mar-15,272.6000,-0.0097
5-Mar-15,275.2000,0.0122
4-Mar-15,271.9000,-0.0311
3-Mar-15,280.6000,0.0252
2-Mar-15,273.8000,0.0613
1-Mar-15,257.9000,0.0153
28-Feb-15,254.1000,0.0023
27-Feb-15,253.5000,0.0716
26-Feb-15,236.5000,-0.0034
25-Feb-15,237.3000,-0.0065
24-Feb-15,238.9000,0.0003
23-Feb-15,238.8000,0.0131
22-Feb-15,235.7000,-0.0355
21-Feb-15,244.4000,-0.0004
20-Feb-15,244.5000,0.0107
19-Feb-15,241.9000,0.0286
18-Feb-15,235.2000,-0.0329
17-Feb-15,243.2000,0.0313
16-Feb-15,235.8000,0.011
15-Feb-15,233.3000,-0.0981
14-Feb-15,258.6000,0.0951
13-Feb-15,236.2000,0.0648
12-Feb-15,221.8000,0.0135
11-Feb-15,218.8000,-0.0038
10-Feb-15,219.7000,-0.003
9-Feb-15,220.3000,-0.0149
8-Feb-15,223.7000,-0.0176
7-Feb-15,227.7000,0.0212
6-Feb-15,223.0000,0.0297
5-Feb-15,216.5000,-0.0444
4-Feb-15,226.6000,-0.0036
3-Feb-15,227.4000,-0.0479
2-Feb-15,238.9000,0.0602
1-Feb-15,225.3000,0.031
31-Jan-15,218.5000,-0.0575
30-Jan-15,231.8000,-0.0092
29-Jan-15,234.0000,-0.0092
28-Jan-15,236.2000,-0.1029
27-Jan-15,263.3000,-0.022
26-Jan-15,269.2000,0.0678
25-Jan-15,252.1000,0.0158
24-Jan-15,248.2000,0.0689
23-Jan-15,232.2000,-0.0023
22-Jan-15,232.7000,0.0199
21-Jan-15,228.2000,0.0837
20-Jan-15,210.6000,-0.0246
19-Jan-15,215.9000,0.0249
18-Jan-15,210.6000,0.0549
17-Jan-15,199.6000,-0.0351
16-Jan-15,206.9000,-0.0136
15-Jan-15,209.8000,0.272
14-Jan-15,164.9000,-0.2547
13-Jan-15,221.3000,-0.1784
12-Jan-15,269.3000,0.0172
11-Jan-15,264.8000,-0.0314
10-Jan-15,273.4000,-0.0508
9-Jan-15,288.0000,0.0187
8-Jan-15,282.7000,-0.0297
7-Jan-15,291.3000,0.0321
6-Jan-15,282.3000,0.027
5-Jan-15,274.8000,0.0382
4-Jan-15,264.7000,-0.078
3-Jan-15,287.1000,-0.0891
2-Jan-15,315.2000,0.001
1-Jan-15,314.9000,-0.0105
