,Unnamed: 0,Date,close,volumefrom,volumeto,OBV,Volatility_7Day,30day_volatility-bch
29,29,2017-08-31,628.73,60745.39,37807706.16,1147750.94,37.76,174.93352059614222
30,30,2017-09-01,572.65,62092.22,36984224.54,1085658.72,45.85,175.3859725435802
31,31,2017-09-02,609.85,46203.88,27470981.39,1131862.6,48.57,171.6475861397014
32,32,2017-09-03,519.3,72956.35,39354607.68,1058906.25,63.29,163.94517877533988
33,33,2017-09-04,546.74,58083.51,30106018.14,1116989.76,62.2,156.67170119117853
34,34,2017-09-05,647.64,88989.8,54825116.2,1205979.56,79.13,154.46733526996024
35,35,2017-09-06,667.56,105468.99,70423045.63,1311448.55,78.1,152.93729182362566
36,36,2017-09-07,605.66,104688.46,65565655.08,1206760.09,78.55,147.0860917422956
37,37,2017-09-08,586.24,41215.06,24260056.8,1165545.03,77.08,138.27645827717083
38,38,2017-09-09,556.9,49721.21,27588948.77,1115823.82,62.26,131.51137749871376
39,39,2017-09-10,556.02,35006.3,19801627.19,1080817.52,60.93,123.18210007904987
40,40,2017-09-11,536.96,39799.94,22082978.96,1041017.58,28.66,112.11554141040004
41,41,2017-09-12,506.49,70909.36,35647701.89,970108.22,21.04,100.28990126673747
42,42,2017-09-13,386.49,98635.73,43447407.4,871472.49,64.46,92.55479316872652
43,43,2017-09-14,428.88,209392.62,81380795.6,1080865.11,80.7,81.06092438804085
44,44,2017-09-15,443.21,80026.4,35057627.63,1160891.51,83.88,81.18393452772719
45,45,2017-09-16,439.07,38498.31,16667495.97,1122393.2,83.62,83.46247946949214
46,46,2017-09-17,486.03,70189.85,33211175.33,1192583.05,91.91,79.77885867793559
47,47,2017-09-18,530.6,99852.71,50064941.67,1292435.76,94.51,75.20039965426322
48,48,2017-09-19,477.25,98868.91,49416655.67,1193566.85,54.23,76.58942645129237
49,49,2017-09-20,416.13,76159.01,34350076.54,1117407.84,65.29,77.56858376457167
50,50,2017-09-21,409.63,65044.59,26731878.33,1052363.25,64.14,78.47792944296609
51,51,2017-09-22,430.31,36856.66,15542354.15,1089219.91,66.34,79.88098996733147
52,52,2017-09-23,421.19,33943.57,14388923.18,1055276.34,57.03,80.65743310481349
53,53,2017-09-24,450.85,53204.05,23480486.36,1108480.39,53.84,80.13685639141855
54,54,2017-09-25,449.56,32491.91,14765728.97,1075988.48,47.49,79.45076443719823
55,55,2017-09-26,464.14,66193.41,30195113.53,1142181.89,24.32,78.94674805310798
56,56,2017-09-27,458.15,74325.45,34380897.03,1067856.44,23.99,79.45582549478334
57,57,2017-09-28,440.55,48262.99,21350204.92,1019593.45,25.91,79.50013037002243
58,58,2017-09-29,435.95,54455.28,24220359.29,965138.17,25.14,78.95233095566792
59,59,2017-09-30,418.05,56383.01,24068045.14,908755.16,17.8,76.78062112203209
60,60,2017-10-01,419.68,71968.89,30198291.7,980724.05,18.21,76.63533203935108
61,61,2017-10-02,401.41,42773.01,17248218.77,937951.04,13.36,74.9663385487265
62,62,2017-10-03,355.75,124502.91,46419226.31,813448.13,28.45,78.22831073872463
63,63,2017-10-04,354.4,107627.58,38188747.04,705820.55,30.31,80.3469433825551
64,64,2017-10-05,363.22,53859.01,19726320.95,759679.56,34.13,75.63386015809165
65,65,2017-10-06,359.81,32557.49,11726397.59,727122.07,34.3,67.38213059616123
66,66,2017-10-07,343.52,62838.57,22147895.06,664283.5,33.27,63.798063354745004
67,67,2017-10-08,312.43,135597.09,42738393.43,528686.41,37.25,62.348446026777495
68,68,2017-10-09,317.19,125190.16,40789265.44,653876.57,29.31,61.5542332745925
69,69,2017-10-10,314.21,61615.98,19338916.48,592260.59,29.1,59.89997761498598
70,70,2017-10-11,310.56,101049.2,32051057.84,491211.39,25.7,58.78220247210222
71,71,2017-10-12,320.11,118653.63,36812373.16,609865.02,29.83,58.242236225737976
72,72,2017-10-13,321.67,67206.51,21544074.06,677071.53,29.0,60.13484715548668
73,73,2017-10-14,314.1,37848.62,11896226.69,639222.91,13.04,62.05974353742516
74,74,2017-10-15,313.94,27676.61,8702010.54,611546.3,12.21,63.37894556309376
75,75,2017-10-16,367.84,243410.54,88485919.9,854956.84,44.33,63.00346025983485
76,76,2017-10-17,338.72,120444.57,40142126.1,734512.27,52.87,61.18554347699019
77,77,2017-10-18,329.66,54347.94,17971549.74,680164.33,53.62,55.76048377896579
78,78,2017-10-19,326.03,43810.23,14375667.89,636354.1,53.8,53.55078226244205
79,79,2017-10-20,322.12,31405.55,10098593.04,604948.55,53.39,53.86866920960392
80,80,2017-10-21,325.88,93903.63,31515652.72,698852.18,53.4,54.06528463162647
81,81,2017-10-22,312.05,66606.73,20958214.24,632245.45,21.48,53.82961771170625
82,82,2017-10-23,322.28,77264.23,25115720.96,709509.68,17.8,53.3655798072208
83,83,2017-10-24,329.47,34958.2,11348229.55,744467.88,18.2,51.00854404991269
84,84,2017-10-25,335.68,70179.03,23659411.7,814646.91,18.4,48.17617673407233
85,85,2017-10-26,363.84,127583.8,45524489.34,942230.71,26.22,43.6004918787494
86,86,2017-10-27,417.22,175686.09,67773673.63,1117916.8,40.43,40.695276497344615
87,87,2017-10-28,451.91,572432.17,259090603.37,1690348.97,30.39,41.607171740335964
88,88,2017-10-29,444.93,193899.08,87034115.9,1496449.89,36.53,42.269237524699534
89,89,2017-10-30,435.48,98339.43,43638797.69,1398110.46,41.37,43.33020834311092
90,90,2017-10-31,529.88,249273.2,122331291.42,1647383.66,55.99,52.919263238673935
91,91,2017-11-01,562.79,314670.88,170606048.18,1962054.54,56.12,64.67706380660464
92,92,2017-11-02,626.04,331298.66,212978833.44,2293353.2,53.64,80.80069317729253
93,93,2017-11-03,614.26,224020.94,136414146.92,2069332.26,58.09,92.23808161117772
94,94,2017-11-04,625.72,147005.72,88707513.0,2216337.98,55.35,102.63061018812151
95,95,2017-11-05,588.68,160442.93,99875447.46,2055895.05,60.95,108.85893586782763
96,96,2017-11-06,603.26,72283.97,43387451.36,2128179.02,38.66,114.8214706508053
97,97,2017-11-07,617.41,213140.03,129168410.93,2341319.05,36.67,119.89101238495573
98,98,2017-11-08,650.09,138517.84,88271349.36,2479836.89,26.34,125.9300383952528
99,99,2017-11-09,995.4,668162.3,562027429.83,3147999.19,114.38,161.68837297672965
100,100,2017-11-10,1325.56,350109.81,404695851.15,3498109.0,124.08,225.64747569869994
101,101,2017-11-11,1374.39,544972.02,877406443.96,4043081.02,113.73,276.15928864234905
102,102,2017-11-12,1346.96,288010.82,361634817.91,3755070.2,118.26,312.32795134207925
103,103,2017-11-13,1251.63,129369.96,165309100.46,3625700.24,128.53,334.0207729027863
104,104,2017-11-14,1187.03,108532.62,135275562.63,3517167.62,136.07,347.6500075877277
105,105,2017-11-15,896.51,196969.98,203434765.52,3320197.64,121.16,348.3113270994028
106,106,2017-11-16,1175.54,229956.38,246137619.18,3550154.02,117.82,357.69716239929244
107,107,2017-11-17,1243.86,186220.18,237178090.81,3736374.2,118.78,367.715412494781
108,108,2017-11-18,1176.66,96217.99,114092155.08,3640156.21,119.25,371.71698454310126
109,109,2017-11-19,1245.28,63055.0,75604482.13,3703211.21,119.57,376.24785390597333
110,110,2017-11-20,1169.9,73911.91,87834756.56,3629299.3,119.95,375.31587760530965
111,111,2017-11-21,1298.62,106768.91,135737842.08,3736068.21,80.64,376.6641985184115
112,112,2017-11-22,1662.21,201412.14,301664725.36,3937480.35,75.28,396.1590382094767
113,113,2017-11-23,1625.05,159800.54,265161800.14,3777679.81,78.34,407.732433254299
114,114,2017-11-24,1546.22,106475.37,168521398.64,3671204.44,77.71,410.39050656731183
115,115,2017-11-25,1719.36,45358.13,73523501.34,3716562.57,79.45,419.84106842769194
116,116,2017-11-26,1587.66,99369.0,162585449.5,3617193.57,81.74,420.09775750235315
117,117,2017-11-27,1481.93,97309.59,149808661.02,3519883.98,85.12,414.1780727431916
118,118,2017-11-28,1333.15,178364.5,262656502.72,3341519.48,49.71,400.69395207851466
119,119,2017-11-29,1318.42,116177.53,150181384.27,3225341.95,50.09,383.5354412014441
120,120,2017-11-30,1426.5,94281.57,128160246.64,3319623.52,58.07,371.2963667595614
121,121,2017-12-01,1390.58,46212.49,65529684.57,3273411.03,43.49,357.21853676207365
122,122,2017-12-02,1511.46,110384.17,170307885.53,3383795.2,50.61,347.1503968354187
123,123,2017-12-03,1540.7,61047.95,91600694.31,3444843.15,46.83,334.24773195251817
124,124,2017-12-04,1421.42,76294.69,113943413.18,3368548.46,41.8,315.6532673394481
125,125,2017-12-05,1349.75,92022.37,129572220.35,3276526.09,44.95,289.5920354466574
126,126,2017-12-06,1230.0,123812.84,156825923.82,3152713.25,43.83,260.00283418990216
127,127,2017-12-07,1383.3,203852.98,281476871.56,3356566.23,58.15,225.66621418247001
128,128,2017-12-08,1369.36,83939.26,116894421.1,3272626.97,51.44,185.74455704622684
129,129,2017-12-09,1289.78,80859.32,103219889.01,3191767.65,51.08,173.58990862301673
130,130,2017-12-10,1402.18,70404.27,96857495.59,3262171.92,55.73,173.5894012830745
131,131,2017-12-11,1543.45,108785.79,162733015.51,3370957.71,58.45,176.6164433256108
132,132,2017-12-12,1572.91,125131.91,194831180.86,3496089.62,45.63,180.3424826293564
133,133,2017-12-13,1933.27,220803.74,409667501.78,3716893.36,61.92,205.07131088937146
134,134,2017-12-14,1795.31,109849.42,191047439.84,3607043.94,69.73,213.09324709333657
135,135,2017-12-15,1773.75,62028.65,110491376.74,3545015.29,64.46,198.26311767881668
136,136,2017-12-16,1827.41,60356.9,110593944.27,3605372.19,63.88,202.75015989193957
137,137,2017-12-17,2146.79,203611.05,418792732.06,3808983.24,70.52,232.50286948074802
138,138,2017-12-18,2670.97,272005.86,651099368.75,4080989.1,81.28,308.0891780564798
139,139,2017-12-19,3715.91,545546.68,1915071070.77,4626535.78,101.29,496.0711034125245
140,140,2017-12-20,3084.09,242943.03,787854447.7,4383592.75,121.43,553.9679485032059
141,141,2017-12-21,2521.46,397962.38,959174529.93,3985630.37,143.9,568.3409984043393
142,142,2017-12-22,2991.57,189040.5,562467930.34,4174670.87,146.43,612.2619455651651
143,143,2017-12-23,2797.92,164197.45,439830450.44,4010473.42,148.59,638.6749288036119
144,144,2017-12-24,2739.94,67929.79,187864797.77,3942543.63,137.75,657.7654213939868
145,145,2017-12-25,2921.84,64768.32,182771250.32,4007311.95,95.04,684.8331154859603
146,146,2017-12-26,2710.64,58588.61,161281901.39,3948723.34,84.26,697.6065382717825
147,147,2017-12-27,2484.96,79023.66,193654890.44,3869699.68,66.85,698.9374385063815
148,148,2017-12-28,2619.32,107608.19,279681307.4,3977307.87,43.79,697.7629145012888
149,149,2017-12-29,2209.96,95886.67,221420859.69,3881421.2,59.06,685.9057062385283
150,150,2017-12-30,2371.83,55810.75,131177357.02,3937231.95,66.25,678.1401980959968
151,151,2017-12-31,2319.12,34566.74,80872345.44,3902665.21,60.01,666.8073065590795
152,152,2018-01-01,2555.49,85541.57,213749238.32,3988206.78,68.22,661.8068216441351
153,153,2018-01-02,2557.52,65561.81,170977759.75,4053768.59,63.53,655.9005123830649
154,154,2018-01-03,2355.78,69356.28,167327220.48,3984412.31,65.04,640.7926983612584
155,155,2018-01-04,2390.04,78812.67,188339076.32,4063224.98,42.58,620.5650443647875
156,156,2018-01-05,2533.24,76198.33,189153648.98,4139423.31,41.22,592.1830697278486
157,157,2018-01-06,2530.44,77755.49,203905526.98,4061667.82,40.1,568.4238778386474
158,158,2018-01-07,2404.74,71860.87,173810008.85,3989806.95,32.73,539.1049886085667
159,159,2018-01-08,2376.68,49307.69,118646869.3,3940499.26,32.54,499.86122731926866
160,160,2018-01-09,2856.93,164422.06,428980394.88,4104921.32,54.36,469.86033887264455
161,161,2018-01-10,2437.92,144720.16,370363445.96,3960201.16,75.21,438.06280333936064
162,162,2018-01-11,2596.2,58436.46,147982320.1,4018637.62,75.52,404.0302493091089
163,163,2018-01-12,2664.9,68076.41,183442789.42,4086714.03,75.71,389.9986800981189
164,164,2018-01-13,2530.21,44514.4,114182801.74,4042199.63,75.77,364.361878628672
165,165,2018-01-14,2394.05,50762.57,124413534.2,3991437.06,77.66,334.80762386453375
166,166,2018-01-15,1761.61,211689.81,413640550.4,3779747.25,88.77,340.06358891516317
167,167,2018-01-16,1748.8,168430.05,275433374.11,3611317.2,86.53,364.2503771889576
168,168,2018-01-17,1708.87,77029.25,138733377.09,3534287.95,79.08,395.33459688735945
169,169,2018-01-18,1756.72,46793.43,82814184.28,3581081.38,79.24,352.0863071550654
170,170,2018-01-19,2024.32,76878.11,150204592.86,3657959.49,97.91,340.75229682665787
171,171,2018-01-20,1772.37,64013.53,116810397.92,3593945.96,101.33,360.61786539742064
172,172,2018-01-21,1606.05,68392.84,111361124.15,3525553.12,64.18,371.35223304463983
173,173,2018-01-22,1614.46,55456.28,88416102.82,3581009.4,64.41,385.5887888276049
174,174,2018-01-23,1653.46,39267.99,63619330.87,3620277.39,65.03,395.53532710861435
175,175,2018-01-24,1632.11,31327.58,51824161.08,3588949.81,64.14,393.7109444821878
176,176,2018-01-25,1594.67,52474.44,82441054.63,3536475.37,40.84,400.30570456609763
177,177,2018-01-26,1632.08,30365.61,49189009.08,3566840.98,30.09,409.6991406499521
178,178,2018-01-27,1742.54,57954.17,98711706.94,3624795.15,20.89,408.0813093773131
179,179,2018-01-28,1650.36,29214.55,49086467.06,3595580.6,27.93,417.66017823009446
180,180,2018-01-29,1462.99,56836.85,87724135.57,3538743.75,42.22,431.91571461738585
181,181,2018-01-30,1487.18,48581.92,71084957.65,3587325.67,43.4,443.6114547717535
182,182,2018-01-31,1267.99,82606.34,109869806.02,3504719.33,58.4,456.8797036521858
183,183,2018-02-01,1192.13,125569.3,143714769.61,3379150.03,55.01,469.81106041207244
184,184,2018-02-02,1273.08,55292.57,66300292.5,3434442.6,55.05,481.3395829127493
185,185,2018-02-03,1158.57,56805.55,66945106.18,3377637.05,56.21,494.25901555518936
186,186,2018-02-04,884.0,110686.53,106539840.76,3266950.52,79.96,513.0128826485083
187,187,2018-02-05,966.79,171195.13,148384673.61,3438145.65,89.75,520.5810403036945
188,188,2018-02-06,954.34,81874.09,79923338.86,3356271.56,85.89,529.2873261907993
189,189,2018-02-07,1280.55,175942.65,214474236.99,3532214.21,125.12,522.087288573691
190,190,2018-02-08,1299.97,90046.46,114267322.89,3622260.67,123.97,479.8419183330474
191,191,2018-02-09,1240.62,73317.51,93963908.26,3548943.16,121.34,462.23176280753313
192,192,2018-02-10,1210.99,54895.1,67332282.15,3494048.06,83.96,429.19398370144455
193,193,2018-02-11,1282.63,31886.53,40345803.75,3525934.59,83.17,379.12135964788763
194,194,2018-02-12,1220.89,36215.01,44591425.59,3489719.58,85.98,331.98261533714464
195,195,2018-02-13,1353.18,60999.91,79707919.34,3550719.49,40.43,284.4147660570086
196,196,2018-02-14,1359.47,60927.45,82442472.88,3611646.94,40.4,278.5309067552999
197,197,2018-02-15,1530.44,93378.64,138109049.14,3705025.58,45.3,272.8264628930104
198,198,2018-02-16,1543.21,41821.44,63990375.61,3746847.02,42.36,268.5706461703631
199,199,2018-02-17,1453.37,75060.95,114117616.17,3671786.07,49.45,261.1259009127011
200,200,2018-02-18,1521.92,35499.42,53611463.67,3707285.49,44.06,235.3016906185113
201,201,2018-02-19,1393.77,59324.36,88749089.63,3647961.13,48.83,224.24306201776238
202,202,2018-02-20,1287.06,77156.39,103151392.56,3570804.74,53.88,220.79542559291667
203,203,2018-02-21,1210.0,55340.84,68674973.89,3515463.9,35.48,217.775816718902
204,204,2018-02-22,1256.52,55199.9,68204427.7,3570663.8,39.55,211.16441902367876
205,205,2018-02-23,1182.03,41958.11,50410015.34,3528705.69,39.61,205.97113770689924
206,206,2018-02-24,1172.58,30581.37,35860331.02,3498124.32,32.0,201.62306513312598
207,207,2018-02-25,1244.42,42834.66,52096798.0,3540958.98,38.18,192.88066740475662
208,208,2018-02-26,1234.2,34672.53,43526909.53,3506286.45,32.75,174.35524079785142
209,209,2018-02-27,1200.33,29735.14,36633612.32,3476551.31,28.87,160.73972102993147
210,210,2018-02-28,1285.01,39078.61,49698398.88,3515629.92,33.28,156.63530971984915
211,211,2018-03-01,1276.64,26693.95,34180148.43,3488935.97,26.6,150.9463498433568
212,212,2018-03-02,1272.26,18584.98,23806066.61,3470350.99,26.32,150.9582146497118
213,213,2018-03-03,1285.24,19411.74,24322755.34,3489762.73,21.81,150.51305954564768
214,214,2018-03-04,1266.93,17016.34,21796123.43,3472746.39,22.2,150.5004184058749
215,215,2018-03-05,1207.43,27914.11,34034339.1,3444832.28,25.22,149.61628026579626
216,216,2018-03-06,1095.91,55007.26,61717752.11,3389825.02,26.11,135.46010188353407
217,217,2018-03-07,1033.96,51525.31,54449069.86,3338299.71,26.37,130.75543400544623
218,218,2018-03-08,1065.69,76018.18,74990482.15,3414317.89,31.03,122.76776884103367
219,219,2018-03-09,1003.78,34916.84,36509623.0,3379401.05,28.9,132.40216388176324
220,220,2018-03-10,1138.84,58706.14,63353716.37,3438107.19,54.06,134.24658043376562
221,221,2018-03-11,1051.06,51798.63,56197766.22,3386308.56,56.27,139.59242220153115
222,222,2018-03-12,1053.55,70300.42,73859997.65,3456608.98,51.06,144.17503538104305
223,223,2018-03-13,950.28,45440.37,45006196.01,3411168.61,56.19,153.97050003352356
224,224,2018-03-14,939.68,50170.39,46027181.95,3360998.22,54.43,163.34367660798705
225,225,2018-03-15,972.37,68806.52,67652711.21,3429804.74,54.47,168.08520755341448
226,226,2018-03-16,948.93,44626.89,43519077.02,3385177.85,34.16,172.67357085639196
227,227,2018-03-17,936.27,60687.24,54591156.08,3324490.61,30.19,167.77756207577494
228,228,2018-03-18,994.67,61104.15,58729088.37,3385594.76,37.08,156.66457302586903
229,229,2018-03-19,1062.82,64378.46,65725834.78,3449973.22,26.43,147.80820391778272
230,230,2018-03-20,1031.78,39952.43,41647329.16,3410020.79,28.61,131.65483991216342
231,231,2018-03-21,1015.19,37921.37,38596693.88,3372099.42,28.97,123.92617551237899
232,232,2018-03-22,1029.74,32631.3,32361593.34,3404730.72,27.12,121.01551531047822
233,233,2018-03-23,975.94,22487.02,22789755.24,3382243.7,32.28,122.14841585066137
234,234,2018-03-24,975.38,20276.54,19901849.35,3361967.16,27.26,120.99207647135033
235,235,2018-03-25,913.74,34896.83,32326463.92,3327070.33,20.16,124.34121462616953
236,236,2018-03-26,877.69,34512.83,31192960.89,3292557.5,20.57,128.97921164627678
237,237,2018-03-27,861.18,32150.25,28131311.49,3260407.25,20.45,130.8916514943487
238,238,2018-03-28,711.13,111162.53,84465419.21,3149244.72,44.64,141.9747046662044
239,239,2018-03-29,696.93,93871.58,66701444.54,3055373.14,46.05,152.66884665009343
240,240,2018-03-30,685.47,44426.81,31372272.95,3010946.33,44.55,157.43795915676353
241,241,2018-03-31,644.25,64929.04,42473944.5,2946017.29,44.52,162.88828808860148
242,242,2018-04-01,663.98,37673.71,25140139.8,2983691.0,50.61,164.38523202155372
243,243,2018-04-02,710.13,42372.73,29654275.41,3026063.73,59.26,159.7835872845383
244,244,2018-04-03,651.52,55896.19,37251371.87,2970167.54,37.4,157.241031748716
245,245,2018-04-04,644.1,37585.5,24056410.61,2932582.04,37.36,156.60010985007602
246,246,2018-04-05,610.89,40756.71,25194290.78,2891825.33,38.9,161.82256953822116
247,247,2018-04-06,642.65,33125.54,21177510.64,2924950.87,39.93,165.9560413479529
248,248,2018-04-07,657.44,18037.61,11811319.99,2942988.48,39.48,167.1072675720619
249,249,2018-04-08,638.73,32853.6,21427207.22,2910134.88,32.83,170.17068034972428
250,250,2018-04-09,652.58,21862.24,14140291.35,2931997.12,25.21,165.41364653462975
251,251,2018-04-10,670.06,30737.18,20148758.61,2962734.3,25.74,163.26252577352952
252,252,2018-04-11,737.84,84689.75,59525564.71,3047424.05,27.05,158.27496730064848
253,253,2018-04-12,743.27,66990.61,50554153.69,3114414.66,26.89,156.75925678179254
254,254,2018-04-13,739.16,27352.5,20328761.5,3087062.16,28.08,155.30202025204363
255,255,2018-04-14,782.05,32926.88,25358793.03,3119989.04,24.45,152.00522834662956
256,256,2018-04-15,769.81,44457.82,34201319.68,3075531.22,27.89,149.31978905467182
257,257,2018-04-16,759.77,33481.35,25887561.51,3042049.87,29.98,146.85045603543233
258,258,2018-04-17,895.45,87149.33,73810458.43,3129199.2,46.08,143.03308624592015
259,259,2018-04-18,966.63,87498.52,81766110.86,3216697.72,46.59,137.4842393709208
260,260,2018-04-19,1124.67,144807.61,154352797.77,3361505.33,51.08,144.26437398891017
261,261,2018-04-20,1154.45,138996.4,154795305.47,3500501.73,52.41,153.9554701484135
262,262,2018-04-21,1195.64,120249.99,144092452.68,3620751.72,47.13,165.5472954683794
263,263,2018-04-22,1440.95,226026.87,309318983.37,3846778.59,45.9,201.29727955633177
264,264,2018-04-23,1407.55,246119.9,366818528.51,3600658.69,52.72,227.50239041032552
265,265,2018-04-24,1289.86,289587.91,381199575.56,3311070.78,68.49,242.6137856145612
266,266,2018-04-25,1421.87,130722.16,174556815.17,3441792.94,62.71,265.26380973486727
267,267,2018-04-26,1331.97,91531.02,127133720.06,3350261.92,68.87,279.3567994806827
268,268,2018-04-27,1390.64,55330.0,76830254.37,3405591.92,69.02,293.39178379946657
269,269,2018-04-28,1440.09,83133.5,118771919.52,3488725.42,46.62,307.50332828420005
270,270,2018-04-29,1348.27,53714.37,74604340.79,3435011.05,49.76,314.14859357649595
271,271,2018-04-30,1354.28,73595.32,95214620.29,3508606.37,42.52,318.01301010037616
272,272,2018-05-01,1457.08,98316.8,140930581.64,3606923.17,38.39,325.3332735172807
273,273,2018-05-02,1507.36,112138.08,168151101.66,3719061.25,31.47,334.31922694613394
274,274,2018-05-03,1513.29,64923.9,97222464.65,3783985.15,30.79,339.069413769543
275,275,2018-05-04,1758.59,121811.96,200830189.78,3905797.11,48.25,354.56324460386696
276,276,2018-05-05,1756.57,141139.03,245512548.39,3764658.08,38.94,363.860859221869
277,277,2018-05-06,1651.39,109780.2,179642018.72,3654877.88,47.85,364.998791584992
278,278,2018-05-07,1599.52,82318.43,132524367.42,3572559.45,48.54,361.4992295899628
279,279,2018-05-08,1626.63,101081.14,158636690.72,3673640.59,48.2,355.1200315983492
280,280,2018-05-09,1519.84,84518.07,135411694.54,3589122.52,52.97,342.7364876491715
281,281,2018-05-10,1367.01,178033.35,250733936.31,3411089.17,30.04,325.6033347953977
282,282,2018-05-11,1458.55,137793.68,192556727.8,3548882.85,41.06,311.3863025485007
283,283,2018-05-12,1478.75,72960.07,105948682.09,3621842.92,41.17,295.192671985835
284,284,2018-05-13,1412.97,115812.58,163658298.77,3506030.34,41.71,274.6347818760231
285,285,2018-05-14,1337.53,96570.2,133975697.39,3409460.14,40.56,253.69010159605153
286,286,2018-05-15,1280.11,102588.55,129995294.09,3306871.59,39.24,228.78413822419458
287,287,2018-05-16,1192.88,85008.97,106796700.65,3221862.62,33.98,200.55171702912992
288,288,2018-05-17,1203.32,90815.42,107567516.41,3312678.04,23.0,181.36660234573415
289,289,2018-05-18,1177.02,33811.36,39959789.43,3278866.68,18.34,167.5915820263382
290,290,2018-05-19,1291.59,75823.35,94658247.11,3354690.03,39.29,160.5301574134726
291,291,2018-05-20,1229.05,51342.27,64142112.95,3303347.76,38.85,156.93766662185195
292,292,2018-05-21,1135.15,74018.63,86991398.5,3229329.13,42.26,160.20343841503183
293,293,2018-05-22,994.37,140489.8,146261127.48,3088839.33,51.05,177.31755521156325
294,294,2018-05-23,1073.9,107273.58,109144652.25,3196112.91,58.36,186.8882508268653
295,295,2018-05-24,1016.45,77381.87,79498329.86,3118731.04,59.18,198.10101807834565
296,296,2018-05-25,1006.46,40348.84,41313070.66,3078382.2,46.6,209.1077095609221
297,297,2018-05-26,996.48,41820.57,41497870.08,3036561.63,47.22,219.5715787106112
298,298,2018-05-27,883.18,71246.73,66464558.0,2965314.9,51.69,235.50138378586297
299,299,2018-05-28,988.06,109321.44,104520371.79,3074636.34,56.16,242.92835342364893
300,300,2018-05-29,982.87,82457.4,81875881.55,2992178.94,50.29,250.53043507152034
301,301,2018-05-30,996.48,73819.13,73969184.16,3065998.07,48.89,256.7085745615972
302,302,2018-05-31,1001.86,45858.23,45598262.4,3111856.3,48.89,260.3129001049185
303,303,2018-06-01,1084.22,62114.36,65292437.66,3173970.66,53.11,259.0992751088911
304,304,2018-06-02,1168.41,106773.39,121830441.16,3280744.05,31.77,255.42602122840484
305,305,2018-06-03,1097.9,121841.66,138533392.5,3158902.39,35.01,238.48692489184103
306,306,2018-06-04,1150.06,89002.98,98390092.31,3247905.37,34.84,217.40197241568137
307,307,2018-06-05,1129.12,81387.77,91936744.01,3166517.6,36.85,201.44486186193356
308,308,2018-06-06,1144.55,59615.07,68385230.99,3226132.67,36.62,186.59672922223356
309,309,2018-06-07,1115.05,51892.47,57948851.24,3174240.2,33.21,166.77395116516283
310,310,2018-06-08,1085.65,36993.09,41238418.23,3137247.11,24.75,153.0864569338204
311,311,2018-06-09,937.21,144546.26,142156156.85,2992700.85,43.24,152.11784885485528
312,312,2018-06-10,954.26,89102.71,83391163.51,3081803.56,39.61,142.6998128574068
313,313,2018-06-11,870.75,85373.27,77008744.0,2996430.29,42.37,132.53532338912802
314,314,2018-06-12,842.82,94021.36,79282537.54,2902408.93,38.64,126.54021117469567
315,315,2018-06-13,895.36,81167.3,70845642.28,2983576.23,49.1,121.00634959543413
316,316,2018-06-14,842.61,45425.14,39291397.79,2938151.09,49.36,120.44418213524678
317,317,2018-06-15,850.03,30988.8,26287863.6,2969139.89,36.83,122.62323177348291
318,318,2018-06-16,847.28,19435.99,16592249.94,2949703.9,35.53,123.31286618927759
319,319,2018-06-17,884.91,47926.11,41409173.94,2997630.01,29.98,122.52945958177109
320,320,2018-06-18,907.69,51127.15,45928501.9,3048757.16,28.04,112.44476803526392
321,321,2018-06-19,891.94,61522.01,54405712.59,2987235.15,23.97,105.80027768469927
322,322,2018-06-20,871.58,33592.31,29697468.97,2953642.84,16.86,104.48158647042959
323,323,2018-06-21,751.41,144260.83,112671384.76,2809382.01,44.57,112.71891485500778
324,324,2018-06-22,762.42,53494.57,40505389.52,2862876.58,45.42,117.59388172224045
325,325,2018-06-23,747.18,130678.1,93086099.78,2732198.48,41.0,123.66944227141425
326,326,2018-06-24,754.23,66122.33,49903670.78,2798320.81,39.37,128.61399247315035
327,327,2018-06-25,695.38,52146.61,38078700.83,2746174.2,41.19,136.21241038408428
328,328,2018-06-26,713.38,62646.28,44089146.19,2808820.48,44.98,141.9672188894109
329,329,2018-06-27,658.97,58376.43,40003702.76,2750444.05,31.45,149.98633872502
330,330,2018-06-28,715.5,82207.16,55895762.48,2832651.21,41.84,154.08238688493705
331,331,2018-06-29,747.61,85707.67,63902832.22,2918358.88,44.06,156.07899751352227
332,332,2018-06-30,736.91,36746.31,27029443.47,2881612.57,44.09,157.83555727801914
333,333,2018-07-01,781.02,69365.05,53128466.56,2950977.62,38.42,154.99293179619548
334,334,2018-07-02,755.83,91858.3,72030879.76,2859119.32,40.74,147.08474864441789
335,335,2018-07-03,763.41,72027.98,55547130.04,2931147.3,29.27,141.90068389262217
336,336,2018-07-04,743.02,77569.19,58005429.19,2853578.11,24.99,132.36273527392018
337,337,2018-07-05,732.78,48002.45,34747645.06,2805575.66,22.1,122.60869495520765
338,338,2018-07-06,772.76,38772.86,28613968.36,2844348.52,26.24,107.98753656532195
339,339,2018-07-07,749.2,41926.97,32105376.41,2802421.55,22.05,93.28869185268209
340,340,2018-07-08,729.59,41767.07,31225217.97,2760654.48,21.46,78.29246701479539
341,341,2018-07-09,686.77,61833.99,43738818.24,2698820.49,25.02,76.13810430024664
342,342,2018-07-10,707.1,37305.42,26268587.92,2736125.91,27.62,70.77233877787566
343,343,2018-07-11,686.84,50127.36,34346196.66,2685998.55,28.18,70.6337148023524
344,344,2018-07-12,694.23,37230.59,26274035.27,2723229.14,21.29,70.86422246624578
345,345,2018-07-13,702.02,18632.73,13256762.69,2741861.87,22.04,67.71983707401975
346,346,2018-07-14,724.17,29797.61,21683866.34,2771659.48,23.86,66.34424199910063
347,347,2018-07-15,801.6,94145.36,73268518.81,2865804.84,28.33,64.615490065736
348,348,2018-07-16,852.79,110511.21,91768694.35,2976316.05,29.99,64.88755437756838
349,349,2018-07-17,824.39,84164.37,72262923.68,2892151.68,30.85,61.64670922408888
350,350,2018-07-18,824.27,49603.76,41050988.37,2842547.92,31.58,56.179054386155194
351,351,2018-07-19,764.92,67661.72,53890147.15,2774886.2,42.33,49.732866715307914
352,352,2018-07-20,787.28,30688.72,23974589.37,2805574.92,42.26,44.653762061055275
353,353,2018-07-21,785.21,36112.83,29264746.66,2769462.09,31.38,45.2289991604492
354,354,2018-07-22,781.91,67574.9,54854241.48,2701887.19,23.46,45.60114114445607
355,355,2018-07-23,865.86,105966.14,89365798.86,2807853.33,37.8,50.47408724614816
356,356,2018-07-24,831.23,58835.38,49966470.58,2749017.95,40.09,52.54364830866477
357,357,2018-07-25,804.03,44927.98,37021659.06,2704089.97,34.4,52.1161674122874
358,358,2018-07-26,820.01,44226.44,35713795.62,2748316.41,34.01,52.6378396966429
359,359,2018-07-27,822.81,19710.25,16075768.8,2768026.66,33.9,50.12180279135927
360,360,2018-07-28,830.31,26899.93,22318264.28,2794926.59,33.68,50.47514266572086
361,361,2018-07-29,814.48,49617.03,40141136.12,2745309.56,16.15,50.91186462106686
362,362,2018-07-30,776.27,44342.7,34619168.72,2700966.86,17.41,50.46673650026265
363,363,2018-07-31,767.83,70446.31,53229988.2,2630520.55,15.95,50.45975589572256
364,364,2018-08-01,731.03,27572.15,20556678.07,2602948.4,16.43,50.95872356706597
365,365,2018-08-02,724.78,36491.36,26135173.47,2566457.04,15.28,51.68199062590284
366,366,2018-08-03,695.86,28061.59,19870749.99,2538395.45,12.3,53.26532699499267
367,367,2018-08-04,709.17,21621.77,15111298.51,2560017.22,18.02,53.999669087945655
368,368,2018-08-05,690.96,27941.95,19452059.92,2532075.27,16.25,55.835054489840836
369,369,2018-08-06,657.05,48316.04,32957166.03,2483759.23,17.85,59.235464176499335
370,370,2018-08-07,588.63,108849.94,65864135.26,2374909.29,28.84,67.06341216794472
371,371,2018-08-08,608.95,49767.56,29922895.3,2424676.85,34.15,71.30302191608892
372,372,2018-08-09,570.32,51840.67,30446730.65,2372836.18,35.51,78.53511580704534
373,373,2018-08-10,563.18,51564.22,28931301.41,2321271.96,32.36,85.013430085052
374,374,2018-08-11,571.36,33344.44,19112794.14,2354616.4,35.4,90.43919267636383
375,375,2018-08-12,531.58,52228.97,28899828.37,2302387.43,36.85,98.13420808189417
376,376,2018-08-13,510.26,87867.04,43252496.84,2214520.39,28.42,106.54043764217856
377,377,2018-08-14,511.19,62524.42,32494939.84,2277044.81,23.67,112.84355138506513
378,378,2018-08-15,516.12,52859.45,27620387.26,2329904.26,22.22,115.94204874522362
379,379,2018-08-16,603.69,53527.04,29708290.38,2383431.3,51.86,115.39309935989884
380,380,2018-08-17,554.89,46735.23,26713631.75,2336696.07,57.85,116.03119046632638
381,381,2018-08-18,570.97,34872.11,19700882.53,2371568.18,53.88,117.2844984200964
382,382,2018-08-19,513.43,55982.96,30091736.99,2315585.22,61.73,119.80606537760426
383,383,2018-08-20,536.47,35468.71,18747634.73,2351053.93,62.81,120.69481412403432
384,384,2018-08-21,518.42,61530.47,33213202.18,2289523.46,63.82,121.78877598851227
385,385,2018-08-22,529.91,27032.26,14135584.38,2316555.72,41.64,117.6164368102071
386,386,2018-08-23,533.45,24395.45,12928440.37,2340951.17,36.66,114.23908040022057
387,387,2018-08-24,536.49,16822.11,9015969.36,2357773.28,35.24,111.33765039516346
388,388,2018-08-25,523.98,18600.0,9725627.21,2339173.28,18.98,106.97988888452596
389,389,2018-08-26,549.3,31184.81,16642654.02,2370358.09,19.6,100.60533404941206
390,390,2018-08-27,565.28,40023.07,22236983.49,2410381.16,15.92,91.98128748976201
391,391,2018-08-28,554.52,32475.45,18104853.98,2377905.71,17.95,83.14409580436136
392,392,2018-08-29,538.73,30645.53,16481797.87,2347260.18,20.48,76.19237491639618
393,393,2018-08-30,542.22,21897.39,11824110.83,2369157.57,20.49,68.34946951251379
394,394,2018-08-31,617.79,81512.64,49007675.86,2450670.21,38.21,62.50723980595602
395,395,2018-09-01,651.05,82052.31,52344931.14,2532722.52,38.47,57.66177593637142
396,396,2018-09-02,628.3,48634.18,30792517.37,2484088.34,42.13,53.858463260902234
397,397,2018-09-03,626.33,49695.6,31572643.13,2434392.74,41.12,48.31091687386786
398,398,2018-09-04,526.8,103741.67,58565824.2,2330651.07,66.55,42.786084164822604
399,399,2018-09-05,519.43,93257.9,47105611.58,2237393.17,66.5,39.45732008771133
400,400,2018-09-06,497.43,41018.7,20843953.7,2196374.47,49.52,40.445316998693386
401,401,2018-09-07,474.24,44527.72,21555031.02,2151846.75,40.46,41.60266614050543
402,402,2018-09-08,479.21,35917.49,17261834.72,2187764.24,43.91,43.3256001888317
403,403,2018-09-09,466.54,35256.14,16679099.45,2152508.1,42.38,45.579321682708546
404,404,2018-09-10,439.9,55527.58,25100909.59,2096980.52,16.72,48.982133050320215
405,405,2018-09-11,431.72,69257.08,29392802.47,2027723.44,16.38,52.74725862461617
406,406,2018-09-12,463.72,76654.82,34702484.31,2104378.26,31.21,54.18312862067664
407,407,2018-09-13,447.5,56328.12,25799557.19,2048050.14,30.14,56.315528983673715
408,408,2018-09-14,448.9,28494.55,12914601.36,2076544.69,29.78,58.26953389502251
409,409,2018-09-15,450.46,27627.24,12182216.17,2104171.93,29.49,58.27480812158494
410,410,2018-09-16,417.55,74136.89,32071089.97,2030035.04,32.37,61.1359264958346
411,411,2018-09-17,432.69,63051.7,27249147.77,2093086.74,34.16,62.36116416376791
412,412,2018-09-18,429.8,66941.99,28649317.31,2026144.75,25.35,64.29123862029472
413,413,2018-09-19,456.12,63097.99,27797015.5,2089242.74,30.3,64.9331867011835
414,414,2018-09-20,501.93,116398.92,56292439.83,2205641.66,39.21,64.92859932439806
415,415,2018-09-21,485.43,58788.84,28553494.64,2146852.82,41.63,64.95139129316539
416,416,2018-09-22,489.53,40569.93,19973994.97,2187422.75,30.89,64.8503882679517
417,417,2018-09-23,462.39,56866.83,26841286.14,2130555.92,37.8,65.07673308901246
418,418,2018-09-24,446.34,72402.41,31894190.27,2058153.51,39.71,65.79297059628328
419,419,2018-09-25,514.23,229973.88,117166616.63,2288127.39,53.14,65.22109590663673
420,420,2018-09-26,566.03,241091.88,133187147.75,2529219.27,53.18,65.24703955144803
421,421,2018-09-27,539.29,105327.52,57755776.06,2423891.75,54.62,64.86819145056616
422,422,2018-09-28,538.21,70481.03,37545574.31,2353410.72,54.84,64.85747679404659
423,423,2018-09-29,530.76,55072.59,29426591.14,2298338.13,50.96,64.63177749070138
424,424,2018-09-30,532.4,50999.22,27176277.18,2349337.35,48.1,61.01354969259116
425,425,2018-10-01,531.74,61234.31,33002215.66,2288103.04,31.72,54.08565326584988
426,426,2018-10-02,516.3,58751.81,30392296.02,2229351.23,13.22,47.90023688659
427,427,2018-10-03,513.69,38156.99,19892322.97,2191194.24,7.85,40.604281915623
428,428,2018-10-04,520.37,27945.03,14431078.16,2219139.27,9.674,40.39249774569855
429,429,2018-10-05,509.93,27474.07,14019498.58,2191665.2,10.28,40.148104698950256
430,430,2018-10-06,519.66,30823.63,15886038.91,2222488.83,12.27,40.59801701740441
431,431,2018-10-07,529.86,36326.43,19111969.11,2258815.26,13.84,41.34251150413575
432,432,2018-10-08,518.92,23324.29,12153999.14,2235490.97,12.4,41.716080513953
433,433,2018-10-09,513.62,36590.74,18728058.54,2198900.23,12.69,41.75102596163247
434,434,2018-10-10,431.47,128583.73,58768665.85,2070316.5,47.73,42.12629261154767
435,435,2018-10-11,441.0,42207.56,18671646.19,2112524.06,49.87,41.71806957654844
436,436,2018-10-12,449.93,21174.89,9470666.41,2133698.95,49.95,42.091854871816444
437,437,2018-10-13,438.99,25225.11,11254615.28,2108473.84,47.99,42.4123619530334
438,438,2018-10-14,463.11,138568.32,65292700.48,2247042.16,53.28,42.02374261178771
439,439,2018-10-15,458.99,35760.9,16410383.7,2211281.26,53.3,41.77704698409136
440,440,2018-10-16,450.87,38936.35,17608046.61,2172344.91,19.6,40.19729489952917
441,441,2018-10-17,439.55,50827.65,22679368.52,2121517.26,20.66,39.87164074991508
442,442,2018-10-18,441.99,32515.74,14289026.18,2154033.0,19.75,39.280499132104985
443,443,2018-10-19,449.57,20249.13,9039725.68,2174282.13,18.95,39.502973116663085
444,444,2018-10-20,451.07,28732.69,13046808.2,2203014.82,10.47,40.12797061583678
445,445,2018-10-21,452.57,20292.46,9146964.06,2223307.28,10.52,40.69697375852142
446,446,2018-10-22,444.87,26626.15,11825085.48,2196681.13,10.44,41.476653751660265
447,447,2018-10-23,444.95,23811.73,10689614.19,2220492.86,7.29,41.95665214609808
448,448,2018-10-24,442.73,16930.17,7517283.3,2203562.69,7.401,42.08131813222416
449,449,2018-10-25,441.13,22741.96,10031527.61,2180820.73,5.062,42.537522936632506
450,450,2018-10-26,438.48,16601.68,7293205.65,2164219.05,4.627,40.3881986803324
451,451,2018-10-27,441.15,12699.51,5575762.88,2176918.56,5.08,39.37088067995895
452,452,2018-10-28,416.51,38343.75,16236282.9,2138574.81,15.29,39.07211157573679
453,453,2018-10-29,422.16,16364.76,6854500.29,2154939.57,16.51,38.518945802623435
454,454,2018-10-30,425.36,34557.6,14584239.2,2189497.17,17.09,37.376586875142756
455,455,2018-10-31,425.0,14770.26,6260989.34,2174726.91,17.15,35.88980369399798
456,456,2018-11-01,463.8,80798.22,36809595.29,2255525.13,30.47,34.38897039830909
457,457,2018-11-02,479.96,61550.05,29123320.77,2317075.18,31.15,33.10183986445617
458,458,2018-11-03,569.53,277913.54,151468799.18,2594988.72,43.73,37.21059977674955
459,459,2018-11-04,561.85,158807.55,88701021.92,2436181.17,46.34,40.635845657463065
460,460,2018-11-05,631.45,190515.57,113372528.45,2626696.74,47.44,50.10144231753377
461,461,2018-11-06,618.32,148791.82,92706620.19,2477904.92,50.13,56.218272298499194
462,462,2018-11-07,576.75,145760.55,86279430.76,2332144.37,60.16,58.91699306123513
463,463,2018-11-08,544.31,163205.37,92225896.4,2168939.0,65.32,59.942022655215084
464,464,2018-11-09,556.78,83378.3,45873471.96,2252317.3,44.6,61.375452037088436
465,465,2018-11-10,533.77,120449.23,64605255.91,2131868.07,45.79,61.88143565043756
466,466,2018-11-11,516.24,215691.91,112640688.64,1916176.16,21.43,61.984681671783626
467,467,2018-11-12,514.92,247736.24,131050022.53,1668439.92,22.89,61.743263585262866
468,468,2018-11-13,444.16,361925.91,169811852.25,1306514.01,38.71,62.05967529390187
469,469,2018-11-14,381.98,178797.94,75199791.09,1127716.07,48.54,64.63870387483814
470,470,2018-11-15,355.2,5941.83,2231459.99,1121774.24,40.75,68.41229054478829
471,471,2018-11-16,361.43,5349.2,1833112.02,1127123.44,47.51,71.33249059738422
472,472,2018-11-17,338.1,4307.66,1522192.12,1122815.78,46.41,75.39314425064336
473,473,2018-11-18,266.14,5173.46,1559363.82,1117642.32,58.45,84.15890276765604
474,474,2018-11-19,247.55,3531.42,887007.68,1114110.9,57.73,93.0801388157126
475,475,2018-11-20,258.34,8264.47,2122500.16,1122375.37,65.18,100.00907641337245
476,476,2018-11-21,250.22,1825.29,481025.2,1120550.08,65.69,106.59169840062278
477,477,2018-11-22,229.97,1152.63,278865.41,1119397.45,61.03,113.63145391252436
478,478,2018-11-23,196.11,1135.32,265230.41,1118262.13,64.86,121.92855962811497
479,479,2018-11-24,205.38,1777.09,356527.64,1120039.22,52.33,128.61505402314918
480,480,2018-11-25,195.69,1441.8,296754.59,1118597.42,51.56,135.0440041781975
481,481,2018-11-26,205.28,1026.49,217549.81,1119623.91,52.29,140.19320138794376
482,482,2018-11-27,219.44,1285.55,280959.41,1120909.46,59.56,144.26156444370545
483,483,2018-11-28,208.28,1310.67,283466.74,1119598.79,57.21,148.34752500714453
484,484,2018-11-29,192.66,1423.46,283469.43,1118175.33,41.65,152.60404205527269
485,485,2018-11-30,196.05,1244.19,250438.09,1119419.52,39.35,156.21442295987873
486,486,2018-12-01,198.23,1425.67,288500.83,1120845.19,37.22,158.6505613731676
487,487,2018-12-02,181.88,1757.38,331632.42,1119087.81,40.25,160.74759659238487
488,488,2018-12-03,174.49,1457.42,266292.25,1117630.39,28.89,159.03855922999375
489,489,2018-12-04,151.42,1329.84,222865.87,1116300.55,40.42,157.41872544998276
490,490,2018-12-05,119.77,1883.42,258905.24,1114417.13,63.9,151.42545171055397
491,491,2018-12-06,104.98,51857.75,5337938.35,1062559.38,56.47,144.7829006128943
492,492,2018-12-07,100.29,47938.29,4845660.88,1014621.09,47.82,139.11805482204468
493,493,2018-12-08,107.38,61071.28,6501455.68,1075692.37,68.92,133.4249768105459
494,494,2018-12-09,102.17,28165.78,2909709.05,1047526.59,68.47,124.93260740351906
495,495,2018-12-10,95.71,32836.91,3191963.03,1014689.68,66.43,116.14494341518997
496,496,2018-12-11,97.03,18136.57,1774167.92,1032826.25,45.35,106.22404637443938
497,497,2018-12-12,87.11,33919.33,3152924.52,998906.92,41.18,93.70962526402803
498,498,2018-12-13,79.72,73565.02,6071163.79,925341.9,44.02,85.44174867177092
499,499,2018-12-14,76.45,30666.13,2388660.16,894675.77,27.87,80.70184065540587
500,500,2018-12-15,79.06,36979.71,2983773.19,931655.48,37.13,76.4627991894304
501,501,2018-12-16,88.47,53538.41,4623729.51,985193.89,54.5,69.77475003639765
502,502,2018-12-17,104.48,113003.54,11036558.27,1098197.43,73.27,62.88377166251908
503,503,2018-12-18,126.63,288190.22,36384073.1,1386387.65,74.98,59.902066880449226
504,504,2018-12-19,192.61,467405.85,81043647.36,1853793.5,104.79,57.81022045022691
505,505,2018-12-20,192.64,448044.52,90123801.25,2301838.02,98.64,54.8993345436119
506,506,2018-12-21,197.72,183634.44,35528967.63,2485472.46,99.45,52.44177265823795
507,507,2018-12-22,196.76,147990.44,29227568.46,2337482.02,108.21,51.03220710445616
508,508,2018-12-23,181.77,234436.79,46511508.63,2103045.23,121.1,50.64265743715404
509,509,2018-12-24,171.42,205244.89,33743785.87,1897800.34,121.91,49.70170825365478
510,510,2018-12-25,175.68,130612.72,23008335.28,2028413.06,28.9,49.16433070155044
511,511,2018-12-26,148.46,122997.84,19430935.91,1905415.22,49.37,47.91444391924041
512,512,2018-12-27,174.34,163805.76,26481621.96,2069220.98,73.32,46.17284526145546
513,513,2018-12-28,162.53,85392.24,14427719.69,1983828.74,74.18,44.68967878088081
514,514,2018-12-29,163.22,60342.15,9783009.02,2044170.89,72.93,43.852698053253256
515,515,2018-12-30,149.23,64111.08,9981144.28,1980059.81,74.89,42.640477376755726
516,516,2018-12-31,165.02,80892.54,12956870.86,2060952.35,81.59,41.47536707518168
517,517,2019-01-01,171.7,85370.16,14220887.19,2146322.51,63.88,41.14670359275212
518,518,2019-01-02,160.99,69988.31,11588674.28,2076334.2,49.11,40.80562177291185
519,519,2019-01-03,160.64,62713.95,9980589.15,2013620.25,45.54,40.94861009245396
520,520,2019-01-04,159.38,51345.59,8312667.32,1962274.66,45.52,40.9858012826355
521,521,2019-01-05,166.39,65799.15,10801193.22,2028073.81,37.04,40.75481324085449
522,522,2019-01-06,160.89,40457.46,6624238.97,1987616.35,27.44,40.15632610728801
523,523,2019-01-07,161.31,44403.79,7140897.82,2032020.14,23.87,39.70267729034238
524,524,2019-01-08,160.44,34312.62,5505506.59,1997707.52,16.37,38.95417540658866
525,525,2019-01-09,134.23,174762.69,24646517.39,1822944.83,50.65,37.82628368567743
526,526,2019-01-10,130.49,85088.31,11156229.59,1737856.52,50.17,36.742931161556925
527,527,2019-01-11,133.8,62684.05,8472596.61,1800540.57,47.98,34.96244662028453
528,528,2019-01-12,125.37,62728.17,7969088.77,1737812.4,48.57,32.67718012142022
529,529,2019-01-13,133.16,72310.1,9411990.71,1810122.5,55.16,29.630055533488747
530,530,2019-01-14,126.98,53804.6,7010000.33,1756317.9,54.56,26.567798253168753
531,531,2019-01-15,128.31,33001.24,4244799.04,1789319.14,31.37,23.948039223321963
532,532,2019-01-16,130.28,38777.17,4999397.17,1828096.31,31.05,22.402150525318085
533,533,2019-01-17,127.31,24498.86,3130374.12,1803597.45,30.33,22.369552534031666
534,534,2019-01-18,129.77,29344.62,3823846.8,1832942.07,24.55,21.96535103498331
535,535,2019-01-19,122.41,44011.16,5466497.76,1788930.91,22.31,21.666985585583955
536,536,2019-01-20,122.18,24247.26,2966180.33,1764683.65,19.56,20.740426912284907
537,537,2019-01-21,127.97,71911.96,8995406.68,1836595.61,24.1,19.274706792895877
538,538,2019-01-22,132.11,83773.0,11024345.88,1920368.61,25.42,18.465975698668874
539,539,2019-01-23,129.45,37765.57,4877100.71,1882603.04,25.19,18.155023572488734
540,540,2019-01-24,127.09,24943.78,3165737.39,1857659.26,25.1,17.55505744656232
541,541,2019-01-25,125.94,19781.1,2518550.64,1837878.16,18.32,17.844897338807034
542,542,2019-01-26,121.4,30469.67,3737223.38,1807408.49,21.53,17.291963148766783
543,543,2019-01-27,111.53,113340.83,12663652.8,1694067.66,25.08,17.672844644090812
544,544,2019-01-28,109.61,49649.39,5457904.04,1644418.27,18.33,17.948707173316926
545,545,2019-01-29,117.27,77965.82,8988394.8,1722384.09,32.56,18.216666790705503
546,546,2019-01-30,113.59,54029.45,6253935.65,1668354.64,32.83,17.917461235468352
547,547,2019-01-31,115.26,57672.42,6599782.15,1726027.06,34.03,16.909226839123175
548,548,2019-02-01,121.1,48059.6,5721700.63,1774086.66,36.97,16.229197556607822
549,549,2019-02-02,118.14,35166.7,4169735.36,1738919.96,27.33,15.49849501029948
550,550,2019-02-03,118.17,21233.62,2512881.88,1760153.58,26.21,14.6801308560957
551,551,2019-02-04,116.58,22309.06,2617098.75,1737844.52,19.69,13.081845909957122
552,552,2019-02-05,114.18,97133.74,11177947.92,1640710.78,18.36,11.707561467500783
553,553,2019-02-06,114.89,29973.87,3452137.54,1670684.65,17.95,9.820028261442928
554,554,2019-02-07,128.94,133708.33,16656273.55,1804392.98,34.78,7.191785775573683
555,555,2019-02-08,127.97,36457.73,4649994.0,1767935.25,33.56,6.9592928444359465
556,556,2019-02-09,126.49,49168.24,6106215.65,1718767.01,34.11,6.855824648228756
557,557,2019-02-10,121.56,38767.78,4765103.94,1679999.23,36.42,6.5638069709649605
558,558,2019-02-11,121.95,39879.38,4816880.97,1719878.61,35.39,6.547917006537416
559,559,2019-02-12,121.72,45020.7,5535081.78,1674857.91,35.55,6.245046634680097
560,560,2019-02-13,120.67,65060.42,7874902.54,1609797.49,9.907,6.189336435782601
561,561,2019-02-14,120.99,24878.29,3025358.34,1634675.78,10.58,6.080552719726625
562,562,2019-02-15,121.4,19950.61,2435341.86,1654626.39,11.06,5.870244898679958
563,563,2019-02-16,123.92,42673.91,5235194.75,1697300.3,6.376,5.78835736911146
564,564,2019-02-17,143.35,218443.9,29980189.63,1915744.2,38.86,6.886290069232108
565,565,2019-02-18,141.6,139628.62,20382397.57,1776115.58,39.62,7.767530976399732
566,566,2019-02-19,147.14,86928.67,12536022.86,1863044.25,38.12,8.968528858353697
567,567,2019-02-20,141.7,66190.29,9430249.57,1796853.96,42.24,9.5418143831351
568,568,2019-02-21,143.75,51655.5,7386570.02,1848509.46,41.82,10.10879362826029
569,569,2019-02-22,154.07,93428.54,13774907.43,1941938.0,43.09,11.455577374649108
570,570,2019-02-23,127.29,162452.09,23029130.34,1779485.91,60.53,11.456854199953247
571,571,2019-02-24,134.04,94793.32,12709952.73,1874279.23,63.59,11.572865017389198
572,572,2019-02-25,132.82,50793.12,6778061.0,1823486.11,61.76,11.626413492032807
573,573,2019-02-26,131.19,60807.03,7900648.93,1762679.08,61.4,11.349607644153552
574,574,2019-02-27,130.17,62905.8,8260262.96,1699773.28,60.84,10.914563975701345
575,575,2019-02-28,131.41,26989.92,3555827.23,1726763.2,55.38,10.781551212594264
576,576,2019-03-01,130.77,21907.61,2855804.76,1704855.59,16.04,10.466988066940338
577,577,2019-03-02,129.64,19594.69,2558259.8,1685260.9,5.109,10.183776871936063
578,578,2019-03-03,123.69,60862.54,7571530.51,1624398.36,12.38,10.12894770483415
579,579,2019-03-04,132.82,56570.64,7329635.38,1680969.0,25.54,9.95564678896232
580,580,2019-03-05,131.77,42750.08,5619067.75,1638218.92,25.54,9.745248744979198
581,581,2019-03-06,130.41,33822.33,4453661.06,1604396.59,25.6,9.429308363022564
582,582,2019-03-07,128.03,47283.86,6102871.78,1557112.73,26.02,8.951064946487206
583,583,2019-03-08,133.74,56546.9,7527560.25,1613659.63,28.78,8.463000670146444
584,584,2019-03-09,131.75,22993.77,3032634.61,1590665.86,24.75,8.45304716861637
585,585,2019-03-10,129.27,37144.62,4785359.14,1553521.24,15.81,8.438916665119422
586,586,2019-03-11,127.86,43001.18,5468828.68,1510520.06,15.89,8.415642448094124
587,587,2019-03-12,127.97,19932.13,2554563.33,1530452.19,15.85,8.238017560760913
588,588,2019-03-13,132.44,79734.48,10530031.39,1610186.67,17.68,8.036055452736214
589,589,2019-03-14,143.86,102641.27,14388337.13,1712827.94,26.1,8.084172851178273
590,590,2019-03-15,156.58,177982.21,27674464.95,1890810.15,30.51,8.86941680612836
591,591,2019-03-16,155.04,88278.9,13513857.42,1802531.25,29.35,9.333765234156594
592,592,2019-03-17,161.71,155750.11,25160398.51,1958281.36,26.16,10.174558308825235
593,593,2019-03-18,161.31,82110.33,13139470.86,1876171.03,26.6,10.868760405708512
594,594,2019-03-19,159.97,63741.33,10099710.27,1812429.7,29.51,11.57406886095278
595,595,2019-03-20,153.72,129324.51,19833689.56,1683105.19,29.45,11.906237817362557
596,596,2019-03-21,157.1,64717.29,10175609.95,1747822.48,18.66,12.287339475142193
597,597,2019-03-22,166.73,103568.5,17087384.92,1851390.98,23.89,13.295086448618484
598,598,2019-03-23,164.18,60458.6,9910476.81,1790932.38,22.6,14.013644110738875
599,599,2019-03-24,159.79,93733.57,15009868.91,1697198.81,24.0,14.243383061357349
600,600,2019-03-25,159.3,60877.71,9543209.53,1636321.1,23.91,14.412289678992126
601,601,2019-03-26,171.34,112719.89,18881307.13,1749040.99,26.92,15.315037445337945
602,602,2019-03-27,168.66,51398.83,8688026.17,1697642.16,28.33,15.890353308656904
603,603,2019-03-28,171.19,47312.53,8048039.99,1744954.69,24.03,16.440638449943496
604,604,2019-03-29,167.7,47878.82,8059977.38,1697075.87,24.44,16.667519328706234
605,605,2019-03-30,169.54,24572.75,4131276.96,1721648.62,22.35,16.916606395849822
606,606,2019-03-31,167.89,35237.61,5934973.61,1686411.01,22.76,16.975673534564333
607,607,2019-04-01,243.2,350826.03,73060624.04,2037237.04,101.26,23.772010403387792
608,608,2019-04-02,301.25,1203026.84,353867698.71,3240263.88,105.44,35.464046673143116
609,609,2019-04-03,287.02,504121.25,149236447.42,2736142.63,110.94,42.10998979954324
610,610,2019-04-04,294.59,183671.6,53663123.74,2919814.23,107.7,47.90511788940822
611,611,2019-04-05,306.76,298042.05,92370277.82,3217856.28,106.0,53.44981923023903
612,612,2019-04-06,321.07,218463.63,69264844.89,3436319.91,102.05,58.90249045432839
613,613,2019-04-07,310.5,187524.8,58344703.62,3248795.11,61.65,62.65542798676751
614,614,2019-04-08,296.41,96092.3,28837125.55,3152702.81,29.44,64.76691524935904
615,615,2019-04-09,305.06,150729.84,46064441.07,3303432.65,26.17,66.71282111863744
616,616,2019-04-10,271.56,237693.52,65985081.89,3065739.13,41.95,66.58819309928758
617,617,2019-04-11,282.84,176226.0,48645060.51,3241965.13,41.97,66.51135767583749
618,618,2019-04-12,279.36,86715.69,24283008.82,3155249.44,37.54,66.09167955091021
619,619,2019-04-13,290.04,64997.86,18362761.65,3220247.3,40.59,66.14296269200752
620,620,2019-04-14,312.93,413132.44,128952196.1,3633379.74,44.57,67.22918463825498
621,621,2019-04-15,317.25,185022.64,58402033.88,3818402.38,44.17,68.01631891828275
622,622,2019-04-16,310.62,112155.45,35040775.26,3706246.93,23.97,68.34399166890627
623,623,2019-04-17,306.99,82129.42,25388253.71,3624117.51,24.64,68.15453385883727
624,624,2019-04-18,307.25,117668.41,35421795.34,3741785.92,23.66,67.55602424619273
625,625,2019-04-19,300.81,58114.73,17681458.86,3683671.19,24.26,66.09511128476362
626,626,2019-04-20,291.33,128111.9,37085432.86,3555559.29,11.01,64.17743521879424
627,627,2019-04-21,293.3,93189.92,27280779.92,3648749.21,9.677,62.416865187889925
628,628,2019-04-22,289.2,125912.83,37820816.28,3522836.38,9.349,60.09071629196085
629,629,2019-04-23,279.33,141165.3,39312949.63,3381671.08,11.18,56.97394688821517
630,630,2019-04-24,265.27,118299.25,32333250.87,3263371.83,13.16,53.309942425193896
631,631,2019-04-25,264.88,119918.91,31761113.3,3143452.92,14.58,50.013932058959135
632,632,2019-04-26,262.66,34869.46,9201776.64,3108583.46,14.44,46.076201975682956
633,633,2019-04-27,255.8,61907.08,16025847.26,3046676.38,12.25,41.86207521447729
634,634,2019-04-28,238.92,97158.74,23422080.37,2949517.64,16.75,37.11757848105178
635,635,2019-04-29,271.31,137872.08,34867053.42,3087389.72,45.79,30.694416767351115
636,636,2019-04-30,272.69,126162.69,34414774.18,3213552.41,43.22,21.627587799409838
637,637,2019-05-01,270.56,89087.78,24470675.87,3124464.63,43.33,20.218513662256115
638,638,2019-05-02,292.79,151448.71,43629771.01,3275913.34,47.42,20.094398144254097
639,639,2019-05-03,292.72,217558.27,63817324.6,3058355.07,45.78,20.108787979915196
640,640,2019-05-04,294.86,101984.67,30056800.74,3160339.74,36.3,20.111670943984564
641,641,2019-05-05,290.17,113126.13,32853655.18,3047213.61,22.6,19.818281691246476
642,642,2019-05-06,283.86,146752.0,42839941.64,2900461.61,24.35,18.812830975388497
643,643,2019-05-07,287.54,83194.16,23572336.19,2983655.77,23.91,18.27081948657025
644,644,2019-05-08,284.11,98489.31,28161569.82,2885166.46,9.097999999999999,18.16555825676162
645,645,2019-05-09,286.52,122840.74,35310127.11,3008007.2,9.77,17.789841286158126
646,646,2019-05-10,353.18,375539.28,123913763.84,3383546.48,58.55,21.52581425158164
647,647,2019-05-11,356.02,408803.29,144958491.12,3792349.77,57.25,24.852856865278305
648,648,2019-05-12,383.25,377114.08,143493873.56,4169463.85,54.84,30.01099232328187
649,649,2019-05-13,388.77,296523.15,114852787.87,4465987.0,54.76,34.66637837355427
650,650,2019-05-14,403.81,250520.41,97882064.61,4716507.41,51.37,39.72371873324807
651,651,2019-05-15,398.77,391468.97,161876643.38,4325038.44,53.42,43.55759686565421
652,652,2019-05-16,368.02,315843.4,115042989.58,4009195.04,34.2,45.15452804904001
653,653,2019-05-17,358.12,95071.07,34558383.36,3914123.97,35.39,46.20487700782845
654,654,2019-05-18,418.08,264438.22,107699210.92,4178562.19,52.48,50.52133315759988
655,655,2019-05-19,414.38,214993.28,87055835.47,3963568.91,52.86,53.955889429571506
656,656,2019-05-20,416.79,182584.93,76609481.39,4146153.84,52.11,56.943675595653694
657,657,2019-05-21,387.71,162658.6,65732095.21,3983495.24,56.21,58.136094619301936
658,658,2019-05-22,405.65,130377.67,50832341.63,4113872.91,51.5,59.803131951952075
659,659,2019-05-23,408.76,135798.18,55973917.59,4249671.09,49.76,61.05889267605343
660,660,2019-05-24,406.03,54953.29,22426929.5,4194717.8,25.27,61.38434667083397
661,661,2019-05-25,433.75,124749.0,52137891.49,4319466.8,31.51,62.569088710538196
662,662,2019-05-26,440.37,152981.48,66829163.24,4472448.28,31.57,63.44761702995508
663,663,2019-05-27,433.79,76197.28,33114040.89,4396251.0,20.56,63.096935841940216
664,664,2019-05-28,456.69,137278.34,61507293.04,4533529.34,21.31,62.23400776064698
665,665,2019-05-29,421.86,237946.78,107290244.36,4295582.56,34.43,61.00738059361999
666,666,2019-05-30,442.98,95221.92,40854340.57,4390804.48,35.96,60.168343233543645
667,667,2019-05-31,432.47,68530.82,30003536.3,4322273.66,32.77,58.23373438332924
668,668,2019-06-01,441.57,53742.25,23737992.09,4376015.91,33.04,57.34356010098896
669,669,2019-06-02,401.39,137787.55,58104669.93,4238228.36,42.14,55.046822473972306
670,670,2019-06-03,382.94,187499.57,72087631.84,4050728.79,37.1,52.45449093227178
671,671,2019-06-04,397.48,131307.53,51962385.59,4182036.32,36.71,49.237183411961084
672,672,2019-06-05,397.09,92350.57,35756818.88,4089685.75,31.92,44.99127014809096
673,673,2019-06-06,399.39,78996.24,31595052.7,4168681.99,32.45,40.2881106559759
674,674,2019-06-07,393.63,39788.04,15706250.27,4128893.95,30.56,34.173539242608335
675,675,2019-06-08,380.68,67096.98,25579357.36,4061796.97,19.77,26.83502158461128
676,676,2019-06-09,394.5,79989.94,31039434.41,4141786.91,18.36,25.137332002982404
677,677,2019-06-10,388.16,66356.62,25737852.56,4075430.29,15.61,23.593692893781913
678,678,2019-06-11,397.11,80643.99,31770101.19,4156074.28,17.23,23.25471931830165
679,679,2019-06-12,412.06,119959.01,49473837.96,4276033.29,19.97,23.011779644609692
680,680,2019-06-13,421.34,77679.52,31932177.43,4353712.81,19.25,23.12921062998252
681,681,2019-06-14,423.46,58440.41,24564863.54,4412153.22,13.35,23.214384821527336
682,682,2019-06-15,427.54,84629.57,36404273.12,4496782.79,12.09,22.089009388051068
683,683,2019-06-16,431.17,56053.41,24182555.67,4552836.2,7.9620000000000015,19.96061949371803
684,684,2019-06-17,413.43,88496.97,36616343.2,4464339.23,17.55,19.942897393184
685,685,2019-06-18,416.59,48638.32,20088471.63,4512977.55,14.7,19.95044612754158
686,686,2019-06-19,412.85,42471.29,17518394.29,4470506.26,13.26,19.94132094214984
687,687,2019-06-20,441.28,103795.72,44630441.92,4574301.98,23.25,19.95868223192769
688,688,2019-06-21,480.49,239376.19,112677388.08,4813678.17,31.46,23.146424278813303
689,689,2019-06-22,475.76,92339.98,44732269.23,4721338.19,32.39,25.379212520470507
690,690,2019-06-23,478.2,56085.82,26360097.38,4777424.01,27.04,27.359569289782808
691,691,2019-06-24,477.0,73548.6,34916087.6,4703875.41,27.71,29.068011412367955
692,692,2019-06-25,481.92,242599.25,118513049.71,4946474.66,26.25,30.82283870355579
693,693,2019-06-26,412.17,260239.79,110940626.9,4686234.87,52.03,30.866836014005894
694,694,2019-06-27,434.11,123881.14,52122013.48,4810116.01,47.21,30.323847782992605
695,695,2019-06-28,440.01,78570.5,33614175.72,4888686.51,47.93,30.46685374509036
696,696,2019-06-29,399.3,96211.82,40200907.61,4792474.69,52.27,30.58647204724892
697,697,2019-06-30,416.23,109161.52,43981566.59,4901636.21,55.52,30.553785673199418
698,698,2019-07-01,407.46,109271.49,43612905.13,4792364.72,54.54,30.446249573662374
699,699,2019-07-02,421.99,57043.86,23558238.64,4849408.58,36.83,30.2164732113399
700,700,2019-07-03,400.03,51770.12,21384120.63,4797638.46,35.81,29.61278459732357
701,701,2019-07-04,400.06,48472.13,19392974.22,4846110.59,35.1,29.541535164634663
702,702,2019-07-05,406.54,38512.2,15750765.82,4884622.79,23.7,29.31072367406065
703,703,2019-07-06,412.55,34873.99,14174122.05,4919496.78,20.84,29.045324343260233
704,704,2019-07-07,417.88,46873.57,19414907.41,4966370.35,20.03,28.525240811106627
705,705,2019-07-08,415.33,69890.66,29269652.25,4896479.69,17.41,27.386881824885513
706,706,2019-07-09,388.88,99871.34,39846169.64,4796608.35,20.58,27.62244964039615
707,707,2019-07-10,345.5,273063.92,93957767.67,4523544.43,36.6,30.530907731262122
708,708,2019-07-11,352.93,186987.08,65443003.36,4710531.51,37.12,32.831926612000096
709,709,2019-07-12,344.53,119828.17,41085756.93,4590703.34,35.06,35.733299516922635
710,710,2019-07-13,281.76,244838.17,77101201.37,4345865.17,54.32,43.7295707638857
711,711,2019-07-14,313.01,309892.01,91864491.81,4655757.18,70.71,47.49987622486602
712,712,2019-07-15,282.28,347561.39,101758918.39,4308195.79,72.28,52.90936064758494
713,713,2019-07-16,292.19,330468.22,95838792.36,4638664.01,72.05,56.6461331871448
714,714,2019-07-17,314.47,230479.7,69799321.15,4869143.71,76.39,58.80243886175324
715,715,2019-07-18,307.86,163669.56,50081406.36,4705474.15,76.38,60.977251082174085
716,716,2019-07-19,324.8,195955.21,62986755.99,4901429.36,49.58,62.20276797993868
717,717,2019-07-20,320.93,118892.99,38081486.97,4782536.37,42.34,62.807390443848895
718,718,2019-07-21,310.64,183958.42,57474335.11,4598577.95,28.87,61.849840665462416
719,719,2019-07-22,297.58,150347.91,45670836.74,4448230.04,31.91,61.140896958728014
720,720,2019-07-23,302.63,204618.96,60370396.94,4652849.0,23.6,59.46056779036234
721,721,2019-07-24,302.03,169247.61,51568262.12,4483601.39,23.11,57.21855365837963
722,722,2019-07-25,317.73,167711.76,52346945.89,4651313.15,22.5,53.364138749547934
723,723,2019-07-26,305.64,171149.21,53008785.9,4480163.94,24.43,53.27916016215391
724,724,2019-07-27,309.82,149036.81,45261175.71,4629200.75,23.56,51.799358546803525
725,725,2019-07-28,305.95,92698.04,28570003.08,4536502.71,19.94,49.66146779970588
726,726,2019-07-29,318.01,116696.51,36742955.88,4653199.22,21.87,48.93791575209506
727,727,2019-07-30,329.03,161338.26,53071588.05,4814537.48,22.55,47.089920174780474
728,728,2019-07-31,329.18,105665.29,34340239.98,4920202.77,19.32,45.459137068214744
729,729,2019-08-01,327.98,125264.19,41000987.36,4794938.58,13.77,42.70185167185522
730,730,2019-08-02,335.48,130405.48,44114738.58,4925344.06,14.08,40.950707486884625
731,731,2019-08-03,336.14,89762.11,30022200.81,5015106.17,12.18,38.99926594650266
732,732,2019-08-04,347.54,173503.32,60305056.6,5188609.49,11.37,36.499608368210026
733,733,2019-08-05,335.58,132961.01,45561587.72,5055648.48,15.61,33.011857272394344
734,734,2019-08-06,338.43,132684.64,44842605.28,5188333.12,15.63,28.334389535387007
735,735,2019-08-07,333.88,137085.14,45624154.52,5051247.98,16.3,22.661572996768665
736,736,2019-08-08,314.83,131171.81,41936465.68,4920076.17,21.61,18.8012150621791
737,737,2019-08-09,315.84,118082.34,37149144.0,5038158.51,21.68,18.143135112828645
738,738,2019-08-10,338.63,85566.14,28120038.77,5123724.65,29.01,17.373182729688217
739,739,2019-08-11,330.21,91836.72,30588387.06,5031887.93,28.22,16.801127343074842
740,740,2019-08-12,347.12,136581.64,46304096.57,5168469.57,31.64,16.25772574608762
741,741,2019-08-13,311.1,202429.2,67051320.31,4966040.37,44.33,16.287789026676666
742,742,2019-08-14,314.39,250545.17,76081465.63,5216585.54,41.8,14.742657022740955
743,743,2019-08-15,309.26,142658.04,44170663.39,5073927.5,41.99,13.917828428283599
744,744,2019-08-16,306.77,100449.39,30906574.38,4973478.11,34.82,14.113748856339646
745,745,2019-08-17,316.98,108338.5,34014365.91,5081816.61,36.98,13.921580291558556
746,746,2019-08-18,325.02,90766.26,29140317.1,5172582.87,34.16,13.923633778020253
747,747,2019-08-19,315.36,93596.53,29755905.32,5078986.34,16.22,13.963678977007893
748,748,2019-08-20,303.64,141065.75,42504215.29,4937920.59,19.06,14.198570739081527
749,749,2019-08-21,312.18,101389.39,30708868.83,5039309.98,20.56,13.616134428677944
750,750,2019-08-22,315.86,107046.87,33327840.72,5146356.85,20.44,13.201456942342341
751,751,2019-08-23,305.68,127741.8,39236376.91,5018615.05,20.28,13.030072837829401
752,752,2019-08-24,305.75,105497.7,32349830.38,5124112.75,17.94,13.338256774830928
753,753,2019-08-25,311.05,89895.85,27931276.64,5214008.6,17.88,13.15346118945837
754,754,2019-08-26,308.36,109029.2,33536678.27,5104979.4,14.17,13.20099700599325
755,755,2019-08-27,292.44,112352.6,33855555.2,4992626.8,17.88,13.958716948516225
756,756,2019-08-28,279.86,121398.65,34236733.81,4871228.15,18.04,15.854888875756467
757,757,2019-08-29,278.99,103983.5,29054458.0,4767244.65,18.01,17.405220715611065
758,758,2019-08-30,279.58,144982.18,40237332.23,4912226.83,18.16,18.630787216246834
759,759,2019-08-31,281.26,113433.28,31609700.22,5025660.11,16.62,19.564267771794846
760,760,2019-09-01,293.61,102410.29,29426504.85,5128070.4,23.29,19.539468409998776
761,761,2019-09-02,300.29,112309.75,33645756.04,5240380.15,19.15,19.201149657224494
762,762,2019-09-03,294.14,114560.5,33984310.4,5125819.65,14.5,18.27610150141888
763,763,2019-09-04,292.53,126802.31,36933638.95,4999017.34,14.67,17.92871588629659
764,764,2019-09-05,286.57,114996.2,33881766.58,4884021.14,16.6,17.498343159612073
765,765,2019-09-06,300.23,118621.49,34892156.82,5002642.63,20.2,16.805380162674144
766,766,2019-09-07,306.74,96887.73,29449130.3,5099530.36,17.93,16.727699046805785
767,767,2019-09-08,304.46,107210.17,32699415.07,4992320.19,17.53,16.625142861660525
768,768,2019-09-09,304.13,83339.3,25409721.19,4908980.89,16.02,15.410597428446948
769,769,2019-09-10,299.25,84200.61,25196716.91,4824780.28,16.9,14.643751639083902
770,770,2019-09-11,300.16,68791.06,20535383.95,4893571.34,15.03,12.100404590862821
771,771,2019-09-12,298.25,47838.9,14214105.84,4845732.44,8.449,11.98876959637592
772,772,2019-09-13,304.67,71641.66,21618759.83,4917374.1,8.413,11.755413626854471
773,773,2019-09-14,303.19,54635.5,16619593.15,4862738.6,8.271,11.662030047371342
774,774,2019-09-15,307.77,79977.23,24414017.85,4942715.83,9.276,11.68080073219864
775,775,2019-09-16,318.36,147598.06,46667239.0,5090313.89,10.46,11.7486929377413
776,776,2019-09-17,323.73,149075.98,48535781.89,5239389.87,10.27,11.659694052611533
777,777,2019-09-18,323.34,162827.74,51109339.58,5076562.13,9.509,12.08342400751262
778,778,2019-09-19,315.86,123223.93,39025053.66,4953338.2,13.2,12.37097868708725
779,779,2019-09-20,311.97,71177.2,22281697.55,4882161.0,13.88,12.364849214210423
780,780,2019-09-21,307.65,74197.44,22732611.67,4807963.56,14.2,12.12698226945695
781,781,2019-09-22,292.15,109517.13,33070414.94,4698446.43,15.09,12.210888414045668
782,782,2019-09-23,222.9,421399.6,104437620.9,4277046.83,68.22,18.710218576852775
783,783,2019-09-24,227.96,560676.16,126225130.42,4837722.99,70.32,22.496433331572383
784,784,2019-09-25,214.26,392725.35,85823669.9,4444997.64,69.42,26.77307976304185
785,785,2019-09-26,220.16,242271.33,52126287.41,4687268.97,72.75,29.829480434407596
786,786,2019-09-27,227.24,185984.61,41452280.79,4873253.58,76.11,31.908740488123765
787,787,2019-09-28,218.28,183071.7,40059064.95,4690181.88,76.16,34.33575176559474
788,788,2019-09-29,227.45,178022.91,39625410.12,4868204.79,28.47,35.95402770906124
789,789,2019-09-30,223.06,248000.95,56336855.93,4620203.84,28.27,37.652930438053666
790,790,2019-10-01,225.04,168936.34,37657726.37,4789140.18,21.07,39.002578295240376
791,791,2019-10-02,222.01,108691.28,24105348.91,4680448.9,20.73,40.20253513048318
792,792,2019-10-03,221.55,80788.15,17956272.26,4599660.75,18.29,41.33201555553818
793,793,2019-10-04,222.84,79636.4,17619031.83,4679297.15,14.14,42.26251250613864
794,794,2019-10-05,220.66,75894.05,16731668.75,4603403.1,7.36,43.21935629042975
795,795,2019-10-06,232.97,173244.24,39698627.23,4776647.34,16.22,43.36880173207867
796,796,2019-10-07,231.7,146116.89,33965957.89,4630530.45,16.55,43.23722047057577
797,797,2019-10-08,238.55,149921.34,35267469.47,4780451.79,16.41,42.87637252115552
798,798,2019-10-09,229.56,151046.18,35154626.91,4629405.61,21.3,42.60458788093054
799,799,2019-10-10,220.6,157124.36,35476075.53,4472281.25,24.6,42.59496401751453
800,800,2019-10-11,224.31,118772.67,26598984.53,4591053.92,24.87,42.28459055210424
801,801,2019-10-12,223.02,72734.74,16408986.28,4518319.18,18.49,41.917713904311384
802,802,2019-10-13,228.02,80234.64,18165861.66,4598553.82,20.15,41.012856386305245
803,803,2019-10-14,222.3,104562.04,23373118.15,4493991.78,17.88,40.10359728323198
804,804,2019-10-15,217.15,124904.93,27438933.06,4369086.85,16.33,38.853407763357964
805,805,2019-10-16,220.26,93493.55,20376042.91,4462580.4,13.83,36.53908325574947
806,806,2019-10-17,211.97,104663.88,22370746.74,4357916.52,15.77,33.47566975282905
807,807,2019-10-18,213.15,100071.82,21381558.6,4457988.34,16.28,29.631681476497587
808,808,2019-10-19,224.76,101766.81,22215457.67,4559755.15,22.21,25.365880015558083
809,809,2019-10-20,232.71,158396.51,36429896.0,4718151.66,22.69,20.314866715126204
810,810,2019-10-21,227.0,146144.47,33656928.18,4572007.19,22.86,13.819669012221826
811,811,2019-10-22,210.17,220173.74,46892379.47,4351833.45,31.9,6.456424840599136
812,812,2019-10-23,212.39,145888.42,30876150.8,4497721.87,30.51,6.7616873700372695
813,813,2019-10-24,259.07,326024.99,81010381.15,4823746.86,61.7,9.4098131034493
814,814,2019-10-25,253.02,538780.81,139643714.24,4284966.05,62.92,10.601394079787346
815,815,2019-10-26,260.76,388913.21,99554707.99,4673879.26,62.84,12.359572124536411
816,816,2019-10-27,264.27,346454.9,92550856.64,5020334.16,61.35,14.134953577633281
817,817,2019-10-28,289.2,466657.08,132780563.09,5486991.24,53.04,17.89243375690678
818,818,2019-10-29,288.72,435293.4,127066211.08,5051697.84,53.98,20.812423757021914
819,819,2019-10-30,282.78,319945.78,90589588.37,4731752.06,27.86,22.665784708122384
820,820,2019-10-31,278.53,233343.55,64738686.94,4498408.51,26.92,23.97425635581353
821,821,2019-11-01,289.82,195334.47,55904598.83,4693742.98,27.48,25.729159960966957
822,822,2019-11-02,291.31,214661.96,62401027.39,4908404.94,27.68,27.261134688067084
823,823,2019-11-03,290.54,208841.3,60466138.39,4699563.64,14.05,28.503848219696764
824,824,2019-11-04,292.73,164545.65,48040549.04,4864109.29,14.13,29.575141052479196
825,825,2019-11-05,305.42,219460.96,66118733.65,5083570.25,15.35,31.42703461163554
826,826,2019-11-06,291.9,214599.36,63110398.97,4868970.89,21.16,32.27454323863544
827,827,2019-11-07,276.8,198481.13,56404967.35,4670489.76,23.6,32.568989029980074
828,828,2019-11-08,282.64,63932.54,17972590.58,4734422.3,24.7,32.80086495913099
829,829,2019-11-09,293.08,111345.51,32185040.74,4845767.81,27.13,33.01261723265678
830,830,2019-11-10,286.64,101163.17,29172300.72,4744604.64,27.72,32.958937324167685
831,831,2019-11-11,289.05,108097.98,31077330.48,4852702.62,24.1,32.79249953488315
832,832,2019-11-12,285.35,86468.16,24724884.46,4766234.46,21.29,32.562054125143284
833,833,2019-11-13,277.68,139452.97,38758465.61,4626781.49,16.73,31.827568583732724
834,834,2019-11-14,263.31,186006.38,50211755.14,4440775.11,20.37,30.612360776278567
835,835,2019-11-15,265.34,113147.78,29992945.1,4553922.89,15.34,29.4325802528935
836,836,2019-11-16,266.1,74368.06,19798043.79,4628290.95,16.01,27.586005664175758
837,837,2019-11-17,246.65,157001.48,40216001.59,4471289.47,21.6,25.910366637863994
838,838,2019-11-18,241.95,178036.71,42934892.28,4293252.76,21.31,25.068781843193722
839,839,2019-11-19,243.32,130310.22,31515988.48,4423562.98,23.11,24.597436750824972
840,840,2019-11-20,226.12,220757.99,50955258.61,4202804.99,25.94,24.651177873945578
841,841,2019-11-21,207.4,444494.42,93127655.59,3758310.57,27.81,24.887659613404267
842,842,2019-11-22,215.26,208095.62,43489247.0,3966406.19,33.48,24.6628240032297
843,843,2019-11-23,202.63,156901.26,32610558.78,3809504.93,32.08,27.524516711980155
844,844,2019-11-24,207.59,297084.0,61079274.33,4106588.93,35.61,29.566839317714837
845,845,2019-11-25,211.24,84507.39,17836766.76,4191096.32,36.63,31.24804442797821
846,846,2019-11-26,219.52,200094.18,42719440.49,4391190.5,35.78,32.338707130136804
847,847,2019-11-27,217.71,108837.78,23894719.1,4282352.72,24.81,33.01571921154612
848,848,2019-11-28,224.22,95321.15,21284751.02,4377673.87,24.1,33.26354934542696
849,849,2019-11-29,217.74,93394.18,20601250.95,4284279.69,16.94,33.7816231907302
850,850,2019-11-30,214.45,90872.67,19419899.36,4193407.02,17.77,34.38851808009916
851,851,2019-12-01,213.84,88357.37,18876841.93,4105049.65,17.42,34.51683360929811
852,852,2019-12-02,211.72,75793.16,16167889.03,4029256.49,12.91,34.46985013419755
853,853,2019-12-03,207.66,155072.05,32528139.34,3874184.44,13.41,34.39653408091844
854,854,2019-12-04,211.66,163474.21,34389155.42,4037658.65,10.97,33.84672888485783
855,855,2019-12-05,212.89,96144.21,20343531.37,4133802.86,9.448,32.24746231481319
856,856,2019-12-06,211.21,81240.3,17321512.85,4052562.56,8.863999999999997,31.20815801276796
857,857,2019-12-07,212.56,70324.65,14877619.11,4122887.21,9.177,30.67900738886419
858,858,2019-12-08,208.49,83285.87,17596956.95,4039601.34,10.26,29.78391125512796
859,859,2019-12-09,206.88,87626.38,18144200.97,3951974.96,9.002,27.964840478477065
860,860,2019-12-10,207.09,64914.39,13409159.84,4016889.35,6.5420000000000025,26.211090354740467
861,861,2019-12-11,206.67,77108.05,15879721.8,3939781.3,5.865,23.825283115115365
862,862,2019-12-12,211.53,86637.41,17882875.98,4026418.71,9.413,21.08233476618661
863,863,2019-12-13,206.13,81902.73,17109931.46,3944515.98,11.38,18.58399309993378
864,864,2019-12-14,206.98,73348.63,15199560.57,4017864.61,10.56,16.891617199290028
865,865,2019-12-15,196.44,146961.57,29545022.82,3870903.04,17.48,14.90611139414655
866,866,2019-12-16,176.55,227365.08,42149741.53,3643537.96,31.08,13.523987373585884
867,867,2019-12-17,188.88,320495.75,57783023.76,3964033.71,40.16,12.725969560804323
868,868,2019-12-18,186.2,208668.37,38943812.75,3755365.34,38.28,12.192121989991684
869,869,2019-12-19,187.4,105493.31,19741927.21,3860858.65,38.93,11.098263734890349
870,870,2019-12-20,186.25,78895.1,14740907.02,3781963.55,38.56,11.218087964727042
871,871,2019-12-21,196.47,76321.76,14564798.99,3858285.31,40.73,11.364152875285477
872,872,2019-12-22,190.11,119512.76,23215995.42,3738772.55,26.14,11.592666374752051
873,873,2019-12-23,188.44,109711.78,20757651.21,3629060.77,19.32,11.987712080196363
874,874,2019-12-24,185.29,97310.94,18094273.71,3531749.83,19.5,12.490692700410017
875,875,2019-12-25,187.73,93128.44,17507177.48,3624878.27,19.79,12.760196053802536
876,876,2019-12-26,203.1,218509.64,42996629.01,3843387.91,28.6,12.386731541209977
877,877,2019-12-27,206.22,225286.91,46551515.78,4068674.82,25.78,12.08187613877193
878,878,2019-12-28,212.68,145894.55,30589061.45,4214569.37,22.47,11.533136587172343
879,879,2019-12-29,208.47,165795.79,34839884.53,4048773.58,23.82,11.216022247464316
880,880,2019-12-30,204.65,166123.01,34550019.36,3882650.57,24.03,10.970892989481245
881,881,2019-12-31,204.37,135285.65,27898498.54,3747364.92,24.52,10.732466888622769
882,882,2020-01-01,195.54,136499.94,27275855.13,3610864.98,17.78,10.581918453619924
883,883,2020-01-02,222.05,333174.7,70719039.85,3944039.68,40.53,11.224985579612586
884,884,2020-01-03,224.6,198040.84,44114512.47,4142080.52,40.09,11.879676555176673
885,885,2020-01-04,223.03,84911.43,19045514.11,4057169.09,39.42,12.352819162543872
886,886,2020-01-05,244.13,274392.2,64641282.87,4331561.29,43.01,14.49934132861425
887,887,2020-01-06,242.86,266715.47,64327035.89,4064845.82,43.26,16.160574065795924
888,888,2020-01-07,240.07,353135.84,84991482.21,3711709.98,39.18,17.45086155032812
889,889,2020-01-08,237.99,220155.17,52236674.8,3491554.81,26.01,18.467683971264897
890,890,2020-01-09,271.68,371969.12,93992767.46,3863523.93,41.64,22.02911372723251
891,891,2020-01-10,261.31,384888.46,103276312.68,3478635.47,44.97,24.07223336052696
892,892,2020-01-11,269.94,196393.2,51965010.63,3675028.67,40.26,26.452648964508846
893,893,2020-01-12,267.03,152993.3,40564322.17,3522035.37,40.56,28.27255271883903
894,894,2020-01-13,349.25,890197.66,281075444.83,4412233.03,77.39,37.500779732865155
895,895,2020-01-14,340.11,907541.63,306080932.97,3504691.4,78.95,43.29590761365461
896,896,2020-01-15,327.27,398918.91,128461316.93,3105772.49,78.63,46.31018015237354
897,897,2020-01-16,367.65,513303.42,180012416.51,3619075.91,77.73,52.17491942614389
898,898,2020-01-17,338.44,640571.63,233433120.19,2978504.28,86.56,54.66956382950681
899,899,2020-01-18,339.43,560478.55,192736237.14,3538982.83,85.97,56.685475347750916
900,900,2020-01-19,343.29,374199.94,126229669.95,3913182.77,44.38,58.34388407702718
901,901,2020-01-20,343.52,159096.82,54397013.39,4072279.59,43.72,59.86843551227844
902,902,2020-01-21,348.83,124819.97,43172880.71,4197099.56,41.78,60.969027675905394
903,903,2020-01-22,325.25,246828.29,82201182.37,3950271.27,28.92,60.54968655630812
904,904,2020-01-23,318.68,306375.55,96213829.57,3643895.72,21.02,59.4175427876123
905,905,2020-01-24,310.06,92272.96,28746028.06,3551622.76,20.98,57.826120455160684
906,906,2020-01-25,347.77,143845.82,47302646.66,3695468.58,41.11,57.82386303028648
907,907,2020-01-26,362.42,164215.66,59871510.83,3859684.24,42.41,58.180854971121065
908,908,2020-01-27,378.37,325496.05,120127876.04,4185180.29,43.42,59.12423923253304
909,909,2020-01-28,379.97,351413.31,135497779.2,4536593.6,34.74,59.39962845193649
910,910,2020-01-29,393.55,319921.44,123601151.44,4856515.04,31.35,59.57843492828568
911,911,2020-01-30,374.79,252638.77,95454988.19,4603876.27,35.35,58.193708962024836
912,912,2020-01-31,380.37,157384.75,59912829.62,4761261.02,22.98,55.798298524902144
913,913,2020-02-01,377.0,133004.31,50464955.84,4628256.71,21.92,54.29234717137903
914,914,2020-02-02,384.57,155435.89,59476260.15,4783692.6,19.3,52.67271712042979
915,915,2020-02-03,380.7,195251.61,74423569.89,4588440.99,19.58,50.16492365702841
916,916,2020-02-04,445.01,273162.09,113358428.86,4861603.08,46.64,51.93057982901369
917,917,2020-02-05,445.45,348320.55,153207036.13,5209923.63,41.88,52.714647597964344
918,918,2020-02-06,439.7,215126.55,94915370.9,4994797.08,43.33,52.04424386556588
919,919,2020-02-07,444.4,205063.1,90673440.06,5199860.18,42.35,50.57965254534142
920,920,2020-02-08,449.92,249909.28,112702121.03,5449769.46,42.51,50.89891901499307
921,921,2020-02-09,451.45,217064.88,97215751.06,5666834.34,41.66,49.86774233079626
922,922,2020-02-10,462.68,213479.41,96571753.12,5880313.75,8.326,49.281162567671515
923,923,2020-02-11,474.14,250163.54,118273156.32,6130477.29,9.317,48.290916311033115
924,924,2020-02-12,476.91,242794.81,114415251.59,6373272.1,5.994,50.96534274306244
925,925,2020-02-13,493.99,230169.37,110904680.9,6603441.47,8.197000000000001,53.94233355133803
926,926,2020-02-14,439.2,249381.5,116793480.48,6354059.97,37.53,53.30776725120496
927,927,2020-02-15,413.43,284306.92,120120561.35,6069753.05,40.27,53.1850267462403
928,928,2020-02-16,411.24,365218.09,143563286.61,5704534.96,38.51,52.145124709006474
929,929,2020-02-17,420.12,420992.09,171506601.49,6125527.05,38.2,51.09732444126375
930,930,2020-02-18,379.17,303118.0,123724669.16,5822409.05,42.67,50.12122371934605
931,931,2020-02-19,372.67,274686.55,102657054.11,5547722.5,36.75,49.227919408691704
932,932,2020-02-20,377.75,288648.87,109211074.09,5836371.37,31.41,48.41250140270864
933,933,2020-02-21,373.28,152541.83,56967191.16,5683829.54,29.31,46.484806891310626
934,934,2020-02-22,403.14,186391.75,72795769.09,5870221.29,38.95,43.521493059857484
935,935,2020-02-23,378.68,246241.36,94766538.37,5623979.93,40.83,39.838130212760746
936,936,2020-02-24,353.03,288358.29,104505285.8,5335621.64,35.54,39.563635253614706
937,937,2020-02-25,316.96,351986.32,114305913.16,4983635.32,44.05,42.25076140779637
938,938,2020-02-26,324.56,443964.37,144647455.02,5427599.69,44.94,44.67119764416241
939,939,2020-02-27,315.84,371114.78,117312472.96,5056484.91,44.73,47.469000071777316
940,940,2020-02-28,306.19,276312.51,86574376.14,4780172.4,29.64,50.76835260027085
941,941,2020-02-29,312.59,232531.39,72964275.17,5012703.79,33.74,53.14146237587536
942,942,2020-03-01,338.92,294716.19,96221066.96,5307419.98,42.28,54.20142360282627
943,943,2020-03-02,329.6,286627.74,94641573.29,5020792.24,29.12,55.532036015450466
944,944,2020-03-03,319.55,219445.34,70906054.48,4801346.9,30.02,57.28224484799705
945,945,2020-03-04,337.71,234636.69,78746697.54,5035983.59,32.26,58.18319312960503
946,946,2020-03-05,350.88,268744.46,92979967.44,5304728.05,29.67,57.850991234203626
947,947,2020-03-06,331.25,178483.96,61079340.91,5126244.09,36.76,57.86358285884708
948,948,2020-03-07,273.03,331385.31,98634435.6,4794858.78,58.32,60.53233963814101
949,949,2020-03-08,273.9,504545.17,135567056.05,5299403.95,59.29,62.358396217741706
950,950,2020-03-09,271.48,431160.79,116844942.4,4868243.16,59.59,63.5041881721244
951,951,2020-03-10,267.14,224348.57,59207880.96,4643894.59,53.82,64.20863258911376
952,952,2020-03-11,145.39,821688.66,159801556.87,3822205.93,156.48,72.82784612064944
953,953,2020-03-12,178.18,1133870.11,188380282.3,4956076.04,182.94,75.79859278709614
954,954,2020-03-13,167.04,524432.36,90197144.48,4431643.68,180.7,77.98310668003383
955,955,2020-03-14,178.73,414830.48,72413378.58,4846474.16,184.14,76.70632290096282
956,956,2020-03-15,172.57,557459.19,92298958.06,4289014.97,183.5,78.09526885752618
957,957,2020-03-16,183.23,504655.42,91453864.45,4793670.39,186.75,79.20218992675431
958,958,2020-03-17,184.84,322799.35,58087061.72,5116469.74,62.81,79.56089238589293
959,959,2020-03-18,221.92,412948.97,86071220.25,5529418.71,58.25,77.25896278473434
960,960,2020-03-19,214.89,416811.23,92869306.1,5112607.48,53.85,76.63609394215557
961,961,2020-03-20,219.89,311346.88,67730335.29,5423954.36,53.33,75.73749669124085
962,962,2020-03-21,202.45,360681.51,77636423.65,5063272.85,59.86,74.75072688993035
963,963,2020-03-22,221.89,298409.23,63404354.4,5361682.08,61.97,72.96870426704885
964,964,2020-03-23,227.86,204342.9,45863769.16,5566024.98,61.58,68.82787253587261
965,965,2020-03-24,220.79,225326.89,49800280.84,5340698.09,40.09,65.72346236881742
966,966,2020-03-25,227.79,235659.8,52648813.49,5576357.89,39.41,63.46677918587107
967,967,2020-03-26,213.65,245023.31,55304217.15,5331334.58,43.6,62.76360227622284
968,968,2020-03-27,214.23,282065.26,59035884.2,5613399.84,35.69,61.53261209523447
969,969,2020-03-28,205.41,244535.2,51528070.64,5368864.64,25.63,60.59608952234892
970,970,2020-03-29,220.35,201500.16,43880522.58,5570364.8,33.08,59.5647111305611
971,971,2020-03-30,218.48,197190.28,43395733.15,5373174.52,32.08,58.11985472368002
972,972,2020-03-31,223.73,177633.49,38592205.25,5550808.01,31.47,54.92397724523418
973,973,2020-04-01,231.93,240359.85,55593218.47,5791167.86,25.55,51.86707133811991
974,974,2020-04-02,236.06,185280.5,43720963.66,5976448.36,25.31,49.09985950419359
975,975,2020-04-03,238.2,146971.97,34680373.31,6123420.33,17.68,44.57802635852336
976,976,2020-04-04,231.15,148365.13,34628696.95,5975055.2,15.73,37.710644713540184
977,977,2020-04-05,258.33,199917.34,49184824.13,6174972.54,30.69,32.29225458001161
978,978,2020-04-06,252.65,248076.52,63608774.5,5926896.02,33.59,31.296982897780392
979,979,2020-04-07,267.07,341089.27,91082465.55,6267985.29,34.77,30.89460164871355
980,980,2020-04-08,256.35,263899.42,69314470.43,6004085.87,38.96,30.091768204550092
981,981,2020-04-09,233.03,269082.6,64096184.36,5735003.27,48.91,28.73560760391237
982,982,2020-04-10,233.21,279246.41,65009480.39,6014249.68,48.17,25.643067490903647
