,Unnamed: 0,Date,close,volumefrom,volumeto,OBV,Volatility_7Day,30day_volatility-bsv
29,29,2018-12-19,113.61,58291.28,6327175.82,254501.97,72.5,16.720103186724437
30,30,2018-12-20,110.56,44726.86,5316928.61,209775.11,68.15,16.279428044967194
31,31,2018-12-21,111.48,35278.34,3879896.7,245053.45,67.72,14.377672089481095
32,32,2018-12-22,109.42,14617.1,1612429.49,230436.35,70.74,13.11444934887233
33,33,2018-12-23,104.35,26728.43,2959092.14,203707.92,75.12,11.510352566576593
34,34,2018-12-24,94.47,23576.45,2228114.58,180131.47,83.26,11.421326069918594
35,35,2018-12-25,96.88,12146.25,1168529.98,192277.72,29.04,11.258604479578542
36,36,2018-12-26,86.59,17747.36,1602105.03,174530.36,37.12,11.322745904928981
37,37,2018-12-27,95.92,23427.33,2056026.72,197957.69,53.1,11.323517634074458
38,38,2018-12-28,90.39,5648.48,525103.78,192309.21,53.8,11.33329470412618
39,39,2018-12-29,91.49,3661.65,332865.97,195970.86,54.68,11.330290847531451
40,40,2018-12-30,86.8,9100.26,799712.68,186870.6,50.17,11.392963148818865
41,41,2018-12-31,93.92,12418.15,1152496.01,199288.75,55.6,11.331054348280126
42,42,2019-01-01,96.55,11088.77,1051098.08,210377.52,43.64,11.336747415110862
43,43,2019-01-02,90.39,16828.97,1551265.56,193548.55,38.64,11.33360386424918
44,44,2019-01-03,89.93,13307.74,1186045.33,180240.81,35.21,11.272621618812519
45,45,2019-01-04,89.53,10433.85,943680.38,169806.96,34.96,11.063399718591624
46,46,2019-01-05,92.29,7154.93,648788.56,176961.89,31.84,10.793481584393591
47,47,2019-01-06,89.51,4174.27,375577.14,172787.62,24.0,10.747594566484036
48,48,2019-01-07,88.63,8609.71,762298.64,164177.91,21.11,10.71236523138446
49,49,2019-01-08,88.1,6120.51,540307.48,158057.4,12.94,10.707157993550412
50,50,2019-01-09,76.61,30779.37,2525526.22,127278.03,38.73,11.034913459446397
51,51,2019-01-10,75.33,11387.09,858793.02,115890.94,38.25,11.386703402118458
52,52,2019-01-11,83.49,28662.86,2373664.49,144553.8,50.88,11.251328626525355
53,53,2019-01-12,78.11,39542.04,3295865.95,105011.76,52.63,10.94356032759349
54,54,2019-01-13,80.66,19837.53,1587771.73,124849.29,54.69,10.244952696187834
55,55,2019-01-14,77.71,10439.77,826911.23,114409.52,54.85,10.255400461254043
56,56,2019-01-15,78.2,9647.65,756539.28,124057.17,39.21,10.437063097057237
57,57,2019-01-16,78.84,8343.58,648208.45,132400.75,38.66,10.63783622994697
58,58,2019-01-17,76.35,7172.97,550037.89,125227.78,24.06,10.952569892102005
59,59,2019-01-18,78.14,9427.15,736660.04,134654.93,18.86,10.269119672619206
60,60,2019-01-19,75.23,9757.11,738802.36,124897.82,17.91,9.766979609360064
61,61,2019-01-20,74.97,9595.93,724437.78,115301.89,15.9,9.008396849223706
62,62,2019-01-21,76.85,10223.7,769617.85,125525.59,17.81,8.127826906983517
63,63,2019-01-22,76.12,7354.63,559392.44,118170.96,17.49,7.527003952818634
64,64,2019-01-23,75.48,5474.31,411371.31,112696.65,15.44,7.495779724495722
65,65,2019-01-24,75.32,7397.93,558396.26,105298.72,13.21,7.278496000066827
66,66,2019-01-25,74.66,4830.17,362800.9,100468.55,8.646,7.43273403078666
67,67,2019-01-26,71.87,5960.24,434366.72,94508.31,13.22,7.307627891614296
68,68,2019-01-27,65.58,27130.1,1789495.87,67378.21,22.63,7.76001943355787
69,69,2019-01-28,64.24,10971.92,708097.57,56406.29,22.1,8.142460506717164
70,70,2019-01-29,67.2,13761.73,912374.97,70168.02,29.66,8.413550844684572
71,71,2019-01-30,64.58,12349.17,807132.26,57818.85,29.49,8.444118819846079
72,72,2019-01-31,65.11,8440.13,546687.52,66258.98,30.67,8.13836537146993
73,73,2019-02-01,66.44,4486.37,294796.33,70745.35,32.12,8.05200636095019
74,74,2019-02-02,64.67,3796.76,245990.55,66948.59,21.28,7.992106421805959
75,75,2019-02-03,63.56,4393.69,279633.98,62554.9,21.05,7.918882315480993
76,76,2019-02-04,61.1,7492.97,462730.87,55061.93,16.51,7.677081162291741
77,77,2019-02-05,63.65,51153.12,3279729.09,106215.05,20.21,7.370225748659799
78,78,2019-02-06,63.25,20136.33,1286880.05,86078.72,19.92,7.029510013826273
79,79,2019-02-07,68.09,32620.07,2162425.26,118698.79,28.94,6.444222298655123
80,80,2019-02-08,66.83,15462.8,1043847.49,103235.99,28.24,6.452799098600369
81,81,2019-02-09,66.93,12253.14,797731.05,115489.13,27.36,6.473012063360843
82,82,2019-02-10,65.58,9441.08,623906.94,106048.05,24.81,6.140811245969212
83,83,2019-02-11,66.42,13233.6,871669.71,119281.65,23.03,6.0338103037475825
84,84,2019-02-12,65.27,5496.28,363429.14,113785.37,23.78,5.7853135898873
85,85,2019-02-13,63.38,5599.76,359282.27,108185.61,10.38,5.712900394680588
86,86,2019-02-14,62.33,6746.43,419995.96,101439.18,10.28,5.609874750174473
87,87,2019-02-15,62.48,4046.3,254044.55,105485.48,10.39,5.4052196569826245
88,88,2019-02-16,63.8,9675.4,615181.34,115160.88,12.94,5.251322559193178
89,89,2019-02-17,68.81,34409.5,2346378.42,149570.38,25.35,4.892319807969409
90,90,2019-02-18,67.78,15809.04,1104182.63,133761.34,25.17,4.679258770754162
91,91,2019-02-19,68.12,6502.52,436766.72,140263.86,22.49,4.459695623859646
92,92,2019-02-20,66.24,7577.19,504362.77,132686.67,23.91,4.070375296882699
93,93,2019-02-21,66.55,4380.56,290620.24,137067.23,23.85,3.6727598692907955
94,94,2019-02-22,69.95,10835.07,732127.43,147902.3,26.11,3.3298363668334736
95,95,2019-02-23,61.6,22054.3,1439702.8,125848.0,39.17,2.9753242071970534
96,96,2019-02-24,68.91,42457.1,2921628.62,168305.1,52.74,2.5433346740784177
97,97,2019-02-25,75.36,47027.85,3459850.53,215332.95,57.71,2.8922422793224967
98,98,2019-02-26,68.8,32679.04,2316721.43,182653.91,64.11,2.9433365420899
99,99,2019-02-27,67.97,12909.7,883981.97,169744.21,64.31,2.9495279965276766
100,100,2019-02-28,67.86,7747.54,530918.44,161996.67,62.56,2.9610307307603994
101,101,2019-03-01,67.73,6452.64,435307.69,155544.03,48.91,2.963053740867026
102,102,2019-03-02,66.07,3073.59,204612.4,152470.44,38.18,2.9565854995405862
103,103,2019-03-03,63.65,7885.62,506493.28,144584.82,22.26,2.991934829335395
104,104,2019-03-04,68.05,19810.53,1338049.89,164395.35,23.97,3.0001949361956664
105,105,2019-03-05,67.85,6452.02,436755.35,157943.33,23.75,2.971932089538601
106,106,2019-03-06,67.7,6706.89,452395.68,151236.44,23.75,2.8099983433548226
107,107,2019-03-07,65.95,15219.2,1038912.35,136017.24,24.77,2.7585734485900555
108,108,2019-03-08,67.53,9378.12,631026.81,145395.36,24.74,2.686749713499595
109,109,2019-03-09,67.71,5806.94,393027.35,151202.3,21.05,2.6812818387577653
110,110,2019-03-10,65.72,5674.69,376993.81,145527.61,13.03,2.688127579758655
111,111,2019-03-11,66.67,6523.03,425604.57,152050.64,14.15,2.6879018865512543
112,112,2019-03-12,65.7,5514.71,360724.41,146535.93,14.48,2.6862233455300433
113,113,2019-03-13,66.56,10931.41,727401.22,157467.34,13.29,2.6857842023533554
114,114,2019-03-14,68.14,11511.14,778819.96,168978.48,13.26,2.682853194710709
115,115,2019-03-15,68.35,13180.04,934515.87,182158.52,13.27,2.61490871469895
116,116,2019-03-16,68.99,4191.39,287486.39,186349.91,8.562999999999999,2.4843926615077
117,117,2019-03-17,67.53,11897.27,809368.25,174452.64,11.27,2.3176416124327175
118,118,2019-03-18,67.59,8075.97,540186.07,182528.61,9.954,2.2163821613293635
119,119,2019-03-19,67.59,7636.48,511872.24,182528.61,9.624,2.2029472421566734
120,120,2019-03-20,66.07,11060.61,738479.3,171468.0,8.908999999999997,2.216835504762132
121,121,2019-03-21,66.91,3484.3,231861.26,174952.3,9.982000000000001,2.2146103157387036
122,122,2019-03-22,67.55,4576.71,308032.88,179529.01,10.0,2.204316272653863
123,123,2019-03-23,66.36,1948.23,129925.69,177580.78,9.476,2.2071741958975615
124,124,2019-03-24,64.56,11019.24,710737.11,166561.54,11.38,2.2129909287153198
125,125,2019-03-25,64.36,7673.5,491007.32,158888.04,11.22,2.019599624598829
126,126,2019-03-26,66.11,6657.52,434470.91,165545.56,13.35,2.00855781165497
127,127,2019-03-27,64.98,2817.0,183214.42,162728.56,13.34,1.3446090317551378
128,128,2019-03-28,65.49,6327.76,412348.17,169056.32,13.18,1.3177575867635545
129,129,2019-03-29,65.68,5501.57,363690.61,174557.89,12.63,1.3125639119639687
130,130,2019-03-30,65.67,2056.43,133867.48,172501.46,9.542,1.3067304113005676
131,131,2019-03-31,66.7,6509.95,430157.42,179011.41,9.849,1.2901861667330219
132,132,2019-04-01,79.52,51794.77,3769664.15,230806.18,47.38,2.6850579308379237
133,133,2019-04-02,83.17,113959.3,10148548.82,344765.48,44.79,3.917283893650011
134,134,2019-04-03,83.25,47524.71,4147528.28,392290.19,45.26,4.839600106972036
135,135,2019-04-04,84.62,18027.54,1520744.44,410317.73,44.45,5.6914767996470745
136,136,2019-04-05,85.35,16202.39,1401790.17,426520.12,43.78,6.441238690040159
137,137,2019-04-06,87.04,15896.78,1378378.53,442416.9,43.57,7.167733422344495
138,138,2019-04-07,83.69,20199.01,1687831.68,422217.89,18.28,7.567950427834609
139,139,2019-04-08,78.67,8653.45,689752.34,413564.44,22.01,7.687835061383377
140,140,2019-04-09,80.07,7384.25,592613.22,420948.69,23.12,7.796667605273899
141,141,2019-04-10,71.86,19926.68,1483210.2,401022.01,34.11,7.744783197844221
142,142,2019-04-11,71.96,29709.19,2151786.94,430731.2,33.5,7.664129232766933
143,143,2019-04-12,70.42,14498.83,1033045.33,416232.37,30.02,7.605073661858889
144,144,2019-04-13,71.87,6145.66,432318.79,422378.03,33.43,7.571192954787348
145,145,2019-04-14,59.08,122158.02,7753268.16,300220.01,57.19,7.909682041650027
146,146,2019-04-15,57.3,91660.75,5173900.69,208559.26,53.77,8.327607568569316
147,147,2019-04-16,55.38,35316.65,1977597.56,173242.61,51.12,8.802568858336084
148,148,2019-04-17,59.64,44075.03,2610529.39,217317.64,59.69,9.024463278847419
149,149,2019-04-18,59.52,14900.46,885221.55,202417.18,60.2,9.238027884532688
150,150,2019-04-19,58.9,30465.36,1820170.98,171951.82,58.59,9.445099781635909
151,151,2019-04-20,56.72,17957.38,1018722.2,153994.44,27.73,9.745547341658499
152,152,2019-04-21,57.77,14349.72,823185.26,168344.16,27.2,9.985742761845431
153,153,2019-04-22,56.14,23413.35,1351387.65,144930.81,26.62,10.267741298811131
154,154,2019-04-23,54.36,32702.89,1741349.21,112227.92,14.13,10.58992694774719
155,155,2019-04-24,51.77,35849.76,1882003.45,76378.16,15.78,11.01465554530012
156,156,2019-04-25,55.04,28839.4,1540909.35,105217.56,27.94,11.277126279617441
157,157,2019-04-26,54.51,6759.95,362932.06,98457.61,26.63,11.53462126886243
158,158,2019-04-27,54.47,6256.29,346918.74,92201.32,25.55,11.780456463259828
159,159,2019-04-28,55.19,21393.64,1169051.32,113594.96,25.34,11.985267417019653
160,160,2019-04-29,56.59,13779.53,758864.29,127374.49,24.24,12.133441301464876
161,161,2019-04-30,55.98,9865.08,555791.57,117509.41,18.04,12.289850054732883
162,162,2019-05-01,55.42,11112.0,616069.39,106397.41,9.799,12.185043616296019
163,163,2019-05-02,56.05,13050.9,730171.95,119448.31,9.402999999999999,11.83171726539634
164,164,2019-05-03,55.56,16123.13,907364.91,103325.18,10.03,11.40054547999268
165,165,2019-05-04,56.27,14465.74,823021.29,117790.92,9.995,10.763692210389626
166,166,2019-05-05,55.39,6117.45,335828.45,111673.47,8.107999999999999,9.954247640678654
167,167,2019-05-06,53.87,4970.26,271455.7,106703.21,10.4,8.827166426800815
168,168,2019-05-07,61.02,11785.06,674260.06,118488.27,36.56,7.682831352191047
169,169,2019-05-08,57.73,9059.13,532515.53,109429.14,41.4,6.820955919456991
170,170,2019-05-09,58.32,7859.49,452848.34,117288.63,41.17,5.566119802445462
171,171,2019-05-10,60.88,23029.7,1366915.71,140318.33,42.25,4.9860713579139695
172,172,2019-05-11,57.73,12496.04,751808.66,127822.29,45.54,4.244134681581812
173,173,2019-05-12,60.14,14203.4,845629.39,142025.69,44.74,3.530918753155137
174,174,2019-05-13,60.18,18561.03,1113145.85,160586.72,28.71,2.294705951162856
175,175,2019-05-14,72.01,33826.64,2267337.11,194413.36,51.49,3.575589735138288
176,176,2019-05-15,64.73,25784.4,1735097.88,168628.96,64.65,3.822366661710384
177,177,2019-05-16,61.01,18537.32,1096040.86,150091.64,66.94,3.8489474453134376
178,178,2019-05-17,59.8,3426.37,206772.77,146665.27,65.21,3.851746894323959
179,179,2019-05-18,65.34,9131.13,584369.0,155796.4,68.62,4.082627745747587
180,180,2019-05-19,63.36,4825.45,302328.3,150970.95,69.65,4.197512468062889
181,181,2019-05-20,106.0,287398.96,30085776.05,438369.91,151.46,9.68710365003078
182,182,2019-05-21,105.67,133274.62,14195126.05,305095.29,143.67,12.797076538453505
183,183,2019-05-22,101.3,39495.02,3956618.19,265600.27,142.29,14.680478589242172
184,184,2019-05-23,99.26,17739.24,1763745.66,247861.03,142.31,16.012727728602236
185,185,2019-05-24,92.56,25645.24,2361752.21,222215.79,148.18,16.62741627415471
186,186,2019-05-25,106.41,93798.51,9932842.56,316014.3,146.38,18.072710185477924
187,187,2019-05-26,116.97,71603.28,8289316.19,387617.58,54.26,20.025785816946318
188,188,2019-05-27,122.49,36202.35,4390346.92,423819.93,54.33,22.016290000867535
189,189,2019-05-28,206.33,275097.5,46645024.95,698917.43,139.33,32.76117221212703
190,190,2019-05-29,182.86,344384.1,72798246.49,354533.33,150.22,37.79766100529587
191,191,2019-05-30,195.39,67466.85,12642096.23,422000.18,140.88,42.845559628566605
192,192,2019-05-31,188.05,22002.73,4179735.89,399997.45,147.22,46.31868774072714
193,193,2019-06-01,192.28,14693.63,2777889.89,414691.08,148.51,49.43921377313504
194,194,2019-06-02,218.18,135952.18,29755505.86,550643.26,148.36,53.73606002714914
195,195,2019-06-03,228.42,69071.83,15225314.55,619715.09,56.92,57.927817862395315
196,196,2019-06-04,215.81,56049.49,12348219.87,563665.6,44.78,60.463715385021736
197,197,2019-06-05,198.46,79121.02,15090095.4,484544.58,51.27,61.49543949916446
198,198,2019-06-06,202.02,33356.63,6699031.34,517901.21,49.57,62.53143686528221
199,199,2019-06-07,194.22,28127.96,5465589.49,489773.25,51.21,62.76011882145182
200,200,2019-06-08,184.26,28509.55,5372241.45,461263.7,32.6,62.342514613029955
201,201,2019-06-09,192.5,22478.91,4213032.26,483742.61,32.19,61.98420002979247
202,202,2019-06-10,186.13,10341.59,1934916.89,473401.02,31.0,60.97587090516763
203,203,2019-06-11,190.31,13048.57,2473232.24,486449.59,26.18,59.86030464589067
204,204,2019-06-12,213.34,50297.68,10590373.6,536747.27,42.12,59.13213815966172
205,205,2019-06-13,215.11,17898.34,3763710.4,554645.61,39.21,58.600630906532615
206,206,2019-06-14,209.9,9201.06,1941828.03,545444.55,35.41,57.09578260488557
207,207,2019-06-15,212.04,16772.46,3573825.31,562217.01,34.74,54.94676190452981
208,208,2019-06-16,225.09,26011.41,5843295.01,588228.42,32.11,52.564412291399336
209,209,2019-06-17,223.01,14770.82,3292697.32,573457.6,33.98,49.789332722868345
210,210,2019-06-18,224.51,10565.6,2368942.97,584023.2,18.73,46.11882917136896
211,211,2019-06-19,217.82,23294.16,5086420.49,560729.04,21.44,44.566916083518535
212,212,2019-06-20,223.48,13532.73,3003183.7,574261.77,20.25,42.760872421290294
213,213,2019-06-21,240.37,49047.2,11706011.21,623308.97,26.3,40.758926722697026
214,214,2019-06-22,239.01,19280.67,4668969.92,604028.3,23.67,37.84307732286509
215,215,2019-06-23,236.4,17700.05,4138747.33,586328.25,23.79,33.213472687013805
216,216,2019-06-24,237.11,13807.61,3283552.73,600135.86,23.85,28.785389814654
217,217,2019-06-25,218.25,53194.41,11985283.78,546941.45,33.61,23.661503301897863
218,218,2019-06-26,196.94,33859.01,6773300.15,513082.44,41.93,17.514267746971882
219,219,2019-06-27,209.06,30291.42,6429086.32,543373.86,39.45,17.500266733598725
220,220,2019-06-28,213.36,10107.41,2119763.45,553481.27,41.05,16.716931402539675
221,221,2019-06-29,193.8,14060.53,2867279.58,539420.74,45.75,16.771743149590556
222,222,2019-06-30,198.94,16078.49,3142390.07,555499.23,47.72,16.363889460511448
223,223,2019-07-01,196.62,11762.1,2255346.13,543737.13,44.5,16.20496234838635
224,224,2019-07-02,203.86,8382.33,1687826.59,552119.46,36.3,16.22192621823502
225,225,2019-07-03,196.27,7941.63,1591330.33,544177.83,33.05,16.11616565446865
226,226,2019-07-04,199.15,6223.85,1239163.5,550401.68,32.61,16.205355592674714
227,227,2019-07-05,199.58,7173.92,1442464.25,557575.6,17.79,16.179811331181206
228,228,2019-07-06,200.83,6577.38,1293006.47,564152.98,16.48,16.200857437929454
229,229,2019-07-07,201.86,4603.42,922687.52,568756.4,15.91,16.00788350681601
230,230,2019-07-08,204.75,14850.22,3069549.82,583606.62,12.92,15.29460899689142
231,231,2019-07-09,191.01,12936.71,2513453.88,570669.91,21.23,15.35785773270175
232,232,2019-07-10,162.98,28161.23,4588255.42,542508.68,45.27,17.111128206688278
233,233,2019-07-11,166.33,13642.41,2210913.66,556151.09,46.76,18.553518413422765
234,234,2019-07-12,153.93,15563.84,2422176.4,540587.25,46.49,21.076269820350245
235,235,2019-07-13,127.69,22848.21,3162218.81,517739.04,56.4,25.501596851060135
236,236,2019-07-14,128.6,65109.39,7910512.01,582848.43,55.43,28.95361797216609
237,237,2019-07-15,110.45,38741.5,4728744.24,544106.93,58.75,33.285662931382156
238,238,2019-07-16,119.95,67190.03,7986442.56,611296.96,69.57,35.780465189756576
239,239,2019-07-17,134.79,71198.16,9193449.08,682495.12,81.9,36.9647820275571
240,240,2019-07-18,146.06,52729.06,7327121.46,735224.18,85.71,37.328719622037276
241,241,2019-07-19,173.0,110497.58,18573277.72,845721.76,74.19,37.03017011796596
242,242,2019-07-20,176.73,80877.73,14165181.53,926599.49,73.57,36.44200654354151
243,243,2019-07-21,168.43,67761.71,11410946.92,858837.78,49.86,35.07703077251657
244,244,2019-07-22,169.91,72772.46,12475258.05,931610.24,52.19,33.543138024128424
245,245,2019-07-23,167.21,54338.65,8917847.7,877271.59,51.45,31.959661077784915
246,246,2019-07-24,161.33,39806.09,6626104.74,837465.5,52.23,30.144669609435976
247,247,2019-07-25,162.34,26833.57,4301545.53,864299.07,18.05,29.180275309297908
248,248,2019-07-26,151.11,52982.56,8143697.18,811316.51,20.88,29.1660011897806
249,249,2019-07-27,146.89,43090.64,6320528.6,768225.87,19.72,28.72058888231771
250,250,2019-07-28,146.07,27756.23,4094694.62,740469.64,18.03,27.908378260415315
251,251,2019-07-29,145.83,32329.14,4740315.22,708140.5,19.05,27.793622232116398
252,252,2019-07-30,147.96,38286.72,5662416.32,746427.22,20.8,27.333382595974417
253,253,2019-07-31,145.96,32650.18,4694662.67,713777.04,19.74,26.898504346746503
254,254,2019-08-01,148.24,49737.47,7471828.64,763514.51,11.07,25.93420318252771
255,255,2019-08-02,151.23,41972.09,6361570.96,805486.6,8.977,25.16466543006053
256,256,2019-08-03,149.9,62928.22,9396403.46,742558.38,9.339,24.1307334560395
257,257,2019-08-04,152.94,42102.5,6473041.36,784660.88,9.943999999999999,22.875837800121303
258,258,2019-08-05,147.42,64700.12,9920346.28,719960.76,15.19,21.38867011282819
259,259,2019-08-06,147.16,44879.43,6613667.72,675081.33,14.63,19.53987911585066
260,260,2019-08-07,145.03,67051.68,9680374.64,608029.65,14.34,17.022776614822543
261,261,2019-08-08,140.4,57975.62,8287631.67,550054.03,13.77,15.408525558438292
262,262,2019-08-09,141.61,47933.0,6830885.59,597987.03,14.91,15.274570257513396
263,263,2019-08-10,146.26,49429.23,7126460.6,647416.26,17.2,14.93183970234547
264,264,2019-08-11,142.62,44813.64,6465994.58,602602.62,15.71,14.932296772316727
265,265,2019-08-12,143.83,33051.41,4703323.77,635654.03,16.15,14.454546450976489
266,266,2019-08-13,135.0,76335.18,10929968.65,559318.85,22.9,14.193418273933847
267,267,2019-08-14,135.7,58173.55,7645039.62,617492.4,22.2,12.483066640798219
268,268,2019-08-15,134.88,38557.87,5190383.23,578934.53,21.73,11.516421478834019
269,269,2019-08-16,133.19,38068.16,5111746.57,540866.37,17.4,11.59366733604338
270,270,2019-08-17,136.0,22334.0,3025980.65,563200.37,19.48,11.858253520300229
271,271,2019-08-18,145.79,35752.55,5070305.94,598952.92,28.69,11.035076160229151
272,272,2019-08-19,140.2,43013.71,6094511.84,555939.21,24.28,9.805067209789778
273,273,2019-08-20,133.85,40587.16,5445103.71,515352.05,28.14,9.301428045098774
274,274,2019-08-21,134.31,31252.08,4184269.89,546604.13,28.14,8.447289057075192
275,275,2019-08-22,135.96,42948.33,5801690.11,589552.46,28.02,7.535215020308849
276,276,2019-08-23,133.19,32064.79,4265137.71,557487.67,28.0,7.079935555586201
277,277,2019-08-24,133.35,32320.42,4285411.17,589808.09,15.98,6.340129771324152
278,278,2019-08-25,131.67,39200.35,5212847.59,550607.74,13.95,6.411832488614976
279,279,2019-08-26,133.95,44500.26,5843039.45,595108.0,9.513,6.488779351407628
280,280,2019-08-27,125.12,36607.29,4784294.09,558500.71,20.51,7.061628259696958
281,281,2019-08-28,128.49,55786.41,7047405.87,614287.12,22.27,7.325071958376394
282,282,2019-08-29,130.15,27622.49,3554063.8,641909.61,22.62,7.382570495865703
283,283,2019-08-30,129.01,12576.06,1614879.46,629333.55,22.59,7.5143353037684815
284,284,2019-08-31,129.74,44676.78,5735904.2,674010.33,22.62,7.47887865004234
285,285,2019-09-01,133.9,35195.39,4660942.02,709205.72,24.0,7.102758538100883
286,286,2019-09-02,134.92,54735.43,7394047.64,763941.15,9.716000000000001,6.731437003933217
287,287,2019-09-03,131.89,27822.15,3705577.6,736119.0,12.26,6.100390876867249
288,288,2019-09-04,130.52,26660.02,3494394.55,709458.98,12.46,5.8302422910548355
289,289,2019-09-05,130.91,40969.83,5434948.81,750428.81,12.1,5.495508971020369
290,290,2019-09-06,134.06,34745.21,4599451.88,785174.02,13.43,5.1877034207440875
291,291,2019-09-07,135.13,31639.73,4278863.22,816813.75,10.65,5.087347388204053
292,292,2019-09-08,131.03,62527.03,8294203.6,754286.72,13.41,4.967147195761226
293,293,2019-09-09,126.68,70228.32,8958388.78,684058.4,14.93,4.6426937285871235
294,294,2019-09-10,119.27,93148.22,11200539.5,590910.18,20.86,5.057793224207733
295,295,2019-09-11,118.61,75306.14,8918771.42,515604.04,20.34,5.295671416082917
296,296,2019-09-12,117.11,33392.76,3910297.58,482211.28,15.96,5.93946528031634
297,297,2019-09-13,119.17,35970.92,4256176.1,518182.2,17.65,6.303436984382676
298,298,2019-09-14,119.24,51553.18,6234224.07,569735.38,18.14,6.616315335644243
299,299,2019-09-15,122.75,71695.34,8747370.45,641430.72,20.44,6.745797849082144
300,300,2019-09-16,125.0,69160.97,8469058.86,710591.69,10.64,6.718509011181352
301,301,2019-09-17,125.31,73311.73,9250159.14,783903.42,9.957,6.048185526330303
302,302,2019-09-18,122.52,85662.16,10389875.99,698241.26,11.97,5.790179249998948
303,303,2019-09-19,123.07,64476.29,7969453.57,762717.55,11.54,5.7850838816073695
304,304,2019-09-20,122.31,43805.31,5372978.35,718912.24,11.92,5.762939473853808
305,305,2019-09-21,119.73,29576.97,3539210.41,689335.27,10.43,5.7323161353727
306,306,2019-09-22,112.62,43810.07,5172610.38,645525.2,16.04,6.208960534544608
307,307,2019-09-23,82.04,193513.61,17824630.7,452011.59,80.86,10.115922103297972
308,308,2019-09-24,86.43,388009.83,33072196.44,840021.42,86.98,12.219618651987169
309,309,2019-09-25,83.29,279656.22,23614972.33,560365.2,85.08,14.066047390628087
310,310,2019-09-26,84.3,186287.86,15363009.61,746653.06,86.31,15.610132945452639
311,311,2019-09-27,84.28,129334.96,10818669.46,617318.1,87.35,16.848630590009805
312,312,2019-09-28,82.64,59248.69,4888014.81,558069.41,87.96,17.945350936381235
313,313,2019-09-29,87.53,73420.55,6204771.1,631489.96,25.06,18.594219964600505
314,314,2019-09-30,84.44,120802.84,10391288.82,510687.12,23.6,19.256318682328573
315,315,2019-10-01,84.48,101291.64,8458534.83,611978.76,21.04,19.636902792048502
316,316,2019-10-02,83.03,56490.91,4692519.79,555487.85,21.35,19.896653068627597
317,317,2019-10-03,83.07,54036.14,4471158.85,609523.99,21.36,20.122631226339642
318,318,2019-10-04,82.46,49592.89,4085120.74,559931.1,20.74,20.291686506162147
319,319,2019-10-05,80.99,52612.09,4314638.99,507319.01,9.156,20.37366631697392
320,320,2019-10-06,84.21,92759.67,7715835.22,600078.68,13.82,20.0436729604911
321,321,2019-10-07,84.15,54695.86,4605140.77,545382.82,13.81,19.5044897984758
322,322,2019-10-08,91.8,93955.99,8289092.7,639338.81,26.02,18.845320956513824
323,323,2019-10-09,88.45,108222.82,9610000.05,531115.99,29.77,18.364597375973304
324,324,2019-10-10,83.95,98693.77,8517845.0,432422.22,34.21,18.227779027513435
325,325,2019-10-11,86.82,86179.99,7338646.87,518602.21,34.28,17.968610270621042
326,326,2019-10-12,86.25,72632.41,6370101.36,445969.8,33.3,17.712845851554075
327,327,2019-10-13,87.07,95022.12,8237809.72,540991.92,33.29,17.28413418045038
328,328,2019-10-14,89.26,78264.77,6875910.35,619256.69,22.56,16.740756808034227
329,329,2019-10-15,87.92,161655.28,14332820.66,457601.41,20.49,15.923968040690012
330,330,2019-10-16,89.5,107186.84,9373677.07,564788.25,12.31,14.792603370696996
331,331,2019-10-17,90.34,91658.35,8197416.17,656446.6,9.866,13.43015215035209
332,332,2019-10-18,89.97,107425.51,9716672.81,549021.09,9.596,12.066419442440965
333,333,2019-10-19,94.9,77292.01,7085642.65,626313.1,15.81,10.402765773923987
334,334,2019-10-20,112.54,191532.59,20157583.29,817845.69,45.3,9.441403217352896
335,335,2019-10-21,105.78,247790.95,27009619.51,570054.74,51.46,8.124843333591135
336,336,2019-10-22,97.53,216760.23,21648854.84,353294.51,59.85,6.963111142413803
337,337,2019-10-23,106.37,194122.49,19813377.85,547417.0,62.84,7.632071659522722
338,338,2019-10-24,133.55,254686.8,32307457.65,802103.8,81.08,11.161708151110764
339,339,2019-10-25,139.85,551021.94,76318340.97,1353125.74,81.2,14.269940599478371
340,340,2019-10-26,140.59,302641.68,42502655.69,1655767.42,74.37,16.685221542761475
341,341,2019-10-27,137.74,241970.97,33671050.76,1413796.45,70.29,18.367594515228685
342,342,2019-10-28,141.15,225836.37,31545593.13,1639632.82,58.74,19.948732650667626
343,343,2019-10-29,134.63,210731.12,28810169.02,1428901.7,64.54,20.936956680890074
344,344,2019-10-30,128.99,187675.99,24502914.32,1241225.71,24.73,21.41188193074322
345,345,2019-10-31,129.26,114504.47,14609474.62,1355730.18,18.84,21.7845314623583
346,346,2019-11-01,131.44,89069.67,11622292.93,1444799.85,20.03,22.090744150581084
347,347,2019-11-02,128.74,94666.86,12342364.09,1350132.99,20.04,22.170882115808986
348,348,2019-11-03,131.64,93925.57,12016118.34,1444058.56,19.71,22.223623332458267
349,349,2019-11-04,137.96,142372.92,19185925.14,1586431.48,21.14,22.342302397845582
350,350,2019-11-05,139.25,114095.24,15861486.77,1700526.72,14.8,22.489147750675627
351,351,2019-11-06,133.11,110323.82,14895827.89,1590202.9,21.63,22.25528774827715
352,352,2019-11-07,124.47,87681.62,11204337.04,1502521.28,28.36,22.00306414398077
353,353,2019-11-08,129.91,103033.74,13219317.3,1605555.02,31.11,21.66618748188047
354,354,2019-11-09,134.43,89044.79,11924578.77,1694599.81,31.95,21.12373460537115
355,355,2019-11-10,131.45,94948.11,12587293.67,1599651.7,29.09,20.50956488103024
356,356,2019-11-11,131.81,53928.87,7133331.4,1653580.57,28.8,19.735413426210293
357,357,2019-11-12,129.33,58417.52,7560700.25,1595163.05,26.75,18.812300540050607
358,358,2019-11-13,126.05,69748.58,8817993.39,1525414.47,19.78,17.838133697029416
359,359,2019-11-14,123.84,86601.71,10798581.78,1438812.76,15.12,16.611459263128193
360,360,2019-11-15,123.66,65315.04,8030196.88,1373497.72,7.7070000000000025,15.318295259432917
361,361,2019-11-16,123.23,52394.45,6462297.44,1321103.27,7.575,13.886146081202595
362,362,2019-11-17,116.46,81251.22,9710013.35,1239852.05,13.14,12.280413823570981
363,363,2019-11-18,109.44,125486.35,13783875.85,1114365.7,17.18,11.22553708107603
364,364,2019-11-19,105.76,144286.13,15517464.96,970079.57,17.24,11.591881701402178
365,365,2019-11-20,100.09,142860.01,14625676.52,827219.56,17.99,11.989336838044226
366,366,2019-11-21,96.7,265749.29,25392205.1,561470.27,14.39,12.059779643818688
367,367,2019-11-22,107.77,332904.99,33468182.91,894375.26,42.93,11.980861558258374
368,368,2019-11-23,99.4,283090.36,29131111.9,611284.9,45.06,12.899002033036057
369,369,2019-11-24,104.08,258596.88,26476008.68,869881.78,46.96,13.1868523690186
370,370,2019-11-25,106.64,212982.14,22662672.69,1082863.92,46.8,13.207417808656109
371,371,2019-11-26,107.51,136404.19,14323609.17,1219268.11,43.12,13.219422318572567
372,372,2019-11-27,105.46,126735.05,13572442.1,1092533.06,41.87,13.067122597898086
373,373,2019-11-28,109.06,85105.19,9236875.92,1177638.25,30.61,12.986747019978202
374,374,2019-11-29,107.41,86210.54,9263279.75,1091427.71,17.44,13.08218251326353
375,375,2019-11-30,104.07,69504.05,7214189.79,1021923.66,17.15,13.242359067709737
376,376,2019-12-01,100.23,98041.4,9921440.72,923882.26,17.61,13.429354979760095
377,377,2019-12-02,95.48,96253.65,9465749.16,827628.61,18.99,13.84710708822017
378,378,2019-12-03,94.72,166206.51,16205164.59,661422.1,19.26,14.095688245929338
379,379,2019-12-04,94.93,178855.07,17097098.67,840277.17,12.72,13.897500664243106
380,380,2019-12-05,96.86,102575.19,9781582.07,942852.36,17.34,13.371849930907342
381,381,2019-12-06,95.53,70217.66,6773923.86,872634.7,16.71,13.127241465964634
382,382,2019-12-07,97.0,54736.23,5242144.7,927370.93,16.35,13.12722943955102
383,383,2019-12-08,95.11,67340.13,6440982.4,860030.8,10.56,12.867515407358761
384,384,2019-12-09,95.72,95370.38,9117463.78,955401.18,10.4,12.16325510349258
385,385,2019-12-10,94.63,89228.74,8476587.87,866172.44,10.98,11.53898666839199
386,386,2019-12-11,92.61,102638.63,9564514.11,763533.81,9.838,10.780251079326876
387,387,2019-12-12,93.28,112067.27,10392845.99,875601.08,10.28,9.988599138949152
388,388,2019-12-13,92.61,66493.24,6194229.13,809107.84,8.187000000000001,9.295405792678975
389,389,2019-12-14,93.08,78589.37,7289800.85,887697.21,7.7410000000000005,8.583942647717633
390,390,2019-12-15,89.0,64648.39,5887632.23,823048.82,12.69,7.863582443808299
391,391,2019-12-16,80.73,153954.3,12949873.21,669094.52,26.22,7.502563401011845
392,392,2019-12-17,85.86,224569.07,18345926.34,893663.59,35.49,7.173120491543588
393,393,2019-12-18,84.57,187785.47,15826761.46,705878.12,34.91,7.284577000002212
394,394,2019-12-19,88.23,102634.65,8868061.96,808512.77,38.41,7.304699801867158
395,395,2019-12-20,84.77,119006.19,10306028.52,689506.58,38.98,7.606569642364013
396,396,2019-12-21,88.28,84470.13,7292775.05,773976.71,40.17,7.750434329690593
397,397,2019-12-22,86.06,124366.88,10946818.44,649609.83,28.02,7.641241970424094
398,398,2019-12-23,86.83,110349.64,9525057.07,759959.47,22.79,7.759794293102131
399,399,2019-12-24,85.94,98153.07,8464331.32,661806.4,22.51,7.735519575532362
400,400,2019-12-25,87.24,91500.93,7974747.03,753307.33,19.3,7.484429576925032
401,401,2019-12-26,90.26,117343.96,10404688.1,870651.29,16.7,7.041169932829684
402,402,2019-12-27,94.1,144801.6,13403090.75,1015452.89,16.87,6.653056509570361
403,403,2019-12-28,100.19,167766.11,16203893.81,1183219.0,17.15,6.078089167742675
404,404,2019-12-29,95.78,198132.23,19191100.33,985086.77,25.67,5.431547270080864
405,405,2019-12-30,97.07,199869.76,19275572.51,1184956.53,24.28,5.036634070350672
406,406,2019-12-31,97.31,120618.51,11881289.42,1305575.04,24.75,4.896161010799652
407,407,2020-01-01,92.9,107118.74,10192186.08,1198456.3,29.32,4.851616391388743
408,408,2020-01-02,102.66,191937.12,19012128.33,1390393.42,38.45,5.2239539347739425
409,409,2020-01-03,109.31,226971.19,24039056.47,1617364.61,38.46,6.092346772418548
410,410,2020-01-04,110.31,166252.75,18450253.95,1783617.36,33.63,6.872903993970899
411,411,2020-01-05,117.55,194845.3,22441450.28,1978462.66,35.0,8.20944458199358
412,412,2020-01-06,113.77,230761.3,26282418.86,1747701.36,38.65,8.98128721286632
413,413,2020-01-07,113.89,219254.5,24960653.99,1966955.86,32.56,9.675162441833109
414,414,2020-01-08,117.01,202683.76,23461057.31,2169639.62,24.68,10.490088485650512
415,415,2020-01-09,171.35,609164.57,86400867.77,2778804.19,101.16,17.363495744888297
416,416,2020-01-10,151.01,814441.31,132007447.95,1964362.88,114.51,19.827387203898763
417,417,2020-01-11,165.34,458569.48,72430895.35,2422932.36,114.97,23.079426946111855
418,418,2020-01-12,173.31,337795.66,55965524.83,2760728.02,111.52,26.36416435152112
419,419,2020-01-13,417.86,1023850.41,266102526.8,3784578.43,240.49,62.780378467915476
420,420,2020-01-14,313.68,674021.23,230960858.74,3110557.2,274.43,72.156008775526
421,421,2020-01-15,313.61,878240.53,267103085.05,2232316.67,267.32,79.55076002945766
422,422,2020-01-16,286.91,623190.72,190994453.3,1609125.95,264.73,83.94645819615114
423,423,2020-01-17,249.97,627563.49,165212151.87,981562.46,272.97,85.73532154788671
424,424,2020-01-18,281.88,673824.53,174682611.83,1655386.99,273.17,88.67653952790256
425,425,2020-01-19,302.61,683754.01,196403068.53,2339141.0,98.33,92.01785693080402
426,426,2020-01-20,315.21,574282.24,179377480.94,2913423.24,64.62,95.42686710281049
427,427,2020-01-21,308.46,368551.93,115492449.43,2544871.31,64.9,97.71836215874931
428,428,2020-01-22,259.25,471228.35,130881586.24,2073642.96,77.49,97.59999061616679
429,429,2020-01-23,265.64,613952.98,161967233.51,2687595.94,67.08,97.27801337155906
430,430,2020-01-24,261.53,395065.35,102981965.56,2292530.59,56.92,96.51088295550173
431,431,2020-01-25,274.87,283036.81,75575163.15,2575567.4,54.45,95.8377548789091
432,432,2020-01-26,298.04,497709.99,146538816.18,3073277.39,58.97,95.6070447892482
433,433,2020-01-27,295.56,533251.41,158122134.38,2540025.98,58.84,95.04233093490609
434,434,2020-01-28,286.54,475892.41,139097963.69,2064133.57,28.31,93.56771125521992
435,435,2020-01-29,298.89,395137.28,117210927.92,2459270.85,29.12,92.00281782353863
436,436,2020-01-30,272.85,276295.16,77372781.56,2182975.69,41.53,89.3287442385784
437,437,2020-01-31,278.27,215864.37,60529766.24,2398840.06,39.59,86.00659555301944
438,438,2020-02-01,277.82,147959.27,41753850.82,2250880.79,30.48,82.64607124330831
439,439,2020-02-02,281.34,171149.7,48359153.46,2422030.49,31.19,79.15438512914103
440,440,2020-02-03,271.15,152862.98,41749668.21,2269167.51,31.6,74.99800248757568
441,441,2020-02-04,300.38,225928.37,64529411.29,2495095.88,42.41,71.09210889491466
442,442,2020-02-05,294.83,220573.84,65734720.59,2274522.04,31.94,65.99255540040731
443,443,2020-02-06,295.29,43550.11,12897860.47,2318072.15,31.98,59.85555162413801
444,444,2020-02-07,335.13,39355.09,12974170.74,2357427.24,44.23,53.63740376172969
445,445,2020-02-08,350.98,37092.54,12986495.56,2394519.78,43.92,51.46290027274718
446,446,2020-02-09,353.13,16281.35,5645692.17,2410801.13,38.88,46.6455624295364
447,447,2020-02-10,365.98,19572.8,7120273.97,2430373.93,34.02,42.44774342593471
448,448,2020-02-11,366.74,18049.47,6703411.47,2448423.4,31.66,37.57482080623472
449,449,2020-02-12,358.34,22045.0,7911931.17,2426378.4,34.59,32.50138199714126
450,450,2020-02-13,361.62,16731.97,5929157.37,2443110.37,16.44,34.30068488307829
451,451,2020-02-14,310.82,24614.35,8007404.62,2418496.02,44.12,34.27215511471165
452,452,2020-02-15,285.25,39901.65,11641241.03,2378594.37,46.23,34.29868989991504
453,453,2020-02-16,311.94,41299.33,11834481.08,2419893.7,54.88,32.897967208275055
454,454,2020-02-17,309.87,23007.05,7085730.28,2396886.65,54.53,32.644598505865474
455,455,2020-02-18,286.56,12276.8,3696193.48,2384609.85,56.09,32.815246869807275
456,456,2020-02-19,286.18,13749.14,3980633.98,2370860.71,55.41,32.91364627201762
457,457,2020-02-20,289.04,9051.39,2627503.62,2379912.1,42.47,33.00239716301994
458,458,2020-02-21,279.67,4045.22,1139879.02,2375866.88,36.44,32.275919789772395
459,459,2020-02-22,295.24,4982.5,1449158.7,2380849.38,29.15,31.523082739514205
460,460,2020-02-23,279.6,10466.8,2926590.33,2370382.58,31.53,30.83970119270178
461,461,2020-02-24,260.5,12396.57,3285558.09,2357986.01,30.32,31.43077623647793
462,462,2020-02-25,224.94,48179.9,11091483.99,2309806.11,45.64,34.62672170083513
463,463,2020-02-26,227.61,13333.03,3044400.84,2323139.14,45.82,37.199340032459375
464,464,2020-02-27,217.95,13217.74,2869741.06,2309921.4,45.77,40.046586246519944
465,465,2020-02-28,212.3,8392.97,1806348.72,2301528.43,35.0,42.964348406823866
466,466,2020-02-29,229.84,15866.62,3592178.47,2317395.05,50.34,44.41216609878612
467,467,2020-03-01,254.59,18225.66,4477000.27,2335620.71,59.64,44.89587836725969
468,468,2020-03-02,248.59,11787.28,2932951.45,2323833.43,39.96,45.53776071102611
469,469,2020-03-03,232.34,11639.53,2733762.12,2312193.9,46.05,46.777129395493255
470,470,2020-03-04,242.75,13842.19,3372539.82,2326036.09,44.29,47.45176638791536
471,471,2020-03-05,249.25,5161.13,1270005.78,2331197.22,41.93,47.94214619438828
472,472,2020-03-06,234.72,4487.72,1075826.79,2326709.5,43.48,48.8608197690717
473,473,2020-03-07,198.13,24636.39,5106390.75,2302073.11,50.73,51.32843611511021
474,474,2020-03-08,200.48,32962.28,6439491.23,2335035.39,52.69,52.397160694550394
475,475,2020-03-09,198.98,17619.28,3536873.84,2317416.11,52.02,52.395660196921135
476,476,2020-03-10,191.58,23206.17,4301893.95,2294209.94,46.91,52.116803586673605
477,477,2020-03-11,106.96,148879.87,20379704.45,2145330.07,148.69,56.43801390316011
478,478,2020-03-12,122.3,91377.65,10158789.53,2236707.72,166.03,57.88585162931038
479,479,2020-03-13,116.38,13351.97,1602661.38,2223355.75,165.35,59.15080696877628
480,480,2020-03-14,122.46,13605.84,1671076.7,2236961.59,167.73,58.61485918077062
481,481,2020-03-15,111.96,28339.96,3083625.03,2208621.63,166.0,60.85597393582755
482,482,2020-03-16,120.21,17354.31,2063922.77,2225975.94,171.8,62.89036623408574
483,483,2020-03-17,124.2,12677.68,1493189.27,2238653.62,53.92,62.98277076576811
484,484,2020-03-18,156.43,54893.32,8162846.38,2293546.94,73.61,61.29098520277185
485,485,2020-03-19,160.6,88604.57,14608085.28,2382151.51,68.11,60.22188327200958
486,486,2020-03-20,168.41,36317.96,6041682.25,2418469.47,68.13,58.668950108056045
487,487,2020-03-21,156.86,38302.42,6445530.22,2380167.05,64.85,56.88988230046605
488,488,2020-03-22,170.1,30879.17,5091119.66,2411046.22,65.1,54.963349443687704
489,489,2020-03-23,178.45,25045.1,4401071.79,2436091.32,64.72,51.61940475481424
490,490,2020-03-24,172.98,11905.39,2049165.33,2424185.93,37.45,48.881740173747424
491,491,2020-03-25,173.74,8009.64,1360405.53,2432195.57,37.43,46.91608915632352
492,492,2020-03-26,163.45,7846.31,1348752.79,2424349.26,40.07,46.415519501290426
493,493,2020-03-27,157.73,23144.67,3619472.82,2401204.59,35.92,45.80507046168535
494,494,2020-03-28,147.11,10620.77,1620027.5,2390583.82,28.92,45.59732561223811
495,495,2020-03-29,165.69,25564.81,4136073.97,2416148.63,45.74,45.16136068549614
496,496,2020-03-30,165.49,5191.84,862937.07,2410956.79,45.38,44.02541527736889
497,497,2020-03-31,168.25,10030.61,1644119.26,2420987.4,45.77,41.29705421572476
498,498,2020-04-01,176.12,30109.9,5342934.5,2451097.3,43.44,38.62836803602238
499,499,2020-04-02,178.98,17619.02,3160282.43,2468716.32,40.6,36.769825905576376
500,500,2020-04-03,179.42,6154.42,1094465.35,2474870.74,29.78,33.96348626893577
501,501,2020-04-04,174.89,5899.59,1029547.51,2468971.15,15.59,30.060345215627798
502,502,2020-04-05,192.75,23493.11,4411469.5,2492464.26,27.75,27.42533200377344
503,503,2020-04-06,184.93,15816.73,2986528.79,2476647.53,33.21,26.90511772238008
504,504,2020-04-07,217.94,54592.98,11591914.81,2531240.51,52.32,27.972734847124702
505,505,2020-04-08,214.86,17092.03,3738900.83,2514148.48,53.91,28.855573259959296
506,506,2020-04-09,186.5,26996.08,5194827.09,2487152.4,71.48,28.68661573650248
507,507,2020-04-10,186.91,11074.38,2057097.59,2498226.78,70.78,27.145772516493242
