,Unnamed: 0,Date,close,volumefrom,volumeto,OBV,Volatility_7Day,30day_volatility-eos
29,29,2017-07-29,1.79,1747337.48,3085982.59,-21125493.51,58.55,0.6957262805667646
30,30,2017-07-30,1.72,2282435.58,3919388.58,-23407929.09,46.46,0.6742126953867671
31,31,2017-07-31,1.77,2999734.41,5236301.31,-20408194.68,46.68,0.6504224091656342
32,32,2017-08-01,1.76,2022382.06,3549752.39,-22430576.74,20.85,0.5001178022145922
33,33,2017-08-02,1.78,1700739.93,2981679.87,-20729836.81,15.33,0.4329223072768728
34,34,2017-08-03,1.78,1903311.9,3395697.49,-20729836.81,15.17,0.38992616454029283
35,35,2017-08-04,1.86,3146503.98,5778221.2,-17583332.83,19.24,0.28643749192731266
36,36,2017-08-05,1.76,2247834.26,4030809.0,-19831167.09,22.6,0.23480121208248145
37,37,2017-08-06,1.83,2934648.28,5206772.94,-16896518.81,23.74,0.2045092247027158
38,38,2017-08-07,1.86,3428366.67,6442701.97,-13468152.14,23.57,0.1845793602488783
39,39,2017-08-08,1.82,2442200.35,4507591.73,-15910352.49,24.95,0.18539209768773213
40,40,2017-08-09,1.84,2506814.62,4646113.72,-13403537.87,24.98,0.18273025153921924
41,41,2017-08-10,1.76,3429730.56,6178302.06,-16833268.43,24.49,0.177859559733251
42,42,2017-08-11,1.65,2886509.73,4966141.68,-19719778.16,26.08,0.178420915221579
43,43,2017-08-12,1.59,3545804.22,5671503.7,-23265582.38,21.0,0.1756367725223539
44,44,2017-08-13,1.61,3050210.6,4853686.68,-20215371.78,20.4,0.15668843086780918
45,45,2017-08-14,1.62,3186931.03,5240985.67,-17028440.75,22.0,0.12458482776945574
46,46,2017-08-15,1.59,2688333.05,4261201.18,-19716773.8,19.78,0.1199520977187417
47,47,2017-08-16,1.52,3336261.31,5121019.91,-23053035.11,19.83,0.12662960740389465
48,48,2017-08-17,1.4,3315579.8,4806175.24,-26368614.91,23.23,0.13099091834801105
49,49,2017-08-18,1.39,2784847.17,3802323.95,-29153462.08,23.54,0.1464742729754215
50,50,2017-08-19,1.36,2502787.71,3418818.62,-31656249.79,20.76,0.16160296173455313
51,51,2017-08-20,1.33,3248568.81,4382936.64,-34904818.6,17.88,0.16650739516213178
52,52,2017-08-21,1.27,3599185.83,4568631.88,-38504004.43,17.51,0.1793952164305422
53,53,2017-08-22,1.42,6147120.04,8702128.78,-32356884.39,43.34,0.18052955309375263
54,54,2017-08-23,1.37,2784575.77,3807187.79,-35141460.16,38.24,0.18834457295319054
55,55,2017-08-24,1.37,3019487.01,4134960.74,-35141460.16,38.23,0.1953552614108965
56,56,2017-08-25,1.36,2348181.8,3183819.08,-37489641.96,37.79,0.19540379647837217
57,57,2017-08-26,1.34,2335987.77,3134463.2,-39825629.73,37.46,0.1993152069565644
58,58,2017-08-27,1.33,2663573.5,3538019.21,-42489203.23,34.53,0.2020370399635709
59,59,2017-08-28,1.32,3297589.4,4410672.73,-45786792.63,8.246,0.20460109773753035
60,60,2017-08-29,1.25,4528191.96,5856106.4,-50314984.59,13.03,0.21134190852467177
61,61,2017-08-30,1.34,4992977.51,6523912.58,-45322007.08,26.54,0.21144712118511197
62,62,2017-08-31,1.32,4217462.33,5539771.2,-49539469.41,26.72,0.21159058275982848
63,63,2017-09-01,1.24,4145507.83,5435995.92,-53684977.24,30.99,0.2129648397940512
64,64,2017-09-02,1.3,3851217.54,4887793.51,-49833759.7,35.06,0.21051551393946136
65,65,2017-09-03,0.9142,11464474.02,11774351.97,-61298233.72,100.25,0.22515829313067148
66,66,2017-09-05,0.9106,12444570.01,11989392.88,-64673527.3,95.85,0.24022327966280488
67,67,2017-09-06,0.9828,10938164.79,10287229.43,-53735362.51,102.84,0.2426802291271284
68,68,2017-09-07,0.8421,10111247.33,8815302.19,-63846609.84,106.78,0.2490434191244481
69,69,2017-09-08,0.8174,4294016.92,3424553.48,-68140626.76,101.66,0.2549762889359329
70,70,2017-09-09,0.745,5333334.86,3960901.73,-73473961.62,53.13,0.2600331629822912
71,71,2017-09-10,0.735,3776355.26,2765708.94,-77250316.88,51.82,0.2659669711799207
72,72,2017-09-11,0.8590000000000001,8435731.28,6731634.24,-68814585.6,74.05,0.26667228820942496
73,73,2017-09-12,0.7272,7722195.41,5613781.61,-76536781.01,78.26,0.27493664183405697
74,74,2017-09-13,0.5806,10475675.53,6929316.48,-87012456.54,88.13,0.288418918445447
75,75,2017-09-14,0.6511,7584741.55,4543809.26,-79427714.99,100.42,0.29226597396931087
76,76,2017-09-15,0.624,3403913.89,2166344.11,-82831628.88,98.93,0.2956353407707605
77,77,2017-09-16,0.6233,5779557.65,3524669.55,-88611186.53,99.16,0.29917425055542846
78,78,2017-09-17,0.7049,4706833.01,3151410.08,-83904353.52,94.15,0.301306446059127
79,79,2017-09-18,0.6493,3793052.69,2555517.93,-87697406.21,86.14,0.3043074331175213
80,80,2017-09-19,0.6166,5368856.37,3416422.01,-93066262.58,58.14,0.3078412292112589
81,81,2017-09-20,0.5671,7057087.23,4113626.28,-100123349.81,51.22,0.3126606830297721
82,82,2017-09-21,0.5659,4686103.29,2609360.26,-104809453.1,51.04,0.31751429778649426
83,83,2017-09-22,0.578,4676979.33,2705869.15,-100132473.77,51.96,0.3134807275419493
84,84,2017-09-23,0.5454,5752514.37,3208145.88,-105884988.14,28.4,0.310719580584521
85,85,2017-09-24,0.5688,5548700.33,3122841.2,-100336287.81,32.75,0.3045132856886863
86,86,2017-09-25,0.5614,5439087.07,3111743.37,-105775374.88,31.33,0.2965351065839954
87,87,2017-09-26,0.6314,10018302.41,6093032.08,-95757072.47,39.16,0.28500684018813105
88,88,2017-09-27,0.8085,15721276.6,11634404.43,-80035795.87,71.89,0.2693559680371706
89,89,2017-09-28,0.7146,11585575.9,8597897.39,-91621371.77,87.44,0.25271595967778127
90,90,2017-09-29,0.7274,6295691.66,4603840.56,-85325680.11,82.65,0.23815841786508382
91,91,2017-09-30,0.7085,5416671.8,3774630.91,-90742351.91,85.09,0.21377195898497947
92,92,2017-10-01,0.6549,4999520.77,3348450.08,-95741872.68,90.1,0.18651495641239368
93,93,2017-10-02,0.6308,4478543.48,2841163.42,-100220416.16,85.93,0.16152007013826838
94,94,2017-10-03,0.6008,4208668.62,2556541.61,-104429084.78,31.65,0.1197064562927196
95,95,2017-10-04,0.6054,5712256.68,3418564.64,-98716828.1,23.68,0.11330312998486707
96,96,2017-10-05,0.6005,4009236.95,2401400.39,-102726065.05,20.12,0.10587527692699403
97,97,2017-10-06,0.5895,3773750.62,2213861.98,-106499815.67,20.42,0.08942463493542027
98,98,2017-10-07,0.606,5106000.59,3004729.56,-101393815.08,18.65,0.0831171034448225
99,99,2017-10-08,0.5579999999999999,5888047.93,3385306.22,-107281863.01,26.21,0.07883710027208125
100,100,2017-10-09,0.552,5845242.74,3287961.06,-113127105.75,24.59,0.07823657969453097
101,101,2017-10-10,0.6076,7457597.22,4345919.43,-105669508.53,38.78,0.07623289067515085
102,102,2017-10-11,0.5947,7127642.94,4340594.62,-112797151.47,39.2,0.06354383010826013
103,103,2017-10-12,0.5872,6800937.22,4042813.81,-119598088.69,39.02,0.0608748288014762
104,104,2017-10-13,0.5836,5779741.41,3466288.99,-125377830.1,37.94,0.060809498653060956
105,105,2017-10-14,0.5738,4855678.15,2788497.74,-130233508.25,29.69,0.06110836887960827
106,106,2017-10-15,0.5608,4167533.46,2371426.02,-134401041.71,30.41,0.061977478390025244
107,107,2017-10-16,0.5501,4595599.27,2552997.97,-138996640.98,4.119,0.0631063237991892
108,108,2017-10-17,0.5432,5767658.6,3082220.69,-144764299.58,3.887,0.0619204807073905
109,109,2017-10-18,0.5663,6873378.88,3901100.2,-137890920.7,15.86,0.06186853656012715
110,110,2017-10-19,0.5395,5305190.03,2991733.32,-143196110.73,19.55,0.06297414183797759
111,111,2017-10-20,0.5284,6647293.29,3480635.19,-149843404.02,19.64,0.06411507614052706
112,112,2017-10-21,0.5192,4555572.69,2365226.73,-154398976.71,19.48,0.06555822725577144
113,113,2017-10-22,0.4924,6067509.04,3006265.54,-160466485.75,22.35,0.0683467209481746
114,114,2017-10-23,0.5176,5967943.24,3087091.81,-154498542.51,29.09,0.06925323088856995
115,115,2017-10-24,0.5041,4518208.54,2290713.74,-159016751.05,24.37,0.07111501902576076
116,116,2017-10-25,0.5189,4110150.58,2126872.46,-154906600.47,25.23,0.07220062414160013
117,117,2017-10-26,0.5213,3641852.45,1868391.94,-151264748.02,24.9,0.07295068590981493
118,118,2017-10-27,0.5339,4099844.69,2171490.01,-147164903.33,25.18,0.06062717610740623
119,119,2017-10-28,0.6668,13487478.35,8282721.68,-133677424.98,58.0,0.05750748636921609
120,120,2017-10-29,0.7125,12955794.25,9021667.54,-120721630.73,58.15,0.05622365651328598
121,121,2017-10-30,0.7826,9582555.18,6841174.51,-111139075.55,52.57,0.06334839845021122
122,122,2017-10-31,1.05,36964539.75,35716244.25,-74174535.8,76.19,0.10609053956977847
123,123,2017-11-01,1.11,31135053.4,34049392.94,-43039482.4,70.66,0.14195276213642607
124,124,2017-11-02,1.2,25001835.96,31281541.72,-18037646.44,65.16,0.17824287088966098
125,125,2017-11-03,1.11,17267343.83,20190363.92,-35304990.27,78.85,0.19856930533944153
126,126,2017-11-04,1.09,14199958.28,15041656.12,-49504948.55,83.72,0.21419663272625047
127,127,2017-11-05,0.9124,13596521.91,13562909.56,-63101470.46,106.16,0.21848055935504154
128,128,2017-11-06,0.9518,7738637.44,7388368.45,-55362833.02,64.17,0.22387392955262392
129,129,2017-11-07,1.12,16679289.17,18144083.77,-38683543.85,79.31,0.23609304081132956
130,130,2017-11-08,1.18,9167694.71,10712325.57,-29515849.14,77.43,0.24966126617396242
131,131,2017-11-09,1.03,10244964.77,11005764.55,-39760813.91,83.64,0.2547132493879991
132,132,2017-11-10,1.16,9159475.95,10015980.14,-30601337.96,90.67,0.26444248411005894
133,133,2017-11-11,1.09,8394417.53,9319549.91,-38995755.49,73.53,0.26918654592261304
134,134,2017-11-12,1.18,6537330.25,7492603.26,-32458425.24,74.74,0.2765638739384015
135,135,2017-11-13,1.68,21057867.09,31284841.35,-11400558.15,111.44,0.31700010217917773
136,136,2017-11-14,1.67,15995802.57,25979233.82,-27396360.72,113.23,0.3476369182013781
137,137,2017-11-15,1.67,16955963.51,29287595.29,-27396360.72,97.87,0.37165524639430797
138,138,2017-11-16,1.74,11992099.94,20311991.16,-15404260.78,97.46,0.3949775486271849
139,139,2017-11-17,1.92,11773271.49,21390803.43,-3630989.29,87.99,0.4263132276764985
140,140,2017-11-18,1.88,11153672.69,21388039.1,-14784661.98,93.46,0.44720097707468365
141,141,2017-11-19,1.99,9783694.84,19143342.43,-5000967.14,29.93,0.46921189445340344
142,142,2017-11-20,1.91,12239367.55,23733914.02,-17240334.69,34.54,0.4801208040152769
143,143,2017-11-21,1.89,9506691.51,17831198.41,-26747026.2,35.25,0.48392972593515915
144,144,2017-11-22,1.88,7925618.56,15119870.32,-34672644.76,35.12,0.4839002778073898
145,145,2017-11-23,1.88,7303428.15,13361558.47,-34672644.76,21.71,0.47870615703331965
146,146,2017-11-24,2.05,7995090.83,15220203.42,-26677553.93,31.34,0.4777410648761164
147,147,2017-11-25,2.46,1529705.62,3390936.39,-25147848.31,55.2,0.49689567789692424
148,148,2017-11-26,2.86,13658945.84,36932451.4,-11488902.47,56.25,0.5394410754628831
149,149,2017-11-27,2.76,11523237.31,33310024.44,-23012139.78,59.57,0.5678163129911388
150,150,2017-11-28,2.71,14501126.12,41887552.21,-37513265.9,60.95,0.5854137652171731
151,151,2017-11-29,2.84,11217226.6,30681545.65,-26296039.3,58.12,0.6068102435507837
152,152,2017-11-30,3.22,7731310.56,22754467.18,-18564728.74,60.07,0.6580450988632403
153,153,2017-12-01,3.91,12157858.98,43225605.83,-6406869.76,61.96,0.7570077182375785
154,154,2017-12-02,3.58,9757224.32,37420561.59,-16164094.08,70.16,0.8113108481758499
155,155,2017-12-03,4.04,10818305.23,41289807.11,-5345788.85,68.62,0.8846301210045396
156,156,2017-12-04,4.19,16903094.58,69064180.17,11557305.73,64.41,0.9521242145613271
157,157,2017-12-05,4.47,14904676.51,68301459.18,26461982.24,63.96,1.0169306523446728
158,158,2017-12-06,3.89,15263393.03,59402340.63,11198589.21,82.84,1.0309355755426919
159,159,2017-12-07,4.22,9747608.94,39526763.69,20946198.15,67.79,1.0605791629668864
160,160,2017-12-08,3.98,9549082.85,39182987.65,11397115.3,64.34,1.0697945339305055
161,161,2017-12-09,3.67,7209159.5,26372941.65,4187955.8,58.9,1.0509934544892805
162,162,2017-12-10,4.39,10703236.52,44205898.48,14891192.32,79.03,1.0623946059965552
163,163,2017-12-11,5.08,14003648.21,69445612.68,28894840.53,86.76,1.1002898782102628
164,164,2017-12-12,7.28,33584621.51,208583796.48,62479462.04,107.93,1.3216947062584934
165,165,2017-12-13,8.2,22315609.69,175990593.97,84795071.73,107.71,1.5952163042895673
166,166,2017-12-14,7.93,15244024.52,114730452.82,69551047.21,104.44,1.7771716196015628
167,167,2017-12-15,8.35,11967893.44,103287522.15,81518940.65,87.54,1.952055827588696
168,168,2017-12-16,7.97,7915233.66,65294868.06,73603706.99,98.49,2.063910472084874
169,169,2017-12-17,8.88,10794400.05,87399002.01,84398107.04,97.46,2.2175767036974414
170,170,2017-12-18,11.49,29239967.21,308476717.31,113638074.25,74.28,2.548466318143648
171,171,2017-12-19,10.44,9395415.61,100087015.98,104242658.64,85.19,2.7261782436392443
172,172,2017-12-20,10.64,9522150.21,102539472.6,113764808.85,82.36,2.8747534626928215
173,173,2017-12-21,7.69,30796008.07,233409143.81,82968800.78,129.88,2.8506503593503654
174,174,2017-12-22,8.26,8592167.87,73949389.9,91560968.65,131.16,2.8298917773060452
175,175,2017-12-23,7.99,6796919.66,51606674.53,84764048.99,127.05,2.784017687220866
176,176,2017-12-24,8.15,3727887.94,30585091.05,88491936.93,94.12,2.7344919887945562
177,177,2017-12-25,8.6,4766304.19,39825469.76,93258241.12,97.34,2.701489499746645
178,178,2017-12-26,8.72,5228997.52,45882343.74,98487238.64,97.11,2.674149214794961
179,179,2017-12-27,8.1,4746439.34,37397942.8,93740799.3,35.72,2.610712590440598
180,180,2017-12-28,8.12,3977974.07,33063363.07,97718773.37,29.44,2.5305587270925702
181,181,2017-12-29,7.08,5483898.78,39561494.38,92234874.59,46.86,2.429131177162335
182,182,2017-12-30,7.69,2386645.58,17720129.43,94621520.17,54.02,2.340552543075364
183,183,2017-12-31,7.64,2129554.08,16182124.81,92491966.09,50.17,2.2743785560218326
184,184,2018-01-01,8.3,4643760.32,37943548.37,97135726.41,57.13,2.189571022910154
185,185,2018-01-02,9.43,4364385.03,36750566.6,101500111.44,62.51,2.1435464222563083
186,186,2018-01-03,9.47,7078127.9,68944379.74,108578239.34,62.46,2.0902795281366386
187,187,2018-01-04,9.29,4358645.81,39367702.71,104219593.53,39.68,2.0307776665687665
188,188,2018-01-05,9.83,3087102.87,29054146.06,107306696.4,38.13,1.9339625214783147
189,189,2018-01-06,10.16,3815149.8,38918502.73,111121846.2,35.23,1.8467372906533448
190,190,2018-01-07,9.6,4984929.56,46591820.4,106136916.64,42.36,1.6937302910589322
191,191,2018-01-08,9.23,2231540.79,20872868.4,103905375.85,28.51,1.4597834826069085
192,192,2018-01-09,11.2,8396833.07,86012294.9,112302208.92,60.52,1.3274826665102097
193,193,2018-01-10,11.27,10763365.92,115951605.7,123065574.84,59.17,1.2234180496207865
194,194,2018-01-11,13.8,13168939.99,175879710.07,136234514.83,75.25,1.478284031626168
195,195,2018-01-12,16.0,17913873.5,294136188.45,154148388.33,78.41,1.928694275720079
196,196,2018-01-13,13.23,6923820.5,98670786.6,147224567.83,102.5,2.031543663122309
197,197,2018-01-14,12.78,4506690.85,61599316.88,142717876.98,102.14,2.10083084275842
198,198,2018-01-15,10.0,14956533.32,158929640.74,127761343.66,117.29,2.075673440087591
199,199,2018-01-16,10.15,11452035.78,103387986.52,139213379.44,117.47,2.0698527072922492
200,200,2018-01-17,10.18,5758551.42,60490149.99,144971930.86,95.16,2.0469159307568554
201,201,2018-01-18,11.07,4594984.27,48673168.94,149566915.13,84.49,2.057253525690384
202,202,2018-01-19,15.53,10533428.4,144827267.67,160100343.53,124.7,2.3057221174197506
203,203,2018-01-20,13.47,11122430.25,149233104.28,148977913.28,132.44,2.351231127748174
204,204,2018-01-21,13.38,11888558.67,162529908.43,137089354.61,105.48,2.3951239739467995
205,205,2018-01-22,12.88,9131139.77,117889152.87,127958214.84,107.88,2.397809464883533
206,206,2018-01-23,13.9,4406319.42,58178915.62,132364534.26,107.52,2.434803681103928
207,207,2018-01-24,14.25,6366632.51,90728372.99,138731166.77,107.17,2.4871200397154176
208,208,2018-01-25,14.24,5408892.14,74893464.87,133322274.63,48.37,2.527331539913922
209,209,2018-01-26,14.38,2692772.16,38578052.18,136015046.79,25.2,2.5352876233937107
210,210,2018-01-27,14.75,3230702.66,46763405.28,139245749.45,24.73,2.5418469165404973
211,211,2018-01-28,13.54,3449065.86,47827947.18,135796683.59,34.98,2.4279683574601183
212,212,2018-01-29,11.35,8227358.36,99688763.26,127569325.23,53.53,2.3091989953228365
213,213,2018-01-30,11.98,5621230.02,63633373.23,133190555.25,56.78,2.1707439267224258
214,214,2018-01-31,10.03,8128306.47,85914653.99,125062248.78,68.0,2.0918539596505648
215,215,2018-02-01,10.23,11147711.76,106403040.92,136209960.54,68.91,2.062695507975108
216,216,2018-02-02,10.64,4903735.04,50876511.6,141113695.58,70.44,2.0231290207208135
217,217,2018-02-03,8.89,5228214.64,49886702.28,135885480.94,78.18,2.0433537903759293
218,218,2018-02-04,7.06,9253162.94,72469479.31,126632318.0,85.57,2.204077230221665
219,219,2018-02-05,8.29,11770911.21,81791456.01,138403229.21,103.01,2.2821586877038302
220,220,2018-02-06,7.67,6916911.37,56898859.72,131486317.84,96.51,2.3748432737156873
221,221,2018-02-07,8.31,4976168.2,41479525.75,136462486.04,101.27,2.415378531053851
222,222,2018-02-08,9.48,4514893.67,39613927.91,140977379.71,109.83,2.450636347103977
223,223,2018-02-09,8.9,4125667.92,37909871.52,136851711.79,98.97,2.50450729318347
224,224,2018-02-10,8.33,2999634.14,25248958.01,133852077.65,71.86,2.5435536955800337
225,225,2018-02-11,9.13,3876654.76,34662763.96,137728732.41,62.56,2.4308618215362
226,226,2018-02-12,8.94,2693248.34,23890849.49,135035484.07,56.77,2.437597295435125
227,227,2018-02-13,9.85,4074929.54,38404990.7,139110413.61,58.33,2.427650110182943
228,228,2018-02-14,9.84,3723932.27,36626120.76,135386481.34,47.88,2.4301578398196226
229,229,2018-02-15,9.84,2898713.96,27955640.04,135386481.34,42.67,2.4346455523375954
230,230,2018-02-16,10.02,2808548.27,27896156.77,138195029.61,33.47,2.4367030910685408
231,231,2018-02-17,9.06,4140035.75,39063214.68,134054993.86,42.0,2.462371625687012
232,232,2018-02-18,9.49,2536893.08,23899754.14,136591886.94,43.15,2.316635392164653
233,233,2018-02-19,8.88,3065821.78,28805936.68,133526065.16,36.4,2.2812363304581766
234,234,2018-02-20,8.34,3557024.73,30234547.79,129969040.43,37.77,2.253669013628331
235,235,2018-02-21,7.78,4507176.61,35995904.22,125461863.82,37.99,2.2537730561229394
236,236,2018-02-22,8.26,3610862.44,29409230.26,129072726.26,44.55,2.172248292363961
237,237,2018-02-23,7.9,3069105.28,24487295.1,126003620.98,39.3,2.05598761121541
238,238,2018-02-24,7.69,2637594.33,20366252.27,123366026.65,32.43,1.9164012309954566
239,239,2018-02-25,7.99,3946327.62,30728075.82,127312354.27,35.7,1.7145417269151877
240,240,2018-02-26,8.39,3827130.88,32077140.41,131139485.15,36.07,1.3957357059699806
241,241,2018-02-27,8.19,2944520.19,25382716.41,128194964.96,29.9,1.1410876541627895
242,242,2018-02-28,8.55,2072049.29,17311442.45,130267014.25,27.65,1.0556745950219186
243,243,2018-03-01,8.02,2393158.3,19563191.3,127873855.95,31.01,0.8970275947523046
244,244,2018-03-02,7.92,1416121.53,11394964.29,126457734.42,30.05,0.8797881145121021
245,245,2018-03-03,8.15,2010733.32,15892301.89,128468467.74,29.22,0.838434501790737
246,246,2018-03-04,7.95,1535929.97,12477673.7,126932537.77,25.76,0.7595074780378265
247,247,2018-03-05,7.13,4108704.06,30257108.8,122823833.71,37.51,0.8008145996349485
248,248,2018-03-06,6.43,9200041.05,60872863.62,113623792.66,35.72,0.8471165426206633
249,249,2018-03-07,6.1,4967679.82,31117578.15,108656112.84,35.4,0.952777005908771
250,250,2018-03-08,6.02,9714270.53,54802035.63,98941842.31,35.35,1.0409674986921107
251,251,2018-03-09,5.64,5769808.0,34772317.71,93172034.31,25.97,1.1536642771481624
252,252,2018-03-10,6.04,4639443.94,26935027.41,97811478.25,43.57,1.1996676263836907
253,253,2018-03-11,5.72,4058232.17,23819476.76,93753246.08,38.94,1.270343830730813
254,254,2018-03-12,5.79,3834948.11,22139945.27,97588194.19,33.84,1.3342803389799611
255,255,2018-03-13,5.28,4218424.9,22907530.7,93369769.29,38.73,1.402121545225727
256,256,2018-03-14,5.12,7327166.38,37002691.75,86042602.91,38.59,1.4705662370227452
257,257,2018-03-15,5.04,3899113.95,19975948.01,82143488.96,36.58,1.4915640560610546
258,258,2018-03-16,4.63,3740617.74,18106075.67,78402871.22,26.74,1.519073522847417
259,259,2018-03-17,4.62,11441781.94,49194100.38,66961089.28,28.65,1.5263631179427986
260,260,2018-03-18,6.18,15003182.41,77909968.02,81964271.69,93.61,1.4407381569117885
261,261,2018-03-19,5.93,14304199.83,84203796.73,67660071.86,89.66,1.4050492280818139
262,262,2018-03-20,6.9,13905314.0,89502747.28,81565385.86,94.11,1.3221419403168462
263,263,2018-03-21,6.89,14307930.08,96445849.18,67257455.78,93.32,1.2674396764080331
264,264,2018-03-22,6.94,12384697.29,82632857.83,79642153.07,84.44,1.2348869835207317
265,265,2018-03-23,6.51,6153071.79,42126043.73,73489081.28,90.3,1.2208644007658824
266,266,2018-03-24,6.43,3853413.78,25159269.81,69635667.5,49.94,1.1870667509724688
267,267,2018-03-25,5.78,15561842.78,89497826.59,54073824.72,57.84,1.174332825993918
268,268,2018-03-26,5.8,18832431.59,109861151.91,72906256.31,30.41,1.1644403717281144
269,269,2018-03-27,6.2,8068603.63,49373112.57,80974859.94,39.83,1.1327978281847975
270,270,2018-03-28,5.88,11640925.68,69581065.49,69333934.26,39.87,1.0779480293701325
271,271,2018-03-29,6.01,10157033.8,60017503.51,79490968.06,39.76,1.0247758375573375
272,272,2018-03-30,5.93,4065109.78,24496899.27,75425858.28,39.76,0.935970576214975
273,273,2018-03-31,5.6,8789092.42,48725464.24,66636765.86,30.97,0.8791782997541413
274,274,2018-04-01,5.82,4857511.92,27703153.86,71494277.78,33.19,0.8148001658963927
275,275,2018-04-02,6.02,4415876.8,26234452.76,75910154.58,28.32,0.7150854783725308
276,276,2018-04-03,5.67,4037485.67,23165677.78,71872668.91,29.38,0.6162273986902174
277,277,2018-04-04,6.33,8714599.22,51809541.01,80587268.13,43.07,0.5789114835163374
278,278,2018-04-05,5.84,8877920.3,52669141.86,71709347.83,49.39,0.5705395711945058
279,279,2018-04-06,5.9,2546048.75,15067894.52,74255396.58,46.12,0.569151819028463
280,280,2018-04-07,5.98,2068643.28,12273126.11,76324039.86,45.2,0.5688641637346908
281,281,2018-04-08,5.86,3893243.82,22941517.6,72430796.04,44.49,0.5670699038584476
282,282,2018-04-09,6.0,3483406.81,20718978.25,75914202.85,40.99,0.5667471207254032
283,283,2018-04-10,8.52,29057229.38,217616413.57,104971432.23,100.4,0.7418569431756311
284,284,2018-04-11,8.83,27002197.97,234863030.83,131973630.2,91.82,0.9047489014707919
285,285,2018-04-12,8.82,14863149.91,135286684.31,117110480.29,92.5,1.0201248514979133
286,286,2018-04-13,8.71,9526593.12,81661653.57,107583887.17,94.06,1.0968272425500574
287,287,2018-04-14,8.53,9620592.44,80533722.5,97963294.73,94.1,1.140697709460214
288,288,2018-04-15,8.12,7557276.59,61235004.13,90406018.14,98.66,1.1281265621506518
289,289,2018-04-16,8.5,9651903.21,83929179.7,100057921.35,23.56,1.1214256628244885
290,290,2018-04-17,9.04,7043747.86,62447868.17,107101669.21,27.68,1.196424222230641
291,291,2018-04-18,9.48,6886788.51,63223176.37,113988457.72,29.91,1.28230593297664
292,292,2018-04-19,11.45,19629991.97,207249542.48,133618449.69,54.51,1.5284192495185394
293,293,2018-04-20,11.14,11782970.13,128491247.09,121835479.56,55.23,1.7006842436359813
294,294,2018-04-21,11.3,11155845.08,127952499.95,132991324.64,48.03,1.857796866022296
295,295,2018-04-22,11.62,8082528.47,93683579.38,141073853.11,48.57,2.0078990277768187
296,296,2018-04-23,15.11,32307325.5,451361989.69,173381178.61,74.95,2.429064173425778
297,297,2018-04-24,14.46,28744656.57,414467803.86,144636522.04,82.64,2.6845376964531766
298,298,2018-04-25,15.44,12279671.96,180832731.13,156916194.0,73.43,2.964293814062959
299,299,2018-04-26,16.61,16356855.08,268945990.98,173273049.08,69.09,3.2889553244817344
300,300,2018-04-27,18.78,18232718.88,336795670.37,191505767.96,68.12,3.7162243847971417
301,301,2018-04-28,21.41,25911403.23,535736275.69,217417171.19,66.28,4.283478766706748
302,302,2018-04-29,17.46,26020638.36,475578188.19,191396532.83,84.38,4.448204661730804
303,303,2018-04-30,18.74,19652129.0,337742031.62,211048661.83,81.95,4.635034860809519
304,304,2018-05-01,19.23,12953705.12,243458284.88,224002366.95,81.71,4.809835708236807
305,305,2018-05-02,17.67,13481970.2,241714019.61,210520396.75,86.47,4.86691793950597
306,306,2018-05-03,17.05,8573947.52,146875689.53,201946449.23,78.73,4.852275221747648
307,307,2018-05-04,17.77,7319425.67,132491229.59,209265874.9,66.98,4.8626973381343435
308,308,2018-05-05,17.39,7649620.87,132244229.86,201616254.03,37.61,4.805864903559437
309,309,2018-05-06,17.8,11377363.71,200543250.56,212993617.74,31.45,4.733107603489159
310,310,2018-05-07,17.96,7640087.74,139276323.89,220633705.48,30.15,4.633996810182501
311,311,2018-05-08,17.79,6693427.14,117484283.8,213940278.34,19.01,4.483553355281407
312,312,2018-05-09,17.32,8002505.97,144278684.46,205937772.37,17.61,4.285951456218031
313,313,2018-05-10,14.82,29279837.75,447646972.89,176657934.62,42.42,4.1571293836785586
314,314,2018-05-11,13.95,26639984.19,360573041.14,150017950.43,43.02,4.02885998250382
315,315,2018-05-12,14.59,10695806.32,152739698.54,160713756.75,45.92,3.8860677167093436
316,316,2018-05-13,13.8,13017242.69,180775937.51,147696514.06,44.03,3.7259929016905375
317,317,2018-05-14,12.8,9680670.9,129442284.81,138015843.16,43.11,3.5554381206660106
318,318,2018-05-15,12.67,11631860.46,142718703.72,126383982.7,44.26,3.3446929141036503
319,319,2018-05-16,12.23,12935272.79,168428381.37,113448709.91,28.93,3.154624337800568
320,320,2018-05-17,12.91,12144129.25,151794322.76,125592839.16,34.94,2.9663062870354002
321,321,2018-05-18,13.12,5054449.63,65206856.65,130647288.79,31.5,2.7865681319542475
322,322,2018-05-19,13.95,7224457.25,98996985.58,137871746.04,34.81,2.6978741950679965
323,323,2018-05-20,13.43,5634141.91,76406114.34,132237604.13,28.53,2.598999719166949
324,324,2018-05-21,12.11,9365141.36,118984066.87,122872462.77,41.7,2.5562209220446594
325,325,2018-05-22,10.67,19148869.63,215642423.66,103723593.14,52.75,2.613322278888184
326,326,2018-05-23,12.75,18389473.99,211297651.98,122113067.13,74.51,2.6646764699781413
327,327,2018-05-24,12.18,12148318.54,147302302.14,109964748.59,75.06,2.7287574537469075
328,328,2018-05-25,12.21,6808395.1,84823677.05,116773143.69,71.62,2.793347618815142
329,329,2018-05-26,12.44,5799524.39,71218985.56,122572668.08,72.16,2.8331051970357994
330,330,2018-05-27,11.51,12407353.66,149549332.56,110165314.42,69.64,2.8301984212150684
331,331,2018-05-28,12.14,17682930.01,204657987.0,127848244.43,59.15,2.6020607218126153
332,332,2018-05-29,11.88,10020188.48,120999468.38,117828055.95,30.86,2.596064129700426
333,333,2018-05-30,12.23,7589530.77,93351499.27,125417586.72,30.27,2.4993617806041635
334,334,2018-05-31,12.23,7385651.92,89582640.54,125417586.72,30.26,2.3430759084254325
335,335,2018-06-01,14.62,23818621.91,337464603.26,149236208.63,57.24,2.244488421859657
336,336,2018-06-02,14.52,11674822.55,172102428.69,137561386.08,48.5,2.170057179182043
337,337,2018-06-03,13.43,10976048.11,151008581.27,126585337.97,57.17,2.0412246999931325
338,338,2018-06-04,14.15,10722889.42,146102109.05,137308227.39,56.3,1.9223282399395138
339,339,2018-06-05,13.91,7421132.26,102696368.25,129887095.13,57.66,1.7535302979267593
340,340,2018-06-06,14.6,7671858.86,108074992.95,137558953.99,57.57,1.5532052139951087
341,341,2018-06-07,14.01,10237888.39,144020309.69,127321065.6,33.48,1.3172932889813809
342,342,2018-06-08,14.11,8450880.89,122397842.21,135771946.49,33.7,1.0841385689945684
343,343,2018-06-09,11.01,29925285.6,360036842.92,105846660.89,73.45,1.1026229959801985
344,344,2018-06-10,11.3,12679694.05,138303311.14,118526354.94,71.1,1.1301392956561536
345,345,2018-06-11,9.98,10055583.13,104367792.9,108470771.81,74.21,1.2057029237046182
346,346,2018-06-12,10.0,13929276.52,136455160.27,122400048.33,69.47,1.2897188502319632
347,347,2018-06-13,11.25,15861370.13,167905845.78,138261418.46,85.21,1.3137725358151038
348,348,2018-06-14,10.54,9361592.1,101312867.45,128899826.36,84.21,1.365555589848138
349,349,2018-06-15,10.54,6593451.83,69258904.92,128899826.36,54.29,1.4117528437917177
350,350,2018-06-16,10.34,3406279.59,35757903.9,125493546.77,53.24,1.460492123011723
351,351,2018-06-17,10.73,5443345.45,56960426.2,130936892.22,40.62,1.4832901065637376
352,352,2018-06-18,10.7,4262274.62,45322164.7,126674617.6,40.75,1.4767149002267508
353,353,2018-06-19,10.43,5978129.26,62478883.41,120696488.34,22.24,1.4909372197055877
354,354,2018-06-20,10.41,4554887.38,47935977.53,116141600.96,14.37,1.5218997505008969
355,355,2018-06-21,8.53,18658420.02,167733079.47,97483180.94,54.85,1.6337551414055125
356,356,2018-06-22,8.37,7505260.01,62386555.8,89977920.93,54.85,1.7517971068158142
357,357,2018-06-23,8.05,24506915.45,185123451.75,65471005.48,49.72,1.8793536734433565
358,358,2018-06-24,8.18,10742810.33,86951796.17,76213815.81,51.44,1.9808834671289497
359,359,2018-06-25,7.36,9453750.86,73956325.25,66760064.95,53.32,2.1137884494895376
360,360,2018-06-26,7.99,10146916.45,78775579.4,76906981.4,64.62,2.2015460607198856
361,361,2018-06-27,7.38,8070253.62,61912498.15,68836727.78,44.56,2.3044154518473063
362,362,2018-06-28,7.75,10020850.62,74229595.75,78857578.4,48.79,2.377948623324818
363,363,2018-06-29,8.12,7967113.79,64315477.49,86824692.19,50.22,2.419982046100396
364,364,2018-06-30,8.13,4457305.98,35793533.43,91281998.17,50.01,2.453037151037016
365,365,2018-07-01,8.98,10900810.62,94478199.09,102182808.79,42.63,2.3549322170980678
366,366,2018-07-02,8.81,10298205.93,93408111.24,91884602.86,41.21,2.2465163069164142
367,367,2018-07-03,8.91,7261843.39,65182768.62,99146446.25,28.02,2.180157671193612
368,368,2018-07-04,8.85,6797887.18,60729345.72,92348559.07,28.98,2.056259884509656
369,369,2018-07-05,8.63,6183029.3,52986545.87,86165529.77,30.13,1.9299856767975418
370,370,2018-07-06,8.86,3645209.66,31370501.49,89810739.43,30.24,1.7096280767814762
371,371,2018-07-07,8.71,3462217.59,30583818.12,86348521.84,13.18,1.50009214276377
372,372,2018-07-08,7.69,8335405.43,68205938.23,78013116.41,35.16,1.2461075487246263
373,373,2018-07-09,7.14,12247531.5,91033193.22,65765584.91,35.51,1.2544506513935099
374,374,2018-07-10,7.16,9517593.01,66979170.44,75283177.92,36.3,1.2302815302515735
375,375,2018-07-11,6.92,9519959.85,64342083.2,65763218.07,36.16,1.2682617301219599
376,376,2018-07-12,6.9,7340891.41,51379058.0,58422326.66,32.39,1.2971792563051951
377,377,2018-07-13,6.94,3952926.47,27473391.95,62375253.13,34.42,1.2479530366200442
378,378,2018-07-14,7.4,5905265.07,42787961.69,68280518.2,30.34,1.2109049052899108
379,379,2018-07-15,8.1,9838584.76,76490740.61,78119102.96,30.7,1.1493286896191208
380,380,2018-07-16,8.78,11301003.97,95076480.8,89420106.93,33.69,1.0931810063496687
381,381,2018-07-17,8.6,11069234.19,98469960.9,78350872.74,31.45,0.9993340311162848
382,382,2018-07-18,8.42,8461599.28,71205514.02,69889273.46,33.73,0.8907390706340554
383,383,2018-07-19,7.85,11974405.26,97634360.05,57914868.2,43.77,0.788337112090284
384,384,2018-07-20,8.0,4912682.68,39094893.7,62827550.88,41.48,0.6604830172623313
385,385,2018-07-21,7.85,5564336.42,44665914.18,57263214.46,33.41,0.6551003257376753
386,386,2018-07-22,7.93,8058721.88,65286043.08,65321936.34,20.6,0.6520902729974817
387,387,2018-07-23,8.59,11090008.01,91887949.02,76411944.35,33.05,0.6605449683196541
388,388,2018-07-24,8.53,7810544.02,67572226.16,68601400.33,32.49,0.6663329049580877
389,389,2018-07-25,8.31,6039809.84,51581216.29,62561590.49,25.36,0.6552529563318336
390,390,2018-07-26,8.43,6519715.64,53830349.34,69081306.13,25.24,0.6582178132314339
391,391,2018-07-27,8.37,2411963.67,19985772.88,66669342.46,24.3,0.646152538839146
392,392,2018-07-28,8.34,2231030.69,18503121.08,64438311.77,24.61,0.6434126864287565
393,393,2018-07-29,7.74,9093257.69,71349159.35,55345054.08,20.35,0.6475809096033921
394,394,2018-07-30,7.33,7308258.06,53652729.46,48036796.02,22.17,0.663806594877075
395,395,2018-07-31,7.23,7769803.55,55559957.14,40266992.47,22.38,0.6609063786795442
396,396,2018-08-01,7.02,5226522.91,37020891.02,35040469.56,18.82,0.6701038691145559
397,397,2018-08-02,7.18,4874150.93,34342751.45,39914620.49,23.2,0.6620883019206949
398,398,2018-08-03,6.98,3421713.28,24147281.7,36492907.21,22.1,0.6601864069745927
399,399,2018-08-04,7.03,2680772.2,18779402.1,39173679.41,18.25,0.6608268070875432
400,400,2018-08-05,7.06,2810406.5,19719770.88,41984085.91,13.82,0.6437945163717572
401,401,2018-08-06,6.57,7092157.98,48829965.07,34891927.93,22.63,0.6523722405420737
402,402,2018-08-07,5.59,19007253.17,110710996.75,15884674.76,45.66,0.7557069461806922
403,403,2018-08-08,5.76,9169429.85,52162934.55,25054104.61,46.55,0.8241797733811327
404,404,2018-08-09,5.24,14325515.9,78525927.15,10728588.71,48.87,0.924988288214145
405,405,2018-08-10,4.96,13596800.55,68924438.84,-2868211.84,45.55,1.0305394748360701
406,406,2018-08-11,4.96,7578239.68,38117190.95,-2868211.84,45.06,1.1220316650929534
407,407,2018-08-12,4.58,10876362.34,52693161.35,-13744574.18,45.3,1.2306666261939452
408,408,2018-08-13,4.57,11617136.1,50476645.53,-25361710.28,32.9,1.3267365545041234
409,409,2018-08-14,4.63,9872348.99,46597994.53,-15489361.29,30.28,1.394781777518101
410,410,2018-08-15,4.51,7143637.74,33074605.77,-22632999.03,23.73,1.4327781870664194
411,411,2018-08-16,5.58,14228762.0,71725388.53,-8404237.03,66.07,1.4180447928336966
412,412,2018-08-17,5.08,12632047.11,65785337.71,-21036284.14,72.96,1.4206684520234536
413,413,2018-08-18,5.29,7324518.42,38012475.41,-13711765.72,67.98,1.4277344806113075
414,414,2018-08-19,4.7,9595594.46,48054932.87,-23307360.18,78.27,1.446448047467655
415,415,2018-08-20,4.9,7075385.23,33933438.97,-16231974.95,78.91,1.4539652085198638
416,416,2018-08-21,4.71,14274765.73,70400397.57,-30506740.68,79.51,1.4584892593160341
417,417,2018-08-22,4.9,5792528.9,27773012.81,-24714211.78,47.98,1.4159191807574278
418,418,2018-08-23,5.05,7594069.3,37612351.32,-17120142.48,43.12,1.3601276140262668
419,419,2018-08-24,5.04,3317946.68,16613047.0,-20438089.16,41.03,1.3057477269506488
420,420,2018-08-25,4.95,3565634.57,17478057.41,-24003723.73,22.17,1.2329221899360827
421,421,2018-08-26,5.38,8784977.67,45582267.97,-15218746.06,29.26,1.1405546140304776
422,422,2018-08-27,5.91,11346605.49,63731634.62,-3872140.57,29.46,1.0323069244206888
423,423,2018-08-28,6.13,15199112.96,92876086.37,11326972.39,29.45,0.9609583339251682
424,424,2018-08-29,6.07,10069557.13,59816307.92,1257415.26,32.14,0.910167598561534
425,425,2018-08-30,6.4,9176765.71,57318586.59,10434180.97,30.66,0.8701869927198728
426,426,2018-08-31,6.66,9843898.79,65690042.68,20278079.76,24.51,0.8516097670895421
427,427,2018-09-01,6.64,6740222.1,43898493.24,13537857.66,25.15,0.8210325010717282
428,428,2018-09-02,6.47,5076081.76,33022443.51,8461775.9,21.13,0.7947844354606978
429,429,2018-09-03,6.48,6582937.68,42802120.75,15044713.58,20.11,0.7642877384378493
430,430,2018-09-04,5.16,19459116.3,112472814.85,-4414402.72,67.59,0.7064351984826195
431,431,2018-09-05,5.23,14445361.72,72797488.26,10030959.0,64.28,0.6733943013253654
432,432,2018-09-06,5.06,9625667.31,49070740.58,405291.69,59.88,0.6747634749498839
433,433,2018-09-07,4.74,5750343.89,28017187.17,-5345052.2,58.34,0.6799388072534183
434,434,2018-09-08,4.94,7800187.15,38739892.33,2455134.95,63.91,0.6835451872323522
435,435,2018-09-09,5.03,4663268.84,23352370.16,7118403.79,65.1,0.6823829948966663
436,436,2018-09-10,4.99,6254786.76,30773479.34,863617.03,25.45,0.6818514349257839
437,437,2018-09-11,4.94,5844502.55,28426417.73,-4980885.52,24.69,0.6713568350735737
438,438,2018-09-12,5.39,11495628.76,60336501.4,6514743.24,34.13,0.6555162920899891
439,439,2018-09-13,5.23,7867946.53,41815442.46,-1353203.29,28.11,0.6413064969174345
440,440,2018-09-14,5.34,4094004.05,22094880.39,2740800.76,27.05,0.619783888920584
441,441,2018-09-15,5.41,3324609.9,17810391.93,6065410.66,27.01,0.6189809942674923
442,442,2018-09-16,4.84,12793533.62,64028118.21,-6728122.96,43.18,0.6248803103786006
443,443,2018-09-17,5.06,10494271.89,52279212.74,3766148.93,45.08,0.6276726762459497
444,444,2018-09-18,5.25,7646109.45,39164598.3,11412258.38,38.58,0.6146712045111419
445,445,2018-09-19,5.77,9555652.35,52380313.77,20967910.73,45.33,0.6102873828412136
446,446,2018-09-20,6.19,13220114.95,77681128.68,34188025.68,47.64,0.6091434536514714
447,447,2018-09-21,5.94,6972952.89,41818916.54,27215072.79,50.92,0.6040789512227274
448,448,2018-09-22,6.03,4269695.17,25650945.51,31484767.96,31.01,0.6041162444278539
449,449,2018-09-23,5.67,5724239.64,32937405.78,25760528.32,40.39,0.5964743156208887
450,450,2018-09-24,5.42,12702200.56,66871829.61,13058327.76,43.16,0.5855188287754545
451,451,2018-09-25,5.55,6605062.71,36419359.96,19663390.47,33.61,0.5842141789588446
452,452,2018-09-26,5.82,7113522.69,40266862.95,26776913.16,29.38,0.5827861144300017
453,453,2018-09-27,5.76,8859460.03,51885357.8,17917453.13,27.68,0.5749358784836978
454,454,2018-09-28,5.75,4030560.7,22807230.28,13886892.43,26.98,0.5685153077731673
455,455,2018-09-29,5.72,8029104.87,45211664.09,5857787.56,20.8,0.547533235227019
456,456,2018-09-30,5.74,5322205.93,30234990.46,11179993.49,14.5,0.5074801394675739
457,457,2018-10-01,5.62,3551199.53,20090446.21,7628793.96,15.67,0.4618832016365482
458,458,2018-10-02,5.62,3553606.48,19711079.0,7628793.96,5.841,0.4238614228107245
459,459,2018-10-03,5.8,5342177.6,30740107.91,12970971.56,11.32,0.3834910719936721
460,460,2018-10-04,5.83,3793551.53,21892983.4,16764523.09,11.32,0.386501550159721
461,461,2018-10-05,5.73,1766942.12,10165767.97,14997580.97,12.43,0.3871997910135346
462,462,2018-10-06,5.76,2490446.29,14202001.41,17488027.26,12.48,0.3825378052085812
463,463,2018-10-07,5.94,5817428.01,34395844.48,23305455.27,12.45,0.363000902440227
464,464,2018-10-08,5.92,2361604.48,13969202.81,20943850.79,12.7,0.3514279573332318
465,465,2018-10-09,5.92,2413630.04,14203330.67,20943850.79,10.39,0.34182152363915597
466,466,2018-10-10,5.09,12738649.2,68706114.14,8205201.59,42.75,0.3361248057752906
467,467,2018-10-11,5.2,3663214.13,19057204.26,11868415.72,44.41,0.3215102651156231
468,468,2018-10-12,5.3,1316488.62,6943436.45,13184904.34,45.14,0.3240469669378419
469,469,2018-10-13,5.2,1506902.84,7925901.81,11678001.5,42.78,0.3252954448448167
470,470,2018-10-14,5.59,12582915.86,71159391.46,24260917.36,49.93,0.3214164055351439
471,471,2018-10-15,5.57,1932775.68,10730424.9,22328141.68,49.88,0.3192231950780953
472,472,2018-10-16,5.56,1148820.55,6384244.0,21179321.13,21.11,0.2836413471148188
473,473,2018-10-17,5.46,2677431.65,14742829.02,18501889.48,22.65,0.2639609863196762
474,474,2018-10-18,5.4,2781123.4,15019585.21,15720766.08,22.84,0.2573161658260281
475,475,2018-10-19,5.45,1310355.41,7162590.11,17031121.49,21.69,0.2593238334105031
476,476,2018-10-20,5.51,1709231.11,9470172.52,18740352.6,7.445,0.23961679176668188
477,477,2018-10-21,5.46,1031675.61,5655898.52,17708676.99,7.6670000000000025,0.2340962077496435
478,478,2018-10-22,5.49,1572519.64,8602939.75,19281196.63,8.033999999999999,0.22133996320219818
479,479,2018-10-23,5.43,1827778.53,9998726.15,17453418.1,6.95,0.22286767374387342
480,480,2018-10-24,5.43,890636.07,4831926.38,17453418.1,6.138999999999999,0.22261662318781553
481,481,2018-10-25,5.45,1458704.64,7938337.99,18912122.74,5.65,0.2239396470418916
482,482,2018-10-26,5.42,491773.46,2668567.26,18420349.28,4.497,0.22129607773974241
483,483,2018-10-27,5.44,627386.61,3408087.19,19047735.89,4.232,0.21956068990538752
484,484,2018-10-28,5.15,4699417.73,24709148.32,14348318.16,14.73,0.22878992020238237
485,485,2018-10-29,5.14,716166.33,3690154.07,13632151.83,14.92,0.2373987382433737
486,486,2018-10-30,5.25,2052953.67,10707786.97,15685105.5,16.99,0.23864102796855935
487,487,2018-10-31,5.29,736252.62,3872041.84,16421358.12,17.21,0.24072209378614853
488,488,2018-11-01,5.4,1798559.02,9652607.58,18219917.14,18.52,0.24008044628761596
489,489,2018-11-02,5.32,1257961.92,6706621.65,16961955.22,18.82,0.23435899370632265
490,490,2018-11-03,5.54,2641440.79,14466708.0,19603396.01,12.88,0.22478316499322973
491,491,2018-11-04,5.51,1278857.82,7023898.63,18324538.19,13.24,0.2192015290659107
492,492,2018-11-05,5.78,3098537.6,17540605.32,21423075.79,16.47,0.22019557659959638
493,493,2018-11-06,5.67,1944356.12,11130779.39,19478719.67,19.04,0.20459772697921932
494,494,2018-11-07,5.53,2101588.88,11694317.21,17377130.79,21.02,0.1847847458500195
495,495,2018-11-08,5.41,2266042.53,12433200.21,15111088.26,21.64,0.16012351554312926
496,496,2018-11-09,5.43,975456.18,5298131.21,16086544.44,18.03,0.14791889669682404
497,497,2018-11-10,5.49,1267771.67,6830459.75,17354316.11,18.4,0.14199765256277674
498,498,2018-11-11,5.46,1002971.66,5463106.43,16351344.45,9.774,0.13971275951901999
499,499,2018-11-12,5.29,2769342.11,14683869.81,13582002.34,11.3,0.13525454928930855
500,500,2018-11-13,4.75,14370090.2,68628598.58,-788087.86,28.56,0.18263587289733432
501,501,2018-11-14,4.76,9378807.64,42755384.12,8590719.78,29.53,0.21592383714699406
502,502,2018-11-15,4.59,3060106.88,14196294.39,5530612.9,28.53,0.2579672972234803
503,503,2018-11-16,4.63,1155557.05,5302556.47,6686169.95,28.26,0.28912889381966855
504,504,2018-11-17,4.65,1810389.15,8392641.08,8496559.1,29.06,0.3141227521977384
505,505,2018-11-18,4.13,14344787.64,60297897.37,-5848228.54,38.28,0.3787638696675319
506,506,2018-11-19,3.81,21454682.28,82209718.55,-27302910.82,34.74,0.45878650532820847
507,507,2018-11-20,3.84,6878740.21,26082294.53,-20424170.61,35.32,0.518930819476262
508,508,2018-11-21,3.53,3737781.18,13939327.48,-24161951.79,37.66,0.5927004244164621
509,509,2018-11-22,3.66,8980082.93,32065266.84,-15181868.86,41.51,0.6430302722535611
510,510,2018-11-23,3.3,9510205.11,32741527.66,-24692073.97,41.84,0.7107916907126962
511,511,2018-11-24,3.4,14392605.91,46824026.88,-10299468.06,41.97,0.7584088758634829
512,512,2018-11-25,3.24,7052870.55,23103517.76,-17352338.61,39.57,0.8082469322232421
513,513,2018-11-26,3.05,8485129.65,25660846.66,-25837468.26,38.59,0.8604182356446726
514,514,2018-11-27,3.3,7126284.11,23008481.63,-18711184.15,46.0,0.8951211951590661
515,515,2018-11-28,3.04,8195398.68,25195620.3,-26906582.83,46.41,0.938303984759789
516,516,2018-11-29,2.89,7021815.03,20463110.59,-33928397.86,41.1,0.9800744165975215
517,517,2018-11-30,2.97,4058420.96,11985346.81,-29869976.9,40.82,1.0085827657670468
518,518,2018-12-01,2.87,2920609.9,8609468.61,-32790586.8,40.23,1.0315463228047301
519,519,2018-12-02,2.59,5621589.92,15202067.11,-38412176.72,45.19,1.0639661756787724
520,520,2018-12-03,2.47,10005612.17,24959144.91,-48417788.89,29.5,1.0850660237340748
521,521,2018-12-04,2.19,13993564.62,32048339.33,-62411353.51,34.65,1.1124342160584049
522,522,2018-12-05,1.85,17555478.41,36795867.87,-79966831.92,46.13,1.1337715008289637
523,523,2018-12-06,1.76,25155682.64,42987238.86,-105122514.56,34.58,1.1510223341851844
524,524,2018-12-07,1.86,17659449.39,32057411.37,-87463065.17,50.99,1.155393598656362
525,525,2018-12-08,2.05,13255639.51,26375701.95,-74207425.66,66.63,1.1440734342639516
526,526,2018-12-09,1.95,14005246.49,28017093.61,-88212672.15,66.66,1.124359383377269
527,527,2018-12-10,1.86,8933366.33,16741016.07,-97146038.48,61.66,1.0916161171063952
528,528,2018-12-11,2.01,10671848.54,21097203.96,-86474189.94,46.24,1.0393813920601647
529,529,2018-12-12,1.87,9495952.52,18438095.67,-95970142.46,49.21,0.9897080145290301
530,530,2018-12-13,1.85,7180467.85,13291604.42,-103150610.31,47.11,0.9638405577115239
531,531,2018-12-14,1.93,5859914.44,11004447.93,-97290695.87,38.73,0.923175678478013
532,532,2018-12-15,1.95,6717695.95,13267052.81,-90572999.92,36.67,0.8818879955989963
533,533,2018-12-16,2.45,19069709.34,43738929.81,-71503290.58,67.67,0.8145639832196283
534,534,2018-12-17,2.7,18412278.85,47567302.73,-53091011.73,68.67,0.7307122175163027
535,535,2018-12-18,2.52,18673506.08,50118256.14,-71764517.81,68.18,0.6776670596083058
536,536,2018-12-19,2.8,17257471.63,46831797.03,-54507046.18,66.36,0.6408726988193211
537,537,2018-12-20,2.67,12138211.1,33019183.43,-66645257.28,73.53,0.5963390226079992
538,538,2018-12-21,2.69,6569949.49,17270225.22,-60075307.79,73.68,0.5679104672838677
539,539,2018-12-22,2.87,12569213.09,36144060.44,-47506094.7,49.01,0.5305370300270201
540,540,2018-12-23,2.83,15424625.59,46459246.23,-62930720.29,43.92,0.5126868596833356
541,541,2018-12-24,2.58,11033029.55,28729205.24,-73963749.84,47.78,0.4830987143598068
542,542,2018-12-25,2.65,7646028.89,20058223.49,-66317720.95,36.67,0.4615841039913284
543,543,2018-12-26,2.36,9035574.5,22400896.0,-75353295.45,46.25,0.4468736867997815
544,544,2018-12-27,2.74,10934905.55,28234147.8,-64418389.9,65.47,0.419380495493062
545,545,2018-12-28,2.69,6981185.89,19291961.6,-71399575.79,62.42,0.4054259857052378
546,546,2018-12-29,2.75,4695666.1,12624932.01,-66703909.69,63.01,0.4001524134914029
547,547,2018-12-30,2.62,5573307.91,14690342.55,-72277217.6,58.64,0.3871790105453842
548,548,2018-12-31,2.73,4784447.84,12780031.3,-67492769.76,59.28,0.38169976767570124
549,549,2019-01-01,2.96,6650016.62,19022442.99,-60842753.14,46.74,0.39508605202633174
550,550,2019-01-02,2.75,5441096.36,15324761.18,-66283849.5,38.23,0.4007075638469333
551,551,2019-01-03,2.79,5939241.99,16404455.99,-60344607.51,37.83,0.40568503155476715
552,552,2019-01-04,2.75,3397398.94,9488004.86,-63742006.45,37.77,0.39655542726907417
553,553,2019-01-05,2.94,8427717.03,23802755.58,-55314289.42,37.66,0.3858772659380473
554,554,2019-01-06,2.83,5012065.19,14325524.75,-60326354.61,39.64,0.3732313078982104
555,555,2019-01-07,2.84,4821435.44,13769052.83,-55504919.17,31.58,0.3678769471927652
556,556,2019-01-08,2.95,6811500.62,19837439.15,-48693418.55,24.61,0.35860537655194263
557,557,2019-01-09,2.45,13924204.51,37175271.94,-62617623.06,58.41,0.3339791445068446
558,558,2019-01-10,2.44,3418739.26,8356131.95,-66036362.32,58.59,0.31730637140363244
559,559,2019-01-11,2.45,2359652.83,5796348.81,-63676709.49,52.65,0.2876861716060401
560,560,2019-01-12,2.28,3978195.67,9334099.39,-67654905.16,53.85,0.2572185438695108
561,561,2019-01-13,2.51,4683759.41,11315469.17,-62971145.75,64.47,0.22202412626488324
562,562,2019-01-14,2.42,3508976.9,8586399.44,-66480122.65,61.65,0.18418787260240493
563,563,2019-01-15,2.46,3573025.48,8766936.25,-62907097.17,37.34,0.1837902352539963
564,564,2019-01-16,2.55,4519025.48,11254909.03,-58388071.69,38.43,0.18490786770777642
565,565,2019-01-17,2.48,2436950.93,6064752.47,-60825022.62,39.61,0.18610990449659254
566,566,2019-01-18,2.5,3229676.62,8169787.14,-57595346.0,31.69,0.18644311326183458
567,567,2019-01-19,2.36,4914867.3,11737514.07,-62510213.3,23.62,0.19379927997685362
568,568,2019-01-20,2.35,3397119.2,8049061.86,-65907332.5,22.05,0.2006357710969926
569,569,2019-01-21,2.48,5104151.14,12324349.79,-60803181.36,26.95,0.19710811549859877
570,570,2019-01-22,2.46,2257440.17,5574094.58,-63060621.53,24.54,0.19484034135849876
571,571,2019-01-23,2.49,3300347.39,8156586.18,-59760274.14,23.79,0.1959125420638957
572,572,2019-01-24,2.48,2758184.87,6810009.85,-62518459.01,23.69,0.1969024497375549
573,573,2019-01-25,2.44,2354315.65,5821257.53,-64872774.66,16.74,0.19412757980613154
574,574,2019-01-26,2.38,3826532.83,9193449.31,-68699307.49,18.61,0.19616319736384466
575,575,2019-01-27,2.26,4805056.26,10952064.17,-73504363.75,14.29,0.20386072550225443
576,576,2019-01-28,2.3,2849597.27,6498653.5,-70654766.48,16.88,0.20682048410078935
577,577,2019-01-29,2.38,2777947.09,6496003.82,-67876819.39,20.24,0.2089172965113609
578,578,2019-01-30,2.36,2533136.32,5979208.2,-70409955.71,20.21,0.20876456518807882
579,579,2019-01-31,2.38,3333215.4,7896183.95,-67076740.31,20.45,0.19454899214551147
580,580,2019-02-01,2.48,2662250.23,6383794.84,-64414490.08,22.27,0.1895802986999944
581,581,2019-02-02,2.4,2318638.22,5611777.0,-66733128.3,18.14,0.18282741060621138
582,582,2019-02-03,2.42,1717697.7,4153050.86,-65015430.6,17.98,0.17678352240271192
583,583,2019-02-04,2.42,1129560.17,2716254.4,-65015430.6,15.97,0.15463713550815542
584,584,2019-02-05,2.38,2154169.84,5065638.67,-67169600.44,16.61,0.1392364234286492
585,585,2019-02-06,2.37,1357756.94,3232070.52,-68527357.38,16.49,0.11900738893319338
586,586,2019-02-07,2.77,7820152.53,20453047.54,-60707204.85,45.41,0.09413856258475554
587,587,2019-02-08,2.81,2047953.16,5741088.91,-58659251.69,42.46,0.11695563556178844
588,588,2019-02-09,2.89,3211905.83,8907133.55,-55447345.86,42.07,0.1427114281483604
589,589,2019-02-10,2.78,2296116.94,6434944.58,-57743462.8,45.59,0.15439313902928797
590,590,2019-02-11,3.0,6512955.4,18988874.29,-51230507.4,45.39,0.17827526178784303
591,591,2019-02-12,2.9,4390838.87,12867570.6,-55621346.27,48.43,0.19322579252407904
592,592,2019-02-13,2.79,2899352.56,8244670.93,-58520698.83,30.83,0.1993252987271069
593,593,2019-02-14,2.84,2515487.01,7140888.0,-56005211.82,30.97,0.20746416391837785
594,594,2019-02-15,2.83,1740298.25,5003687.19,-57745510.07,29.78,0.21457147886016126
595,595,2019-02-16,2.92,3622750.17,10487078.16,-54122759.9,28.51,0.2251528216644309
596,596,2019-02-17,3.54,15057843.1,49545106.44,-39064916.8,56.29,0.2878784864982316
597,597,2019-02-18,3.6,13900972.66,51168329.41,-25163944.14,53.04,0.3384854705790342
598,598,2019-02-19,3.98,9684034.44,36982622.54,-15479909.7,49.06,0.4143185791845185
599,599,2019-02-20,3.87,5556049.19,21354647.94,-21035958.89,53.75,0.4652691718767293
600,600,2019-02-21,3.94,5521842.25,21593904.7,-15514116.64,52.12,0.5117246026580354
601,601,2019-02-22,4.33,7540897.23,31123883.62,-7973219.41,52.38,0.5813049133620476
602,602,2019-02-23,3.61,15285872.9,60230301.88,-23259092.31,68.11,0.5935652071781338
603,603,2019-02-24,3.63,8834364.95,31778087.58,-14424727.36,67.98,0.6029052269168724
604,604,2019-02-25,3.51,5933246.01,20730412.22,-20357973.37,60.14,0.6033897541409748
605,605,2019-02-26,3.58,5288798.74,18633725.51,-15069174.63,61.02,0.5989731634845754
606,606,2019-02-27,3.57,4574601.24,16553719.14,-19643775.87,60.36,0.5926150889727397
607,607,2019-02-28,3.54,4234280.31,15415938.35,-23878056.18,49.28,0.5856898869522748
608,608,2019-03-01,3.56,2658286.81,9421765.55,-21219769.37,11.9,0.5756180087124017
609,609,2019-03-02,3.59,1815378.22,6519930.9,-19404391.15,12.09,0.5641599390080944
610,610,2019-03-03,3.3,6208205.47,20679155.72,-25612596.62,24.72,0.5496729435105877
611,611,2019-03-04,3.84,8380003.61,30194013.21,-17232593.01,50.57,0.5412065065745499
612,612,2019-03-05,3.82,5789733.31,22017297.07,-23022326.32,50.63,0.5285404974751435
613,613,2019-03-06,3.84,4566414.93,17675587.93,-18455911.39,50.3,0.5118482399009134
614,614,2019-03-07,3.66,5381780.69,20033844.98,-23837692.08,53.03,0.48233972384141266
615,615,2019-03-08,3.83,3553569.69,13513418.2,-20284122.39,54.19,0.4501622951270252
616,616,2019-03-09,3.77,1924583.71,7262039.88,-22208706.1,46.31,0.43702507884586883
617,617,2019-03-10,3.63,4151191.98,15206335.03,-26359898.08,22.01,0.42058374868173454
618,618,2019-03-11,3.7,4614809.04,16850776.28,-21745089.04,23.34,0.40698216516037744
619,619,2019-03-12,3.64,3662119.04,13324449.57,-25407208.08,23.22,0.3833943979348474
620,620,2019-03-13,3.63,3774359.93,13699539.12,-29181568.01,19.49,0.369887991744514
621,621,2019-03-14,3.76,3913392.06,14603844.19,-25268175.95,17.45,0.34977907641661277
622,622,2019-03-15,3.87,3511543.25,13568400.05,-21756632.7,18.71,0.319003657241326
623,623,2019-03-16,3.82,1559536.91,5966175.62,-23316169.61,14.58,0.28419456666893905
624,624,2019-03-17,3.79,2663892.71,10117289.08,-25980062.32,14.68,0.23818784241826907
625,625,2019-03-18,3.81,2692335.23,10185512.28,-23287727.09,13.15,0.18956817231284137
626,626,2019-03-19,3.79,4418490.91,16547970.44,-27706218.0,13.33,0.1869196766454765
627,627,2019-03-20,3.68,3140433.02,11592765.52,-30846651.02,12.88,0.18561144683292144
628,628,2019-03-21,3.67,1629827.72,5979829.1,-32476478.74,7.7570000000000014,0.17973032160922442
629,629,2019-03-22,3.71,1340931.45,4970153.5,-31135547.29,9.17,0.1774649066814518
630,630,2019-03-23,3.68,790291.27,2898059.16,-31925838.56,9.177,0.17232153853678958
631,631,2019-03-24,3.68,1777715.71,6521820.07,-31925838.56,8.771,0.1256015410990043
632,632,2019-03-25,3.78,2158225.83,8002572.3,-29767612.73,12.42,0.1259976281477499
633,633,2019-03-26,4.32,11229466.17,46538744.3,-18538146.56,35.44,0.17006455839767617
634,634,2019-03-27,4.3,4576848.47,19733901.18,-23114995.03,35.59,0.1967272456865353
635,635,2019-03-28,4.38,4506533.35,19725530.84,-18608461.68,35.35,0.2264529079968681
636,636,2019-03-29,4.22,4354307.91,18590360.37,-22962769.59,38.63,0.23792421279577847
637,637,2019-03-30,4.25,1873563.98,7935248.68,-21089205.61,38.31,0.24762225588424705
638,638,2019-03-31,4.25,2068379.3,8813623.36,-21089205.61,38.82,0.2554574441020159
639,639,2019-04-01,5.08,10925205.32,51603515.23,-10164000.29,50.41,0.33796891647865385
640,640,2019-04-02,5.24,19098053.54,102511291.1,8934053.25,49.37,0.4020327658631748
641,641,2019-04-03,5.1,4944759.58,25490017.37,3989293.67,51.98,0.45295200324249296
642,642,2019-04-04,5.38,4084521.24,21715692.28,8073814.91,48.08,0.517683167650807
643,643,2019-04-05,5.38,6142466.58,33709436.36,8073814.91,48.54,0.5706096759597218
644,644,2019-04-06,5.48,4840292.23,26421914.07,12914107.14,47.49,0.6177523217556458
645,645,2019-04-07,5.57,6501495.74,35917488.64,19415602.88,18.04,0.6660765204047436
646,646,2019-04-08,5.59,4696408.41,26137003.31,24112011.29,17.47,0.7061109287344086
647,647,2019-04-09,5.85,9007802.88,52653496.34,33119814.17,14.45,0.7513176165374722
648,648,2019-04-10,5.33,7070819.42,38385445.07,26048994.75,31.39,0.7618052516091749
649,649,2019-04-11,5.39,3505222.96,18666802.71,29554217.71,31.58,0.7684957691011998
650,650,2019-04-12,5.34,2197161.5,11731587.35,27357056.21,31.07,0.7682783409646599
651,651,2019-04-13,5.6,2131439.4,11584369.15,29488495.61,33.89,0.7791847345621706
652,652,2019-04-14,5.34,3359882.13,18373253.52,26128613.48,36.24,0.7793690345106293
653,653,2019-04-15,5.55,1848897.88,10094411.24,27977511.36,35.41,0.7816237887413894
654,654,2019-04-16,5.47,1741488.89,9564749.96,26236022.47,23.43,0.7754975414413746
655,655,2019-04-17,5.53,2356809.29,13034419.06,28592831.76,23.43,0.7678886563205335
656,656,2019-04-18,5.51,1301775.31,7133871.98,27291056.45,23.19,0.7541460116559383
657,657,2019-04-19,5.47,1775780.61,9733411.75,25515275.84,18.77,0.7283459453391368
658,658,2019-04-20,5.26,3302602.15,17231101.76,22212673.69,17.13,0.6915733353455193
659,659,2019-04-21,5.28,2736617.46,14379108.13,24949291.15,11.53,0.6513540273657051
660,660,2019-04-22,5.16,3711104.35,19797398.4,21238186.8,12.13,0.6004190107797666
661,661,2019-04-23,4.83,7272992.18,35486279.37,13965194.62,17.33,0.5425843861483302
662,662,2019-04-24,4.59,3740246.19,17553038.9,10224948.43,17.52,0.49203821924257923
663,663,2019-04-25,4.85,3847979.69,18260004.54,14072928.12,28.98,0.47083699011905805
664,664,2019-04-26,4.81,939328.82,4540714.66,13133599.3,28.4,0.44763696292276706
665,665,2019-04-27,4.88,1162052.54,5662164.27,14295651.84,29.14,0.4260208834123678
666,666,2019-04-28,4.73,2943726.14,14061266.7,11351925.7,29.47,0.3952053154745218
667,667,2019-04-29,5.04,2084861.58,10165082.56,13436787.28,30.37,0.35365025907969055
668,668,2019-04-30,4.96,1423858.75,7058895.22,12012928.53,25.65,0.3064608879809538
669,669,2019-05-01,4.97,1210097.05,5967791.25,13223025.58,21.75,0.3092475108849083
670,670,2019-05-02,5.27,3273095.91,17128664.22,16496121.49,25.56,0.3092647937345664
671,671,2019-05-03,5.15,2458211.74,12650638.21,14037909.75,27.57,0.30856061831092363
672,672,2019-05-04,5.09,889604.6,4532714.99,13148305.15,25.52,0.3089546706326883
673,673,2019-05-05,5.11,1782495.11,8951859.47,14930800.26,19.44,0.30873862769321697
674,674,2019-05-06,5.01,1936921.68,9927592.71,12993878.58,19.77,0.3077132939350747
675,675,2019-05-07,5.05,1459972.15,7335890.19,14453850.73,19.84,0.30177044636421324
676,676,2019-05-08,4.9,1223537.92,6077706.42,13230312.81,10.05,0.2973090036950899
677,677,2019-05-09,4.84,2713331.07,13108274.06,10516981.74,9.439,0.27484771122900464
678,678,2019-05-10,5.46,7066565.71,37559679.99,17583547.45,36.39,0.2788820044638939
679,679,2019-05-11,5.34,4023783.4,21973304.35,13559764.05,37.54,0.2775320215551928
680,680,2019-05-12,5.51,4688060.28,26062547.14,18247824.33,36.84,0.2832983075037494
681,681,2019-05-13,6.02,6730874.99,39618872.43,24978699.32,41.44,0.31482452693306284
682,682,2019-05-14,6.45,5065298.62,31580466.3,30043997.94,37.48,0.39179648129944544
683,683,2019-05-15,6.49,6141620.84,40535964.09,36185618.78,35.25,0.4532692229853611
684,684,2019-05-16,6.08,5828272.13,34996920.45,30357346.65,37.8,0.4772531557911896
685,685,2019-05-17,5.89,1212027.17,7210815.72,29145319.48,38.75,0.4888010196200647
686,686,2019-05-18,6.47,2929973.22,18420078.02,32075292.7,44.14,0.5345622336166305
687,687,2019-05-19,6.26,2225977.9,13861697.64,29849314.8,41.4,0.5620452184532952
688,688,2019-05-20,6.28,1725809.38,10842783.43,31575124.18,36.23,0.5882196985762282
689,689,2019-05-21,5.93,3598465.8,21937703.03,27976658.38,38.57,0.5971133626172649
690,690,2019-05-22,6.03,2361005.42,13904812.5,30337663.8,35.48,0.607070315380432
691,691,2019-05-23,6.42,3712312.55,23612451.64,34049976.35,37.5,0.6238917530631696
692,692,2019-05-24,6.38,2417739.99,15516889.18,31632236.36,27.34,0.6231493059221596
693,693,2019-05-25,6.96,4375760.82,29170274.89,36007997.18,33.93,0.662481923414201
694,694,2019-05-26,8.04,10324673.79,77811390.0,46332670.97,47.3,0.7824959329335045
695,695,2019-05-27,8.1,6405616.43,51119573.37,52738287.4,37.84,0.880762535351138
696,696,2019-05-28,8.01,5717129.87,45794907.44,47021157.53,40.73,0.94370564522397
697,697,2019-05-29,7.3,10807334.09,84106572.12,36213823.44,54.73,0.9613233814269598
698,698,2019-05-30,8.55,9094240.76,72222174.42,45308064.2,64.5,1.0479286630103328
699,699,2019-05-31,7.71,11829953.92,96434604.12,33478110.28,74.31,1.0642411359284611
700,700,2019-06-01,7.73,6374327.95,49220429.56,39852438.23,61.99,1.084428129391752
701,701,2019-06-02,6.68,9255582.06,66236623.88,30596856.17,71.94,1.0649963034850327
702,702,2019-06-03,6.3,8346628.35,53824856.62,22250227.82,71.87,1.0387569936968055
703,703,2019-06-04,6.43,3876175.78,24673346.64,26126403.6,71.09,1.0108341837939787
704,704,2019-06-05,6.37,3406774.4,21154257.53,22719629.2,43.24,0.9752580560354634
705,705,2019-06-06,6.64,3749746.82,24560155.4,26469376.02,44.96,0.9381506018354091
706,706,2019-06-07,6.37,1944694.42,12509985.6,24524681.6,44.17,0.8877068481632122
707,707,2019-06-08,6.15,2511299.86,15523300.99,22013381.74,25.49,0.8301270502400413
708,708,2019-06-09,6.468,2382806.38,15095349.47,24396188.12,25.72,0.80182231815101
709,709,2019-06-10,6.335,2564315.74,16208200.09,21831872.38,25.88,0.7657359625666136
710,710,2019-06-12,6.472,2815442.43,18404139.85,27219273.5,23.25,0.7346292872293989
711,711,2019-06-13,6.569,2537809.72,16348108.27,29757083.22,20.14,0.7235904442669796
712,712,2019-06-15,6.997000000000001,3911675.25,27504489.95,37023362.24,15.52,0.7232145426584327
713,713,2019-06-16,7.151,2532496.17,18016113.1,39555858.41,11.01,0.7251800695919155
714,714,2019-06-17,6.794,3078846.66,21165159.55,36477011.75,22.17,0.7134064341102393
715,715,2019-06-18,6.882999999999999,1305285.42,8955212.43,37782297.17,22.07,0.692810392697661
716,716,2019-06-20,7.062,3143251.2,22042810.13,39128520.26,19.02,0.6907496752030403
717,717,2019-06-21,7.499,6782169.86,49786990.88,45910690.12,24.48,0.6915625485960702
718,718,2019-06-22,7.265,2928716.07,21717786.5,42981974.05,26.67,0.685102513513847
719,719,2019-06-23,7.251,2262821.85,16185371.61,40719152.2,20.64,0.6613291597013297
720,720,2019-06-24,7.127999999999999,3288691.12,23316137.77,37430461.08,21.92,0.6378297650591456
721,721,2019-06-25,6.702000000000001,8785898.8,60485949.71,28644562.28,28.62,0.6310218168441848
722,722,2019-06-26,5.8870000000000005,9599215.46,58602678.61,19045346.82,41.69,0.6539920743658411
723,723,2019-06-27,6.18,6409522.72,38310625.93,25454869.54,39.59,0.6706594635818959
724,724,2019-06-28,6.329,2992436.58,18399550.44,28447306.12,42.37,0.6486950614569399
725,725,2019-07-02,6.066,2336678.11,13939598.08,28266080.54,36.64,0.6259699012263941
726,726,2019-07-03,5.722,1902032.25,11206255.81,26364048.29,36.89,0.6181656587106706
727,727,2019-07-04,5.7620000000000005,1083551.46,6242860.75,27447599.75,35.7,0.6359020708239302
728,728,2019-07-05,5.774,1710354.89,10011652.27,29157954.64,24.95,0.5567307733752376
729,729,2019-07-06,5.9670000000000005,1147786.53,6782295.93,30305741.17,22.38,0.5296191659292003
730,730,2019-07-07,5.97,1341353.62,7977495.3,31647094.79,21.3,0.4922134862962977
731,731,2019-07-08,5.895,1405887.63,8337193.2,30241207.16,19.92,0.5033709539111102
732,732,2019-07-09,5.261,5659709.67,30922848.27,24581497.49,33.7,0.5497596015898508
733,733,2019-07-10,4.686,7069496.79,32804489.41,17512000.7,42.17,0.6367262218639946
734,734,2019-07-11,4.797,2384934.46,11369795.07,19896935.16,44.13,0.6998028589390816
735,735,2019-07-12,4.7410000000000005,2016872.31,9482547.87,17880062.85,39.96,0.7549223001808507
736,736,2019-07-13,4.118,4732144.88,20539843.63,13147917.97,45.72,0.8506454135186009
737,737,2019-07-14,4.283,5502177.21,23278496.38,18650095.18,52.25,0.9196273383166206
738,738,2019-07-15,3.657,8431638.77,31964225.42,10218456.41,57.77,1.0219180191830635
739,739,2019-07-17,4.093,4718445.02,18871568.92,21909837.31,65.11,1.0799402436639998
740,740,2019-07-19,4.308,3837423.98,16481287.14,22906021.95,56.41,1.116582646178566
741,741,2019-07-20,4.32,2132408.96,9054064.07,25038430.91,55.48,1.1447895434753836
742,742,2019-07-21,4.121,3416357.43,14110690.7,21622073.48,29.92,1.1629531256305197
743,743,2019-07-22,4.1530000000000005,2591693.7,10667472.9,24213767.18,28.59,1.164768105774659
744,744,2019-07-23,4.585,6703505.76,29275488.28,30917272.94,34.75,1.1579567046677781
745,745,2019-07-24,4.57,3713971.49,17057848.52,27203301.45,34.25,1.142966947762779
746,746,2019-07-25,4.626,2096121.36,9571621.22,29299422.81,31.47,1.112210341472405
747,747,2019-07-26,4.266,3916279.55,17188701.49,25383143.26,40.39,1.0560805443203451
748,748,2019-07-28,4.206,2218487.26,9361311.51,26888889.24,38.09,1.0045094668371821
749,749,2019-07-29,4.206,1653213.97,6947033.33,26888889.24,22.24,0.9398748687806904
750,750,2019-07-30,4.425,3837731.76,16567869.87,30726621.0,28.46,0.8631333217032496
751,751,2019-07-31,4.31,1595938.85,6854516.0,29130682.15,28.29,0.8081882988739595
752,752,2019-08-02,4.2860000000000005,1737574.74,7445161.82,28793842.23,20.82,0.7941506132666064
753,753,2019-08-03,4.238,931658.68,3952806.31,27862183.55,20.63,0.7609704549674294
754,754,2019-08-04,4.461,2668290.26,11799679.05,30530473.81,24.6,0.7051954167903195
755,755,2019-08-05,4.1930000000000005,2439697.74,10465313.58,28090776.07,26.89,0.664490488416054
756,756,2019-08-06,4.227,1487507.77,6270364.82,29578283.84,26.55,0.6381535369968679
757,757,2019-08-07,4.173,1380258.17,5763430.01,28198025.67,25.41,0.604904536973049
758,758,2019-08-08,3.906,2690968.3,10635265.11,25507057.37,29.13,0.5712486987837025
759,759,2019-08-09,4.063,1987132.73,7967445.64,27494190.1,32.73,0.5047211407154075
760,760,2019-08-10,4.199,1720486.21,7157865.81,29214676.31,30.16,0.41496076673709703
761,761,2019-08-11,4.131,679098.65,2803727.94,28535577.66,25.48,0.3024872924090709
762,762,2019-08-12,4.075,1375660.59,5563600.99,27159917.07,25.37,0.24787561999622137
763,763,2019-08-14,3.63,3727192.45,13251309.05,20120898.67,33.9,0.26287137058125976
764,764,2019-08-15,3.59,1501133.62,5362224.3,18619765.05,29.68,0.2678822867235453
765,765,2019-08-16,3.5610000000000004,889706.69,3165292.85,17730058.36,24.91,0.27309717861143007
766,766,2019-08-17,3.696,2119244.36,7811241.67,19849302.72,30.53,0.2862082595176074
767,767,2019-08-19,3.676,884603.51,3233062.59,20541408.44,13.01,0.2978423732620178
768,768,2019-08-20,3.51,2317447.35,8074391.42,18223961.09,18.1,0.3069899919743641
769,769,2019-08-23,3.667,901031.6,3264014.47,19959970.62,18.4,0.3182531631611466
770,770,2019-08-24,3.55,1139980.06,4075644.08,18819990.56,19.78,0.3319977496115494
771,771,2019-08-26,3.556,762660.31,2708800.51,19131582.75,15.31,0.34266589069191716
772,772,2019-08-28,3.2030000000000003,1907136.87,6092056.48,14402133.36,22.85,0.37651953590689974
773,773,2019-08-29,3.216,862166.4,2787797.73,15264299.76,23.56,0.40393824069881984
774,774,2019-08-30,3.34,795956.26,2617648.35,16060256.02,27.99,0.40571807209316657
775,775,2019-08-31,3.2710000000000004,1272895.25,4143480.43,14787360.77,27.32,0.40752285176742087
776,776,2019-09-01,3.332,1173833.8,3869361.09,15961194.57,28.82,0.39806985611175766
777,777,2019-09-02,3.362,2176654.56,7366921.41,18137849.13,14.45,0.4014256046790763
778,778,2019-09-04,3.272,1443614.41,4722904.12,15187621.29,15.06,0.4083776213374132
779,779,2019-09-05,3.22,1597675.54,5189033.59,13589945.75,10.47,0.4150993635374593
780,780,2019-09-06,3.577,2647762.71,9191909.55,16237708.46,30.59,0.3980418579617773
781,781,2019-09-07,3.79,2017522.37,7411099.68,18255230.83,32.75,0.38387125026708874
782,782,2019-09-09,3.781,1793674.57,6819762.53,19399409.88,33.83,0.3695622511448824
783,783,2019-09-10,3.759,1129011.97,4206378.32,18270397.91,33.26,0.3563213082495243
784,784,2019-09-12,3.736,502484.42,1870896.01,17011092.17,19.4,0.3262116512010559
785,785,2019-09-13,4.038,2169415.46,8583574.34,19180507.63,24.08,0.3188760091248812
786,786,2019-09-14,4.082,1263967.18,5150435.69,20444474.81,23.71,0.31115121060680123
787,787,2019-09-15,4.099,1765719.05,7165804.47,22210193.86,21.15,0.30725738209290226
788,788,2019-09-16,4.0760000000000005,1950391.13,8082498.54,20259802.73,21.13,0.3134009880494218
789,789,2019-09-17,4.088,1847820.53,7605099.37,22107623.26,20.85,0.31451711025584467
790,790,2019-09-18,3.975,2346156.46,9209275.94,19761466.8,23.51,0.30399449669853823
791,791,2019-09-19,4.019,993689.75,3898931.51,20755156.55,9.68,0.2986769311403399
792,792,2019-09-20,4.008,1190281.51,4784863.84,19564875.04,8.923,0.2956886759811023
793,793,2019-09-21,3.823,2242800.05,8636140.9,17322074.99,14.38,0.2971991882076285
794,794,2019-09-24,2.875,5058334.62,14411796.22,7800600.39,78.06,0.33006045423268293
795,795,2019-09-25,2.79,3776096.38,10383221.17,4024504.01,75.84,0.36452816456157394
796,796,2019-09-26,2.839,2713474.3,7592996.07,6737978.31,77.36,0.3904496376490049
797,797,2019-09-27,2.839,1506182.08,4270623.02,6737978.31,78.93,0.4129307935113274
798,798,2019-09-28,2.79,2156344.19,5951605.82,4581634.12,79.36,0.43600171490753153
799,799,2019-09-29,2.978,3149197.12,9124679.92,7730831.24,23.38,0.446684779183299
800,800,2019-09-30,2.9530000000000003,3511196.91,10597169.46,4219634.33,22.28,0.4579724192368127
801,801,2019-10-03,3.014,1527049.78,4599264.86,5257067.9,22.88,0.46588371717741356
802,802,2019-10-04,3.0010000000000003,1351307.16,4027788.82,3905760.74,21.76,0.4713260591384677
803,803,2019-10-05,2.9160000000000004,1419409.98,4164453.85,2486350.76,15.7,0.47989076942021147
804,804,2019-10-07,3.1710000000000003,1187032.2,3779257.88,4134061.79,29.74,0.48227047307025983
805,805,2019-10-09,3.123,1181281.28,3700339.79,4762403.96,31.22,0.48490528047701514
806,806,2019-10-10,3.069,1518459.66,4697524.17,3243944.3,31.78,0.4893606443410576
807,807,2019-10-12,3.108,562647.06,1748241.11,4427694.14,15.27,0.49285973967094915
808,808,2019-10-13,3.168,944095.01,2977605.26,5371789.15,16.48,0.4943508282377207
809,809,2019-10-14,2.968,2485548.03,7372743.86,2886241.12,21.46,0.5000362297219002
810,810,2019-10-16,2.957,619672.68,1821240.8,2092512.3,20.17,0.5058922253584959
811,811,2019-10-17,2.892,2116657.84,6032438.41,-24145.54,20.3,0.5082413050293546
812,812,2019-10-18,2.889,704646.31,2036747.68,-728791.85,19.59,0.5091261400053941
813,813,2019-10-19,2.937,781787.17,2272696.86,52995.32,19.24,0.5076244527773283
814,814,2019-10-20,2.938,867220.59,2544163.94,920215.91,9.054,0.5052917684510393
815,815,2019-10-22,2.719,3180792.19,8680434.43,-3836487.68,18.62,0.4943983037578424
816,816,2019-10-23,2.734,1439931.72,3920691.35,-2396555.96,19.04,0.4758417393625234
817,817,2019-10-25,3.1460000000000004,5215027.28,17097529.25,-2843845.37,48.9,0.4439351731177043
818,818,2019-10-26,3.344,3168745.35,10531475.06,324899.98,50.41,0.41073358678145194
819,819,2019-10-27,3.2960000000000003,2672273.67,9084910.1,-2347373.69,50.54,0.37093880432186654
820,820,2019-10-28,3.412,1770210.48,5991856.65,-577163.21,42.16,0.338449683861219
821,821,2019-10-29,3.28,1829836.57,6034565.34,-2406999.78,46.65,0.2922882788122825
822,822,2019-10-30,3.266,1407412.09,4588837.72,-3814411.87,24.3,0.23574359000807915
823,823,2019-10-31,3.36,1173973.52,3886464.38,-2640438.35,24.29,0.19430884291970335
824,824,2019-11-01,3.333,885206.07,2968374.13,-3525644.42,18.29,0.19996741113804928
825,825,2019-11-02,3.279,869697.15,2847023.22,-4395341.57,18.42,0.19872822370404228
826,826,2019-11-03,3.457,2286020.49,7823225.98,-2109321.08,21.82,0.2071704861818874
827,827,2019-11-05,3.609,1832891.33,6602363.37,-794579.15,20.25,0.2235990382024693
828,828,2019-11-06,3.47,1428506.54,5005505.1,-2223085.69,24.57,0.2251769699949435
829,829,2019-11-07,3.411,1879476.45,6458912.6,-4102562.14,25.11,0.22918932594352737
830,830,2019-11-08,3.4930000000000003,686342.27,2375284.87,-3416219.87,24.63,0.23507186477587433
831,831,2019-11-09,3.594,1840791.75,6568461.09,-1575428.12,21.68,0.24634416631183595
832,832,2019-11-10,3.443,1073948.24,3740570.47,-2649376.36,20.04,0.24860034861871105
833,833,2019-11-11,3.4810000000000003,1355931.44,4696201.94,-1293444.92,20.76,0.24831413410318295
834,834,2019-11-12,3.478,623814.46,2156571.6,-1917259.38,17.77,0.25286883611048877
835,835,2019-11-13,3.398,1004020.55,3408696.61,-2921279.93,18.36,0.2541450147174999
836,836,2019-11-14,3.338,2042094.05,6882380.02,-4963373.98,16.91,0.25297620623203143
837,837,2019-11-16,3.404,690901.72,2350555.04,-3717164.64,10.08,0.2534250076112648
838,838,2019-11-17,3.188,2193027.44,7097354.86,-5910192.08,18.83,0.253228632326394
839,839,2019-11-18,3.127,1152891.61,3597867.22,-7063083.69,18.3,0.24873690342698995
840,840,2019-11-19,3.089,645634.66,2003718.63,-7708718.35,18.25,0.24439934580496725
841,841,2019-11-20,2.8280000000000003,2480495.13,7186151.49,-10189213.48,26.76,0.2479769849350584
842,842,2019-11-22,2.696,1114678.11,2947908.85,-13748917.97,28.41,0.26008879120476486
843,843,2019-11-23,2.43,2480609.22,6256508.46,-16229527.19,33.03,0.29532123363296076
844,844,2019-11-24,2.536,3152882.26,7819633.37,-13076644.93,40.61,0.3175329632630789
845,845,2019-11-26,2.688,2049424.19,5410023.25,-9832509.07,41.39,0.31926963346141424
846,846,2019-11-27,2.636,875109.47,2334775.23,-10707618.54,36.54,0.3248687798757248
847,847,2019-11-29,2.765,907356.19,2518504.14,-10507538.11,21.87,0.33502837244752687
848,848,2019-11-30,2.795,1544184.31,4254449.07,-8963353.8,20.85,0.34205464374914735
849,849,2019-12-01,2.693,1061972.83,2879966.86,-10025326.63,23.89,0.352912448847778
850,850,2019-12-02,2.71,993063.93,2696621.98,-9032262.7,23.21,0.3592483292500844
851,851,2019-12-03,2.637,1874115.57,5000499.96,-10906378.27,23.9,0.36978856338346516
852,852,2019-12-04,2.698,735385.69,1970900.81,-10170992.58,15.56,0.3765903961027064
853,853,2019-12-05,2.745,1035973.48,2812539.15,-9135019.1,16.4,0.37880169348686593
854,854,2019-12-06,2.738,429272.51,1179530.46,-9564291.61,15.94,0.3807582634328842
855,855,2019-12-07,2.759,480055.75,1320705.01,-9084235.86,11.69,0.38236232440768625
856,856,2019-12-09,2.614,1076401.97,2828692.02,-10949024.73,14.46,0.3819756702248066
857,857,2019-12-10,2.5810000000000004,642454.11,1665794.13,-11591478.84,12.26,0.37298242077463756
858,858,2019-12-11,2.592,859570.08,2213147.93,-10731908.76,10.34,0.367789115300257
859,859,2019-12-13,2.577,547828.14,1420970.16,-10591199.19,11.86,0.3634577700018603
860,860,2019-12-14,2.5780000000000003,471067.59,1212096.44,-10120131.6,9.747,0.3523753615142687
861,861,2019-12-15,2.377,3292605.7,7852019.46,-13412737.3,22.73,0.33886733070053376
862,862,2019-12-16,2.206,2421136.47,5490140.34,-15833873.77,27.58,0.3399795058056136
863,863,2019-12-17,2.467,3111425.68,7330313.55,-12722448.09,46.56,0.321133438086856
864,864,2019-12-19,2.496,893132.3,2227449.39,-12896345.49,46.32,0.2965250934313929
865,865,2019-12-20,2.454,453342.98,1116159.25,-13349688.47,46.37,0.2742211457594452
866,866,2019-12-21,2.549,597418.82,1495678.53,-12752269.65,40.83,0.2490655201615574
867,867,2019-12-22,2.52,839997.76,2143123.88,-13592267.41,31.76,0.21084893813500144
868,868,2019-12-23,2.549,778640.49,1971733.28,-12813626.92,13.21,0.18642430900641646
869,869,2019-12-25,2.524,968482.05,2474029.13,-12408227.28,15.68,0.16286437838625323
870,870,2019-12-26,2.5780000000000003,921314.75,2354603.37,-11486912.53,15.04,0.13643635205081475
871,871,2019-12-27,2.636,764734.96,2023585.22,-10722177.57,12.76,0.1297370638913213
872,872,2019-12-28,2.701,929984.82,2495084.2,-9792192.75,12.23,0.12987557706226266
873,873,2019-12-30,2.59,712733.73,1858528.33,-11305902.61,14.49,0.12612705234543323
874,874,2019-12-31,2.605,558913.8,1464945.55,-10746988.81,14.24,0.12555447597276617
875,875,2020-01-02,2.648,1367289.42,3533922.07,-10675845.31,28.93,0.12481920718692671
876,876,2020-01-03,2.655,609244.11,1612640.32,-10066601.2,27.96,0.1250530048539531
877,877,2020-01-04,2.6910000000000003,1351969.98,3668713.33,-8714631.22,27.14,0.12241328622209473
878,878,2020-01-06,2.853,1382136.59,3928017.47,-8549310.61,29.99,0.12602412193845727
879,879,2020-01-07,2.773,2271763.89,6465254.12,-10821074.5,25.07,0.12885904711351398
880,880,2020-01-09,2.977,1853661.93,5298298.29,-9734705.58,27.48,0.14472207212769517
881,881,2020-01-10,2.995,1572731.11,4756706.12,-8161974.47,27.68,0.16070864620651695
882,882,2020-01-11,3.2110000000000003,1292869.88,4045590.2,-6869104.59,29.19,0.19290039416491514
883,883,2020-01-12,3.109,844728.26,2633084.52,-7713832.85,32.2,0.21031006392590862
884,884,2020-01-13,3.803,6605220.2,23920646.35,-1108612.65,56.18,0.29706749881228767
885,885,2020-01-14,3.766,3229342.04,12133787.28,-4337954.69,56.29,0.3562537598107899
886,886,2020-01-15,3.835,2622333.47,9763240.52,-1715621.22,56.14,0.4092370866667166
887,887,2020-01-16,3.898,3669112.91,14364404.18,1953491.69,55.63,0.45688347190127687
888,888,2020-01-17,3.799,2548023.22,9792218.3,-594531.53,57.68,0.4892840887871205
889,889,2020-01-18,3.611,3055061.57,11127028.0,-3649593.1,59.54,0.5057270900942377
890,890,2020-01-19,3.613,1212054.35,4361183.4,-2437538.75,17.42,0.5194057712159409
891,891,2020-01-20,3.655,946193.91,3436318.82,-1491344.84,18.21,0.52601555962303
892,892,2020-01-22,3.574,993090.76,3521075.39,-3675201.23,14.8,0.5177267119589968
893,893,2020-01-23,3.634,1773764.33,6286452.87,-1901436.9,16.31,0.5197862690734077
894,894,2020-01-24,3.497,861948.36,3068895.16,-2763385.26,13.57,0.5155466254263694
895,895,2020-01-25,3.65,1067312.64,3807042.89,-1696072.62,18.89,0.5119583417409782
896,896,2020-01-29,4.324,3167144.58,13285737.4,4978323.5,34.36,0.5455602877649892
897,897,2020-01-30,4.152,2765100.02,11545911.43,2213223.48,34.74,0.5591112652205841
898,898,2020-01-31,4.158,893051.63,3722546.17,3106275.11,35.05,0.5686050737419319
899,899,2020-02-02,4.206,2091617.21,8903199.08,3094470.0,29.14,0.573999300131746
900,900,2020-02-03,4.228,1341105.61,5567012.1,4435575.61,27.76,0.5775172993378576
901,901,2020-02-04,4.532,3007170.71,13302857.84,7442746.32,23.54,0.5950804263232936
902,902,2020-02-05,4.587,1974563.98,8988084.67,9417310.3,17.66,0.6117287252805301
903,903,2020-02-07,4.76,1902594.68,8954248.84,12592543.47,18.53,0.6259803428664361
904,904,2020-02-08,5.007,1800706.1,8895243.82,14393249.57,18.24,0.6484246417988462
905,905,2020-02-09,4.897,1584905.38,7695004.31,12808344.19,22.38,0.655756542993029
906,906,2020-02-11,5.336,2437843.01,13068093.65,16967827.48,22.81,0.683706891725621
907,907,2020-02-12,5.359,2321517.19,12345551.1,19289344.67,22.46,0.7026638222695423
908,908,2020-02-13,5.3660000000000005,2035593.84,10861230.43,21324938.51,23.0,0.7198404804131154
909,909,2020-02-14,4.747,5014497.16,24339250.35,16310441.35,42.18,0.6925333503733344
910,910,2020-02-15,4.387,5128714.9,22566785.45,11181726.45,46.29,0.6625592179129229
911,911,2020-02-16,4.352,3833766.64,16264542.7,7347959.81,36.68,0.6283171109830031
912,912,2020-02-17,4.592,3179812.91,14292019.98,10527772.72,42.16,0.6059431937261056
913,913,2020-02-19,4.003,4508726.44,17971598.17,8750706.4,51.63,0.5706580553115483
914,914,2020-02-20,4.05,2329599.29,9515918.9,11080305.69,47.44,0.5658334560628279
915,915,2020-02-21,4.121,1155409.81,4714915.98,12235715.5,45.22,0.558978954223119
916,916,2020-02-22,4.401,2392690.02,10273197.13,14628405.52,49.69,0.5535135048036353
917,917,2020-02-23,4.126,2624156.71,10842626.35,12004248.81,49.16,0.5495935426012295
918,918,2020-02-24,4.08,3012946.26,12309472.44,8991302.55,27.94,0.5432810971998902
919,919,2020-02-25,3.537,7705952.2,28195381.0,1285350.35,48.34,0.5466754158957868
920,920,2020-02-26,3.616,3751924.32,13462953.66,5037274.67,49.02,0.5465461080968979
921,921,2020-02-28,3.5210000000000004,1053735.49,3770971.32,1521654.48,39.02,0.5524957377481649
922,922,2020-03-02,3.635,1617501.13,5895341.52,3679811.7,19.87,0.5498630853618762
923,923,2020-03-04,3.773,2100145.78,7837324.02,4464343.57,21.07,0.5446590201914092
924,924,2020-03-06,3.654,1259550.9,4694414.19,4266027.46,27.59,0.5373830383302596
925,925,2020-03-07,3.05,5659532.81,18533610.55,-1393505.35,52.75,0.5726199728732287
926,926,2020-03-09,3.077,2426285.47,7500939.88,5710971.03,54.3,0.6135090328050089
927,927,2020-03-11,1.794,20489001.46,45886609.26,-12656726.03,141.39,0.7593675196405638
928,928,2020-03-12,2.123,20528039.94,38721894.25,7871313.91,162.45,0.8459737781594288
929,929,2020-03-14,2.049,2953421.5,6012918.02,6690748.31,161.48,0.924434937690584
930,930,2020-03-15,1.901,4975258.93,9259769.67,1715489.38,159.88,1.0012757270648287
931,931,2020-03-17,2.006,2110367.15,4119550.47,6290496.77,59.47,1.0552084181559265
932,932,2020-03-18,2.286,4520415.62,10006928.67,10810912.39,51.55,1.0840434122027753
933,933,2020-03-19,2.204,5394420.83,12146787.74,5416491.56,46.82,1.105161256242209
934,934,2020-03-21,2.136,2464903.81,5447370.43,5122827.33,44.77,1.1125107200826687
935,935,2020-03-22,2.296,2193523.26,4878800.49,7316350.59,46.86,1.1097757130759989
936,936,2020-03-23,2.35,1215113.97,2827161.01,8531464.56,46.74,1.074563582089972
937,937,2020-03-25,2.331,899550.5,2070862.91,8193997.77,31.09,1.027297740811237
938,938,2020-03-26,2.195,2207291.19,5051810.21,5986706.58,34.84,0.9709860381112111
939,939,2020-03-27,2.206,2792095.36,6049721.28,8778801.94,29.42,0.9429919588643209
940,940,2020-03-28,2.12,1183501.63,2564755.53,7595300.31,21.74,0.9293911274679261
941,941,2020-03-29,2.233,1175588.55,2604816.19,8770888.86,26.72,0.9075143924003654
942,942,2020-03-30,2.217,690071.83,1536060.03,8080817.03,26.33,0.8648289240168275
943,943,2020-03-31,2.267,1340037.97,2971245.45,9420855.0,26.92,0.846577250007285
944,944,2020-04-01,2.298,3382567.6,7904759.37,12803422.6,20.18,0.8206294759400381
945,945,2020-04-02,2.334,1462126.05,3408491.2,14265548.65,20.26,0.784503418598744
946,946,2020-04-03,2.364,886430.14,2075592.23,15151978.79,12.7,0.7201512843936378
947,947,2020-04-04,2.355,907097.49,2133703.48,14244881.3,7.694,0.6663529112256239
948,948,2020-04-05,2.766,3653906.07,9525734.26,17898787.37,40.44,0.6062053671211189
949,949,2020-04-06,2.636,3051176.52,8283426.16,14847610.85,46.62,0.5775955919292547
950,950,2020-04-07,2.747,2321051.52,6315947.41,17168662.37,46.62,0.5417470292287492
951,951,2020-04-08,2.728,791504.11,2155870.68,16377158.26,47.59,0.5084041620148654
952,952,2020-04-09,2.494,3304531.81,8359156.58,13072626.45,57.1,0.45856154402128746
953,953,2020-04-10,2.513,1191596.9,2981805.29,14264223.35,56.97,0.3830891676161603
