,Unnamed: 0,Date,close,volumefrom,volumeto,OBV,Volatility_7Day,30day_volatility-trx
29,29,2017-11-13,0.0025,1519400.0,3668.41,-42607000.0,87.54,0.00046634307335797923
30,30,2017-11-14,0.0023,1885200.0,4511.73,-44492200.0,90.54,0.0004521392319379854
31,31,2017-11-15,0.0022,1868900.0,4017.53,-46361100.0,89.68,0.00044726101304842515
32,32,2017-11-16,0.002,2197500.0,4538.75,-48558600.0,92.92,0.0004507088924651105
33,33,2017-11-17,0.00193,4680200.0,9094.27,-53238800.0,74.76,0.00045854855970681613
34,34,2017-11-18,0.00196,1861700.0,3738.86,-51377100.0,59.58,0.0004650675392799998
35,35,2017-11-19,0.00215,2667700.0,5596.28,-48709400.0,45.94,0.0004655636801017506
36,36,2017-11-20,0.00212,2316000.0,4955.41,-51025400.0,41.92,0.0004551853228751116
37,37,2017-11-21,0.00253,1802100.0,4683.04,-49223300.0,64.15,0.00045290695804290563
38,38,2017-11-22,0.00233,4124000.0,11105.72,-53347300.0,62.13,0.00045296519873426033
39,39,2017-11-23,0.0021,2196500.0,4595.53,-55543800.0,70.17,0.0004541012343459142
40,40,2017-11-24,0.002,2432200.0,5022.97,-57976000.0,72.16,0.00043802600563116746
41,41,2017-11-25,0.0020800000000000003,2447100.0,5294.15,-55528900.0,67.72,0.00043692880611055564
42,42,2017-11-26,0.00209,853100.0,1796.12,-54675800.0,67.71,0.0003055569627275158
43,43,2017-11-27,0.0022600000000000003,5413300.0,13104.46,-49262500.0,47.09,0.00027661666907327826
44,44,2017-11-28,0.00215,4102300.0,9399.59,-53364800.0,43.99,0.00022279029880445747
45,45,2017-11-29,0.0022,2574300.0,5551.55,-50790500.0,33.24,0.00020938580131686004
46,46,2017-11-30,0.00206,3670400.0,7646.94,-54460900.0,35.95,0.00018019816677853568
47,47,2017-12-01,0.00202,2156600.0,4397.08,-56617500.0,34.53,0.0001822405256670492
48,48,2017-12-02,0.002,3583400.0,7542.13,-60200900.0,34.4,0.00018504426311114036
49,49,2017-12-03,0.00212,6754400.0,13814.27,-53446500.0,30.26,0.0001852565788305509
50,50,2017-12-05,0.00386,13158700.0,35876.83,-45813600.0,177.78,0.0003570627299277375
51,51,2017-12-06,0.00364,30744900.0,135870.99,-76558500.0,177.24,0.0004344690245959239
52,52,2017-12-07,0.00404,17002900.0,60318.31,-59555600.0,173.38,0.0005410934013324479
53,53,2017-12-08,0.00439,12034600.0,51440.31,-47521000.0,169.29,0.0006588364002533944
54,54,2017-12-09,0.00414,5561700.0,22574.85,-53082700.0,176.43,0.0007315139394968227
55,55,2017-12-10,0.00496,10684500.0,51760.33,-42398200.0,169.97,0.0008613205578925167
56,56,2017-12-13,0.01754,20351396.01,353615.09,17295059.75,169.2,0.002867498830031127
57,57,2017-12-14,0.0185,13370257.26,212866.81,30665317.01,171.84,0.004009845584208375
58,58,2017-12-15,0.03586,25304573.4,717825.11,55969890.41,172.5,0.007110686800978454
59,59,2017-12-16,0.03417,16978259.57,608356.45,38991630.84,201.7,0.008894646588315609
60,60,2017-12-17,0.04556,26546013.81,1115064.48,65537644.65,198.32,0.011449166932501068
61,61,2017-12-18,0.04226,17001642.64,739566.25,48536002.01,181.0,0.013064251811806862
62,62,2017-12-19,0.04689,23140957.59,868225.93,71676959.6,182.03,0.014748339587042084
63,63,2017-12-20,0.04829,25596613.03,1376577.35,97273572.63,183.4,0.016221895027272927
64,64,2017-12-21,0.03653,28715779.24,999508.47,68557793.39,125.16,0.016732647570323226
65,65,2017-12-22,0.04813,33235497.97,1434012.98,101793291.36,142.75,0.017799005706441332
66,66,2017-12-23,0.03812,36642046.43,1397619.17,65151244.93,138.38,0.01815983206666998
67,67,2017-12-24,0.03342,16584383.28,601107.61,48566861.65,140.8,0.018274794490723036
68,68,2017-12-27,0.03984,17691297.73,603769.47,74685684.07,121.27,0.01855129563278998
69,69,2017-12-28,0.03543,19908957.97,744970.78,54776726.1,89.68,0.01857825661803382
70,70,2017-12-29,0.03751,18454838.11,650470.81,73231564.21,70.4,0.01859658139390759
71,71,2017-12-30,0.04862,15377991.11,644515.53,88609555.32,85.25,0.018981424495070676
72,72,2017-12-31,0.0579,26771041.32,1385041.55,115380596.64,89.68,0.01972179968064979
73,73,2018-01-01,0.09997,57123465.69,4832193.04,172504062.33,147.85,0.023752790897119836
74,74,2018-01-02,0.1294,36490029.62,3817909.41,208994091.95,146.93,0.029802216574587547
75,75,2018-01-03,0.2537,79407644.92,18153816.44,288401736.87,154.11,0.049974129837231845
76,76,2018-01-04,0.2985,56855742.62,16580952.61,345257479.49,139.95,0.06829364581354365
77,77,2018-01-06,0.2182,61698300.58,10881560.05,354986945.88,255.42,0.07428162034160747
78,78,2018-01-07,0.1509,45215057.26,7437614.11,309771888.62,272.35,0.07548283052776147
79,79,2018-01-08,0.1254,41194659.44,5415399.21,268577229.18,271.68,0.07549929233207209
80,80,2018-01-09,0.1328,49680167.39,6006715.1,318257396.57,169.26,0.07553807172012933
81,81,2018-01-10,0.1108,32194532.3,3650414.96,286062864.27,145.07,0.07483101172012492
82,82,2018-01-11,0.1086,18212779.38,2013551.37,267850084.89,119.56,0.0739189062504605
83,83,2018-01-12,0.1041,24137016.41,2647531.84,243713068.48,100.96,0.07278009559901868
84,84,2018-01-13,0.08614,22936043.35,2149288.57,220777025.13,69.78,0.07135079323113826
85,85,2018-01-14,0.07826,42923962.65,3613876.25,177853062.48,63.44,0.06982733450546379
86,86,2018-01-16,0.0854,69097719.67,5023979.89,198710141.5,154.18,0.06864309232645287
87,87,2018-01-17,0.086,41814450.71,3867488.57,240524592.21,154.7,0.06739354942016541
88,88,2018-01-18,0.0809,16925390.3,1456384.83,223599201.91,154.82,0.06664594659963141
89,89,2018-01-19,0.08601,15798816.83,1351560.1,239398018.74,148.66,0.06577754621257262
90,90,2018-01-20,0.0719,19144995.67,1450560.14,220253023.07,154.88,0.06529485520913275
91,91,2018-01-21,0.07199,17746900.0,1270665.31,237999923.07,125.28,0.06470549569386287
92,92,2018-01-22,0.06861,16977857.99,1173388.36,221022065.08,54.34,0.06426879854783042
93,93,2018-01-23,0.07221,20525952.75,1474028.72,241548017.83,58.54,0.06380689761024022
94,94,2018-01-24,0.06896000000000001,10015901.02,702261.93,231532116.81,57.96,0.06302562483424601
95,95,2018-01-25,0.06635,16630523.89,1096115.66,214901592.92,50.57,0.06261904752631942
96,96,2018-01-26,0.06982999999999999,12473733.79,849904.98,227375326.71,30.93,0.061832662987040814
97,97,2018-01-27,0.06665,14325165.91,991763.06,213050160.8,32.74,0.06090328658440044
98,98,2018-01-28,0.06446,10360222.21,683635.03,202689938.59,31.58,0.060221688917631286
99,99,2018-01-29,0.05421,17276716.48,1004559.19,185413222.11,47.35,0.059609111657897396
100,100,2018-02-01,0.042010000000000006,34425969.06,1371128.78,145052959.17,53.13,0.0594471717336194
101,101,2018-02-02,0.04664,24172261.68,1064799.33,169225220.85,74.02,0.05950949911617029
102,102,2018-02-03,0.03872,21441107.55,909145.27,147784113.3,80.47,0.0600985478968531
103,103,2018-02-04,0.03032,60859837.45,1997487.25,86924275.85,89.1,0.06147932311135091
104,104,2018-02-06,0.03267,78495706.05,2886402.12,112974458.9,109.54,0.06235660412996117
105,105,2018-02-07,0.03828,39761322.49,1488810.5,152735781.39,122.12,0.05556967673069572
106,106,2018-02-08,0.0469,74526011.02,3169599.44,227261792.41,132.94,0.03942951327091944
107,107,2018-02-09,0.04815,110657954.46,5515945.22,337919746.87,118.47,0.029991396546036535
108,108,2018-02-10,0.04219,59226264.39,2553929.81,278693482.48,97.28,0.02684056640716575
109,109,2018-02-12,0.04308,34665747.66,1519732.9,286585209.79,84.58,0.02523095317582994
110,110,2018-02-13,0.04607,43630218.67,1979480.94,330215428.46,77.29,0.02236895392916399
111,111,2018-02-14,0.04643,49490110.56,2296375.81,379705539.02,53.76,0.02088336136901742
112,112,2018-02-17,0.0496,53494583.98,2730967.91,450767573.92,55.59,0.019154111242009327
113,113,2018-02-18,0.05172,24312350.88,1257505.2,475079924.8,50.22,0.01740708134408362
114,114,2018-02-19,0.04729,39187499.66,1961116.66,435892425.14,57.46,0.01677953504828979
115,115,2018-02-20,0.04494,45108852.26,2052235.96,390783572.88,59.3,0.01649675025120338
116,116,2018-02-21,0.04035,36922705.58,1564196.41,353860867.3,45.79,0.015855617605605166
117,117,2018-02-22,0.04319,29776212.05,1245572.52,383637079.35,50.53,0.014909337123034012
118,118,2018-02-23,0.04077,30152015.04,1276240.13,353485064.31,47.09,0.014197850088180293
119,119,2018-02-24,0.04021,20224125.25,820436.83,333260939.06,41.49,0.012893175776712262
120,120,2018-02-25,0.04187,26450915.13,1086740.3,359711854.19,43.24,0.01238280473029072
121,121,2018-02-26,0.04258,26338301.26,1112999.99,386050155.45,42.91,0.01174220614098883
122,122,2018-02-27,0.04364,59714829.15,2638571.29,445764984.6,28.95,0.011189054118600467
123,123,2018-02-28,0.04872,42451161.62,1949685.7,488216146.22,36.99,0.010243195891369556
124,124,2018-03-01,0.05325,94020116.23,4889133.61,582236262.45,30.72,0.009484939235380225
125,125,2018-03-02,0.04919,39162507.95,1957332.39,543073754.5,43.8,0.008770568213155512
126,126,2018-03-03,0.04819,29753222.12,1432861.99,513320532.38,45.99,0.00759350228132951
127,127,2018-03-04,0.04673,28906013.09,1364904.97,484414519.29,48.31,0.00649355561174026
128,128,2018-03-05,0.0441,26947184.7,1225108.4,457467334.59,51.93,0.0053637972160324515
129,129,2018-03-06,0.03864,51289915.11,2044761.47,406177419.48,48.83,0.0051300680464224264
130,130,2018-03-10,0.03875,24858517.71,921161.75,418479315.63,49.87,0.005205053203434101
131,131,2018-03-11,0.03662,25928293.33,971406.31,392551022.3,49.81,0.005334588329354297
132,132,2018-03-12,0.03628,17829706.98,641934.77,374721315.32,37.59,0.005426815242678327
133,133,2018-03-13,0.031389999999999994,28449527.8,936742.09,346271787.52,52.39,0.00534101317393459
134,134,2018-03-16,0.02885,17779297.51,525047.63,319302519.72,34.59,0.005642498641519123
135,135,2018-03-17,0.02932,61814689.77,1636431.69,381117209.49,38.55,0.006131447008153788
136,136,2018-03-18,0.032760000000000004,49407351.23,1568107.96,430524560.72,55.8,0.006357982592275882
137,137,2018-03-19,0.03855,72621463.61,2670008.88,503146024.33,55.97,0.006304949168946051
138,138,2018-03-20,0.03727,74204567.8,2839705.45,428941456.53,55.91,0.006368233709178523
139,139,2018-03-21,0.03818,40938773.32,1509675.86,469880229.85,55.18,0.006402633123922161
140,140,2018-03-22,0.04202,56189783.03,2136851.5,526070012.88,47.89,0.006353054835835392
141,141,2018-03-23,0.04927,163062316.06,7851301.95,689132328.94,51.17,0.006446237287939284
142,142,2018-03-24,0.04534,62189370.85,2971654.8,626942958.09,67.25,0.0063142425761408515
143,143,2018-03-26,0.0433,77984015.26,3417656.2,467952453.18,58.46,0.00603279527670049
144,144,2018-03-27,0.04879,40813352.52,1873578.17,508765805.7,63.72,0.006089371596214723
145,145,2018-03-29,0.04136,98987364.49,4160661.88,265682921.73,53.64,0.006053294116031159
146,146,2018-03-30,0.03413,108532847.05,4067852.9,157150074.68,69.0,0.006192444079534831
147,147,2018-03-31,0.03229,86827129.97,2749087.85,70322944.71,68.63,0.006382954527940193
148,148,2018-04-01,0.03599,52783292.55,1767312.86,123106237.26,81.43,0.006441707098652707
149,149,2018-04-02,0.0349,52413631.91,1840237.69,70692605.35,65.91,0.006524810659163693
150,150,2018-04-04,0.0393,214914778.97,8382193.33,221989259.05,110.89,0.006521837763705646
151,151,2018-04-05,0.03671,72698595.29,2850320.13,149290663.76,97.22,0.006539829526057249
152,152,2018-04-07,0.0379,30118286.26,1139503.6,224869784.5,90.8,0.006517455333409937
153,153,2018-04-08,0.03606,60274584.38,2193685.79,164595200.12,91.66,0.006336457556696901
154,154,2018-04-09,0.03731,31710318.11,1165950.56,196305518.23,78.06,0.005789679372934612
155,155,2018-04-10,0.03657,32913522.05,1211249.54,163391996.18,26.92,0.005472256474211116
156,156,2018-04-11,0.04029,117584039.05,4487674.0,280976035.23,32.95,0.005174988489076495
157,157,2018-04-12,0.0393,99278888.42,4044318.24,181697146.81,34.72,0.004929554595067631
158,158,2018-04-13,0.04055,42081954.87,1700413.81,223779101.68,35.21,0.004820758382175529
159,159,2018-04-14,0.04367,40571202.54,1726453.93,264350304.22,32.2,0.004932375753601697
160,160,2018-04-15,0.04122,61345184.83,2552829.91,203005119.39,40.16,0.0049641015786105625
161,161,2018-04-17,0.0477,67878479.79,3090608.39,317774562.15,41.71,0.00524787292432756
162,162,2018-04-18,0.04936,69564180.4,3443474.4,387338742.55,38.05,0.0055850916599980635
163,163,2018-04-20,0.053320000000000006,73345580.74,3903637.4,377089225.5,42.1,0.005977646251882831
164,164,2018-04-21,0.052070000000000005,50966354.47,2717291.94,326122871.03,36.3,0.006024832710989362
165,165,2018-04-23,0.07247999999999999,185260297.24,12335295.87,574725682.12,58.45,0.00807053021374925
166,166,2018-04-24,0.07003999999999999,211564027.73,15179312.37,363161654.39,64.64,0.009374355603907435
167,167,2018-04-25,0.07407000000000001,71635107.25,5005635.37,434796761.64,63.85,0.010890609917163549
168,168,2018-04-26,0.07338,101101743.63,7601950.36,333695018.01,63.58,0.012017344271233068
169,169,2018-04-27,0.0819,92854696.44,7460296.99,426549714.45,59.56,0.013633494374171998
170,170,2018-04-28,0.08836000000000001,107610915.61,9107801.71,534160630.06,57.75,0.015539426537888763
171,171,2018-04-29,0.09296,175887339.01,16480061.07,710047969.07,35.47,0.01752789853708771
172,172,2018-04-30,0.0923,94907514.23,8455983.88,615140454.84,30.89,0.019120051687998355
173,173,2018-05-01,0.09135,51701828.98,4678799.5,563438625.86,34.03,0.02037347221830117
174,174,2018-05-02,0.08703999999999999,94604105.02,8276408.79,468834520.84,39.6,0.021266085179237365
175,175,2018-05-03,0.086,62901564.85,5316728.63,405932955.99,30.32,0.021870815214822786
176,176,2018-05-04,0.08719,36002025.98,3174340.37,441934981.97,21.61,0.02218849747571677
177,177,2018-05-05,0.08452,35517021.26,2975980.11,406417960.71,14.09,0.022173489527273244
178,178,2018-05-06,0.08261,46338264.88,3763211.31,360079695.83,13.88,0.022105428056028092
179,179,2018-05-07,0.08246,39185791.1,3242389.0,320893904.73,14.49,0.02187220586818426
180,180,2018-05-08,0.08026,33395778.17,2681103.89,287498126.56,11.27,0.02164485855172405
181,181,2018-05-09,0.07285,36685656.54,2855953.19,250812470.02,25.03,0.021073818285409045
182,182,2018-05-10,0.06437999999999999,78380046.06,5329420.58,172432423.96,31.69,0.020437191028280784
183,183,2018-05-11,0.06688999999999999,56175632.5,3629499.82,228608056.46,39.83,0.019636492418015045
184,184,2018-05-12,0.07397999999999999,41612913.48,3004217.41,270220969.94,55.13,0.018844826726924814
185,185,2018-05-13,0.07076,51866885.81,3708942.77,218354084.13,55.22,0.017868129284789012
186,186,2018-05-14,0.06748,46687534.28,3259462.77,171666549.85,55.54,0.017007299058474024
187,187,2018-05-15,0.07113,63512279.14,4295451.72,235178828.99,54.2,0.015964441939409758
188,188,2018-05-16,0.06622,57919952.54,3989017.26,177258876.45,45.29,0.014906264073224153
189,189,2018-05-17,0.06882,65637931.89,4412165.04,242896808.34,45.31,0.013917013238165285
190,190,2018-05-18,0.06875,61479990.15,4201472.97,181416818.19,33.24,0.012586193407172874
191,191,2018-05-19,0.07697999999999999,85029276.35,6323486.96,266446094.54,44.93,0.011568892639166248
192,192,2018-05-20,0.08109,125341856.29,10067157.95,391787950.83,40.89,0.01054979677311493
193,193,2018-05-21,0.07322000000000001,92633390.28,7146132.58,299154560.55,53.04,0.009659046286896907
194,194,2018-05-22,0.06805,96194748.84,6735895.04,202959811.71,53.26,0.00863975651530072
195,195,2018-05-23,0.07235,69162645.7,4875761.61,272122457.41,54.85,0.008642264024621527
196,196,2018-05-24,0.07044,26641855.27,1865309.07,245480602.14,55.66,0.008631063978577725
197,197,2018-05-25,0.07245,52804905.28,3895747.56,298285507.42,44.84,0.008656737732016757
198,198,2018-05-26,0.07016,52567426.78,3735956.93,245718080.64,40.19,0.008725496165453081
199,199,2018-05-27,0.05969,89863593.36,5748364.55,155854487.28,51.75,0.009231590216806512
200,200,2018-05-28,0.06402000000000001,82360794.45,5071403.48,238215281.73,56.47,0.00920995688085073
201,201,2018-05-30,0.06018,74658576.07,4533732.53,91989398.77,51.75,0.009015252439711689
202,202,2018-05-31,0.05826,51212784.43,2976406.75,40776614.34,48.69,0.008831976360746507
203,203,2018-06-01,0.06076,54172667.06,3288550.98,94949281.4,53.13,0.008435456156884243
204,204,2018-06-03,0.05873,49474925.53,2932892.17,98673677.05,23.59,0.008312213531491306
205,205,2018-06-04,0.06034,50366720.93,2978909.9,149040397.98,24.09,0.008070062997375732
206,206,2018-06-05,0.05915,46053536.67,2725558.97,102986861.31,24.0,0.0076850668451092195
207,207,2018-06-07,0.05752,65334999.9,3761816.02,-14487687.22,18.81,0.007450830363352278
208,208,2018-06-08,0.05711,58111117.95,3379081.35,-72598805.17,17.09,0.0072572492176375325
209,209,2018-06-09,0.04718,123043955.52,6274584.52,-195642760.69,51.38,0.007650266616945383
210,210,2018-06-10,0.04832,54564556.6,2547812.6,-141078204.09,51.05,0.007907620389844805
211,211,2018-06-11,0.04369,30010699.93,1354156.92,-171088904.02,53.28,0.008731802489328764
212,212,2018-06-12,0.04082,50375952.32,2052013.8,-221464856.34,50.9,0.009752420530663192
213,213,2018-06-13,0.04505,37827528.12,1644149.71,-183637328.22,66.99,0.010314172706557424
214,214,2018-06-15,0.04305,10347668.99,443306.35,-198485557.39,49.2,0.010725739697986805
215,215,2018-06-16,0.042460000000000005,7447663.19,321547.38,-205933220.58,47.62,0.01116941689069602
216,216,2018-06-17,0.04495,23236698.64,1019373.52,-182696521.94,43.57,0.011479853937955234
217,217,2018-06-18,0.04979,47035620.75,2281152.46,-135660901.19,42.97,0.011450908210730687
218,218,2018-06-19,0.04977,46121184.33,2214804.46,-181782085.52,37.8,0.011519271334115294
219,219,2018-06-21,0.04272,57682254.39,2540122.22,-255162776.91,52.64,0.0117436626343305
220,220,2018-06-22,0.04392,10234018.15,447994.38,-244928758.76,52.97,0.011851520761818756
221,221,2018-06-23,0.04212,32727627.95,1330031.36,-277656386.71,51.29,0.01157196932345543
222,222,2018-06-24,0.0421,18114832.79,764434.12,-295771219.5,37.09,0.010852558472650771
223,223,2018-06-25,0.03835,13371424.84,534769.31,-309142644.34,39.44,0.010694015514113359
224,224,2018-06-26,0.03889,17042801.54,657378.79,-292099842.8,42.17,0.010677767987524718
225,225,2018-06-27,0.03658,15740753.02,599845.92,-307840595.82,31.14,0.010414635044179596
226,226,2018-06-29,0.03833,20017250.46,771413.74,-267590816.11,32.64,0.010057546740472408
227,227,2018-07-01,0.04007,21371986.81,843068.2,-258320907.53,25.77,0.00933783255266525
228,228,2018-07-02,0.03887,31341683.74,1258571.73,-289662591.27,27.48,0.00867072978805573
229,229,2018-07-03,0.0394,20226996.95,800382.2,-269435594.32,19.11,0.008552367689912195
230,230,2018-07-05,0.03757,14258501.4,533757.0,-294998504.64,21.06,0.008172169375316224
231,231,2018-07-06,0.03828,6569031.69,243555.88,-288429472.95,21.73,0.007916195134173028
232,232,2018-07-07,0.03754,10561423.66,399368.77,-298990896.61,14.06,0.007723685328745415
233,233,2018-07-08,0.03623,12339125.31,455442.42,-311330021.92,14.73,0.007335423265413154
234,234,2018-07-09,0.03358,24185525.66,819066.44,-335515547.58,20.1,0.007101852639948694
235,235,2018-07-10,0.03362,10121575.71,339941.01,-325393971.87,21.45,0.006613648036056475
236,236,2018-07-11,0.03202,15535026.24,501043.71,-340928998.11,22.61,0.006154060803065099
237,237,2018-07-12,0.033089999999999994,9709093.31,324347.09,-331219904.8,25.25,0.005622498330037155
238,238,2018-07-13,0.033460000000000004,4210073.29,140262.46,-327009831.51,27.03,0.004927270770049642
239,239,2018-07-14,0.03437,3874248.58,133547.59,-323135582.93,28.9,0.004873683128947308
240,240,2018-07-15,0.03754,15194126.15,550911.67,-307941456.78,29.5,0.004627783176256545
241,241,2018-07-17,0.03959,28967426.76,1175214.03,-318130350.75,22.6,0.00456315631084973
242,242,2018-07-18,0.037860000000000005,15350245.37,586528.5,-333480596.12,31.31,0.00456498267046169
243,243,2018-07-19,0.03472,16772394.77,601504.81,-350252990.89,43.17,0.004511228443447737
244,244,2018-07-20,0.03568,5487125.06,193584.21,-344765865.83,43.19,0.00448524914414616
245,245,2018-07-21,0.03514,3339214.45,119786.34,-348105080.28,34.15,0.004477382304299799
246,246,2018-07-22,0.034,8433985.72,295986.49,-356539066.0,25.32,0.0043819845396525035
247,247,2018-07-23,0.038,42126911.09,1561428.72,-314412154.91,45.33,0.0037933766991449275
248,248,2018-07-24,0.03702,3253188.57,122642.21,-317665343.48,44.25,0.00304398075726198
249,249,2018-07-25,0.03583,15434698.58,577431.57,-333100042.06,37.31,0.002880812485171356
250,250,2018-07-26,0.036660000000000005,8840979.27,319385.79,-324259062.79,37.11,0.002579563560164021
251,251,2018-07-27,0.03689,5195202.68,189076.66,-319063860.11,36.56,0.0023826918033794486
252,252,2018-07-28,0.03913,37760524.5,1475122.91,-281303335.61,35.95,0.00220614890442878
253,253,2018-07-29,0.0365,30733138.25,1131067.19,-312036473.86,30.0,0.0021815633959574214
254,254,2018-07-30,0.0338,17395246.81,597654.48,-329431720.67,35.47,0.0021911032491150296
255,255,2018-07-31,0.03255,13069594.89,427552.48,-342501315.56,35.7,0.0022992243569701382
256,256,2018-08-01,0.03134,9676572.37,305985.35,-352177887.93,33.64,0.0024310138133968187
257,257,2018-08-03,0.0287,12613640.92,373132.13,-379901592.91,18.23,0.0026526901548198016
258,258,2018-08-05,0.02905,6493691.87,191124.11,-375870962.39,28.18,0.0028387888788807872
259,259,2018-08-07,0.02418,69406527.62,1725792.97,-453218102.09,40.59,0.0033885612855921025
260,260,2018-08-08,0.02611,19165100.87,475781.95,-434053001.22,51.89,0.003697192411025517
261,261,2018-08-09,0.02364,15858192.2,383344.34,-449911193.42,53.9,0.004112449894884778
262,262,2018-08-10,0.02216,11219831.96,256557.04,-461131025.38,47.16,0.00457884771932726
263,263,2018-08-11,0.02307,9437931.47,213407.29,-451693093.91,53.38,0.004917738009130179
264,264,2018-08-12,0.01911,16418655.25,341723.86,-468111749.16,67.2,0.005528238906044651
265,265,2018-08-13,0.01853,28154164.74,494223.56,-496265913.9,63.35,0.00608113687949329
266,266,2018-08-14,0.01916,23625279.4,467473.93,-472640634.5,56.89,0.006516705817562326
267,267,2018-08-15,0.01938,14344190.14,277870.43,-458296444.36,56.61,0.006876685590649809
268,268,2018-08-16,0.02337,31798881.57,687484.81,-426497562.79,80.12,0.007003150489716486
269,269,2018-08-17,0.02134,20826259.85,475432.18,-447323822.64,83.36,0.007174109460534543
270,270,2018-08-18,0.02201,13145546.54,286886.2,-434178276.1,61.22,0.007196555178471764
271,271,2018-08-19,0.0204,8971654.12,192053.82,-443149930.22,65.75,0.0071506636698664165
272,272,2018-08-21,0.0196,4108493.8,81072.68,-435609192.85,69.07,0.007163273837357664
273,273,2018-08-22,0.02085,10626153.55,212001.97,-424983039.3,43.24,0.007200090676313302
274,274,2018-08-24,0.0224,10360504.25,225511.95,-404634995.35,38.47,0.0071262746470252564
275,275,2018-08-25,0.0228,12210767.26,271664.46,-392424228.09,28.83,0.0070354324589938936
276,276,2018-08-26,0.02455,19459522.42,457514.15,-372964705.67,32.55,0.00693373347375459
277,277,2018-08-27,0.02688,38684218.25,1012645.29,-334280487.42,18.18,0.006611717472112821
278,278,2018-08-28,0.025480000000000003,39037276.92,1013340.56,-373317764.34,33.31,0.006311474871809185
279,279,2018-08-29,0.02502,23182361.02,562150.29,-396500125.36,36.13,0.006044618809464471
280,280,2018-08-30,0.02541,12240098.65,306763.99,-384260026.71,35.85,0.005687475138256293
281,281,2018-08-31,0.02665,12676573.34,334173.31,-371583453.37,36.51,0.0052689184150426375
282,282,2018-09-01,0.02567,12774118.99,328891.18,-384357572.36,36.1,0.004558739352361164
283,283,2018-09-02,0.02501,9503008.65,238500.31,-393860581.01,24.52,0.003974697212498354
284,284,2018-09-03,0.02544,6841155.72,174679.33,-387019425.29,21.29,0.0035546644764643566
285,285,2018-09-04,0.02166,30533887.52,704708.02,-417553312.81,48.7,0.003188080909428938
286,286,2018-09-05,0.02164,25312308.96,524910.94,-442865621.77,47.73,0.002853774693280429
287,287,2018-09-06,0.02034,22626777.7,469339.02,-465492399.47,41.61,0.002713944175644293
288,288,2018-09-07,0.01915,11063914.51,217694.69,-476556313.98,41.7,0.002553921235701836
289,289,2018-09-08,0.0193,11844349.46,232465.23,-464711964.52,44.22,0.0026111956348933434
290,290,2018-09-09,0.01923,9841139.04,191047.01,-474553103.56,42.07,0.002588657065411864
291,291,2018-09-10,0.0185,14931688.96,277615.26,-489484792.52,20.64,0.0026664106701850894
292,292,2018-09-11,0.01818,17552581.78,311300.01,-507037374.3,19.31,0.002762507211205424
293,293,2018-09-13,0.0198,25476655.09,501126.21,-502069378.37,28.07,0.002783442092996624
294,294,2018-09-14,0.01985,13830924.61,277507.48,-488238453.76,28.06,0.002761096733622664
295,295,2018-09-15,0.01991,9695639.77,191509.82,-478542813.99,27.95,0.002713761354589442
296,296,2018-09-16,0.01839,26291809.46,500929.31,-504834623.45,34.87,0.0027446807280371473
297,297,2018-09-17,0.0193,26214811.27,496848.14,-478619812.18,36.62,0.002747291686225428
298,298,2018-09-18,0.01963,26331792.78,510904.2,-452288019.4,27.86,0.0027648547383444747
299,299,2018-09-19,0.02131,33762537.49,696013.89,-418525481.91,35.85,0.0027650371326323176
300,300,2018-09-20,0.02502,66408704.69,1538389.31,-352116777.22,53.15,0.0028263997854398428
301,301,2018-09-21,0.02317,23414436.81,545835.2,-375531214.03,61.48,0.0028205303161596687
302,302,2018-09-22,0.0238,36153815.73,864795.08,-339377398.3,51.62,0.0028012260041711578
303,303,2018-09-23,0.02213,19724819.95,445118.24,-359102218.25,60.12,0.0027905541821806805
304,304,2018-09-24,0.02125,25963597.65,536738.02,-385065815.9,62.55,0.002795426498828534
305,305,2018-09-25,0.02104,22595029.68,475595.69,-407660845.58,58.51,0.0027997579739419643
306,306,2018-09-26,0.02251,25084693.63,545816.84,-382576151.95,37.7,0.002762483494517064
307,307,2018-09-27,0.02198,18983604.78,424130.01,-401559756.73,32.86,0.0026057805105137847
308,308,2018-09-29,0.02216,13671074.92,304412.03,-358735521.63,24.5,0.0025156353599788245
309,309,2018-10-01,0.02239,6844350.88,151265.65,-363067276.33,20.26,0.0024424520372017485
310,310,2018-10-02,0.02167,16534380.33,357198.59,-379601656.66,11.92,0.0023376817281394323
311,311,2018-10-03,0.02275,40221579.23,911353.93,-339380077.43,17.38,0.0021438904372436023
312,312,2018-10-04,0.02335,24756134.3,570173.3,-314623943.13,18.2,0.0020232250345025653
313,313,2018-10-05,0.02383,18859089.14,442591.04,-295764853.99,18.3,0.001959660303663661
314,314,2018-10-06,0.026930000000000003,48842474.67,1240045.99,-246922379.32,33.75,0.002083455932026803
315,315,2018-10-10,0.02099,53120530.66,1196305.9,-398456144.42,67.69,0.002083487350630646
316,316,2018-10-11,0.02289,37806844.7,859234.6,-360649299.72,73.07,0.0021025880330653524
317,317,2018-10-12,0.0239,17473104.53,415786.06,-343176195.19,63.39,0.002143201198982109
318,318,2018-10-13,0.02376,18109019.72,443740.3,-361285214.91,63.47,0.002135857953003965
319,319,2018-10-15,0.02486,18994721.93,473571.56,-329978144.89,68.92,0.0021676375190056735
320,320,2018-10-16,0.02495,22703411.52,566965.81,-307274733.37,31.78,0.002183834548069354
321,321,2018-10-17,0.02475,14803595.32,369965.47,-322078328.69,26.59,0.002135350653593228
322,322,2018-10-20,0.02456,9596507.75,238313.52,-336520801.26,9.879,0.002034978070430818
323,323,2018-10-21,0.02425,5800796.82,141092.73,-342321598.08,6.185,0.0019986988871231186
324,324,2018-10-22,0.02376,10281608.84,243845.15,-352603206.92,6.905,0.0019414738151004025
325,325,2018-10-24,0.02361,6744398.8,159967.34,-353905794.11,7.0470000000000015,0.0018740615735927807
326,326,2018-10-25,0.024,4346404.25,102633.37,-349559389.86,8.335,0.0016862636381892067
327,327,2018-10-26,0.0235,10175735.76,241772.56,-359735125.62,9.436,0.0015345792039973543
328,328,2018-10-27,0.02377,3162367.83,75138.67,-356572757.79,10.43,0.0013853985691526117
329,329,2018-10-28,0.02226,13520478.74,305640.28,-370093236.53,19.78,0.0013488449294436935
330,330,2018-10-30,0.02251,7286283.12,162933.96,-357662850.84,20.5,0.0013176518647918425
331,331,2018-10-31,0.02257,7155459.25,160707.92,-350507391.59,19.39,0.0013233341729665816
332,332,2018-11-01,0.02308,9475372.83,216244.69,-341032018.76,20.75,0.0013190245437952445
333,333,2018-11-02,0.02284,4955531.59,112645.05,-345987550.35,20.26,0.0013054888986029829
334,334,2018-11-03,0.02368,13032695.26,304237.44,-332954855.09,10.82,0.0012532339774785296
335,335,2018-11-04,0.02392,11166255.14,264752.43,-321788599.95,10.66,0.0011821719734118373
336,336,2018-11-05,0.02474,13671201.09,332577.36,-308117398.86,12.05,0.001194370367482562
337,337,2018-11-06,0.0241,10541628.39,255977.07,-318659027.25,16.47,0.0011653109199855904
338,338,2018-11-07,0.02331,9470036.45,224277.09,-328129063.7,19.63,0.0011367677509271647
339,339,2018-11-08,0.0233,6563907.58,152748.97,-334692971.28,19.27,0.0011157930533655447
340,340,2018-11-09,0.02314,7094917.85,164293.17,-341787889.13,16.13,0.0010583213774363624
341,341,2018-11-10,0.02307,6638024.38,152903.2,-348425913.51,15.52,0.0010503954373094007
342,342,2018-11-11,0.02279,6291503.43,143617.59,-354717416.94,8.747,0.0010612471518214525
343,343,2018-11-12,0.02241,6274730.92,141853.71,-360992147.86,7.902,0.0010845381452551672
344,344,2018-11-13,0.01991,49682473.54,997208.21,-410674621.4,29.97,0.0010999778472203941
345,345,2018-11-14,0.01942,22940740.28,429839.6,-433615361.68,28.84,0.001245030073960173
346,346,2018-11-15,0.01917,9797372.97,190330.66,-443412734.65,28.46,0.0014566340115780548
347,347,2018-11-16,0.01929,5394894.62,102226.2,-438017840.03,29.35,0.0016144561021455362
348,348,2018-11-18,0.01598,33859542.7,568009.49,-484881398.28,47.95,0.0020589306453367264
349,349,2018-11-19,0.0142,73785300.98,1059486.19,-558666699.26,47.93,0.0025495765706609144
350,350,2018-11-20,0.01489,45436559.48,658739.52,-513230139.78,55.42,0.0028502715337490017
351,351,2018-11-22,0.013919999999999998,14796947.51,202249.04,-511067263.97,54.52,0.003170003897892186
352,352,2018-11-23,0.01268,18300187.15,238377.43,-529367451.12,53.55,0.0035264886153270093
353,353,2018-11-24,0.01259,21691457.81,258726.1,-551058908.93,42.24,0.003824192635099975
354,354,2018-11-25,0.01192,20464795.87,249301.52,-571523704.8,34.81,0.004123147177058596
355,355,2018-11-26,0.01205,14630503.77,172180.3,-556893201.03,28.65,0.004360859730169619
356,356,2018-11-27,0.01488,43783783.36,629046.82,-513109417.67,69.48,0.004402130479509764
357,357,2018-11-28,0.01573,27426597.05,430535.21,-485682820.62,70.36,0.004409336958523504
358,358,2018-11-29,0.01457,22370391.65,322257.37,-508053212.27,68.12,0.0044294842334882375
359,359,2018-12-01,0.01505,10269700.61,155831.17,-498268471.44,63.91,0.004458696384402522
360,360,2018-12-04,0.01407,10548491.08,152552.45,-512744094.33,28.1,0.004499393586216531
361,361,2018-12-05,0.01295,16133372.35,222627.08,-528877466.68,29.27,0.004562018420499181
362,362,2018-12-06,0.01342,22115449.75,288755.48,-506762016.93,26.98,0.004565230024042836
363,363,2018-12-09,0.0135,12792348.68,172882.93,-492777557.7,29.44,0.004551617433877347
364,364,2018-12-11,0.013619999999999998,13093584.66,179092.19,-473998623.01,15.08,0.004475064617783945
365,365,2018-12-12,0.01342,7792946.27,105483.76,-481791569.28,13.15,0.004363753116799377
366,366,2018-12-17,0.01515,12918367.63,186922.69,-462491076.7,29.6,0.004132679128799826
367,367,2018-12-18,0.0159,37736533.2,631743.59,-424754543.5,28.42,0.0038989126099770966
368,368,2018-12-19,0.01768,24246256.59,413634.12,-400508286.91,28.46,0.003691984498916326
369,369,2018-12-20,0.0204,60769874.82,1222948.51,-339738412.09,30.71,0.003538674357284817
370,370,2018-12-21,0.02141,22859370.58,471255.18,-316879041.51,26.81,0.0034352590961206743
371,371,2018-12-22,0.02134,17496125.6,378630.94,-334375167.11,34.27,0.003328853466631931
372,372,2018-12-24,0.02056,14709252.79,290964.13,-377374408.16,45.89,0.0031976348299572466
373,373,2018-12-25,0.02072,17631130.38,364896.08,-359743277.78,41.54,0.003095328125886679
374,374,2018-12-26,0.01882,20303925.2,397532.72,-380047202.98,31.94,0.003054130423489926
375,375,2018-12-27,0.02119,21969578.73,444357.38,-358077624.25,46.18,0.003138863931682573
376,376,2018-12-28,0.02033,13252570.67,275417.28,-371330194.92,47.41,0.0031856030483438736
377,377,2018-12-29,0.02055,7074652.87,142609.32,-364255542.05,47.69,0.0032373472360013155
378,378,2018-12-30,0.0192,9663132.92,189971.25,-373918674.97,50.24,0.003285689434118786
379,379,2018-12-31,0.02008,14920356.97,293550.72,-358998318.0,52.41,0.0033358062493708887
380,380,2019-01-01,0.02077,10001566.28,203831.41,-348996751.72,43.77,0.003414641580963557
381,381,2019-01-02,0.02052,14292545.95,295076.34,-363289297.67,28.84,0.003447431510994381
382,382,2019-01-03,0.02207,27325962.32,576826.44,-335963335.35,32.57,0.003483202780373813
383,383,2019-01-04,0.02266,30936658.59,711922.83,-305026676.76,32.72,0.0035138226392688486
384,384,2019-01-05,0.02352,18474569.51,430243.04,-286552107.25,18.22,0.003518638402408653
385,385,2019-01-06,0.02408,11397360.06,269863.69,-275154747.19,18.0,0.0035178720056710674
386,386,2019-01-07,0.02675,45337220.63,1183850.89,-229817526.56,27.14,0.0037809027232007858
387,387,2019-01-08,0.0287,52901589.62,1497327.03,-176915936.94,21.23,0.004156308043412129
388,388,2019-01-09,0.02632,118645017.76,3384502.09,-295560954.7,42.69,0.004266862760401385
389,389,2019-01-11,0.02385,28860741.43,694213.91,-363735634.55,50.3,0.0042534478914787914
390,390,2019-01-12,0.02153,34917529.59,776508.9,-398653164.14,56.69,0.004123906319661183
391,391,2019-01-13,0.02615,63337038.64,1555166.34,-335316125.5,75.57,0.004045494286610298
392,392,2019-01-14,0.02483,32551578.35,820770.32,-367867703.85,72.23,0.0038929579215961686
393,393,2019-01-16,0.02567,23400769.75,595963.56,-329421974.43,69.41,0.0037309243408020984
394,394,2019-01-17,0.02511,11206697.05,283536.32,-340628671.48,67.15,0.003502383359286961
395,395,2019-01-19,0.024,15862352.98,382359.6,-371964937.76,19.31,0.0031619916610224784
396,396,2019-01-21,0.02667,24750679.51,653320.22,-319457955.32,26.95,0.0029972273777661273
397,397,2019-01-24,0.027010000000000003,10562170.28,285370.27,-301587933.33,25.54,0.0028518880416851288
398,398,2019-01-25,0.02891,21251039.1,606998.98,-280336894.23,22.95,0.002900113671970906
399,399,2019-01-26,0.02947,33844285.38,1006079.76,-246492608.85,17.62,0.0030739085344506636
400,400,2019-01-27,0.027260000000000003,38775693.62,1058836.39,-285268302.47,31.61,0.0031266879395411454
401,401,2019-01-29,0.02765,17902083.51,498092.38,-284901020.12,31.58,0.003179718143369319
402,402,2019-01-30,0.0256,18394225.35,489122.06,-303295245.47,38.22,0.00313371046275425
403,403,2019-01-31,0.02658,21277809.82,551943.56,-282017435.65,33.48,0.003104731372689003
404,404,2019-02-03,0.027180000000000003,49259825.22,1362512.32,-247804775.16,31.94,0.0029782620288771205
405,405,2019-02-04,0.02659,9475376.14,255039.1,-257280151.3,32.32,0.002935840927916659
406,406,2019-02-05,0.02588,13534050.32,353212.43,-270814201.62,24.76,0.0028268341416459787
407,407,2019-02-07,0.0272,20944322.04,565270.67,-243669784.83,24.94,0.0027382847429259158
408,408,2019-02-08,0.02667,9930817.68,269069.85,-253600602.51,23.32,0.0025177671187731603
409,409,2019-02-09,0.02617,20280980.11,526306.89,-273881582.62,16.97,0.0023192889566363397
410,410,2019-02-10,0.02505,23444109.49,595853.5,-297325692.11,19.54,0.002142407202353722
411,411,2019-02-12,0.02445,11040039.19,273305.19,-322878088.3,17.98,0.0019269085478381095
412,412,2019-02-14,0.02416,9638362.37,232038.81,-321810454.87,12.86,0.001822899704685027
413,413,2019-02-15,0.02405,5339878.55,128614.29,-327150333.42,13.2,0.0017552844351509764
414,414,2019-02-16,0.02429,8766090.28,212133.79,-318384243.14,10.31,0.0017246142663864025
415,415,2019-02-17,0.02525,24388499.9,610022.38,-293995743.24,15.66,0.0016943543848960904
416,416,2019-02-21,0.0255,4794624.09,120968.38,-309442721.68,13.23,0.0016897903359049497
417,417,2019-02-22,0.02588,12302574.58,314427.22,-297140147.1,13.3,0.0016064811620885443
418,418,2019-02-23,0.02384,37334393.41,966900.43,-334474540.51,25.35,0.0016438245634524799
419,419,2019-02-25,0.024630000000000003,5321980.77,130528.64,-325036947.09,27.62,0.0016187408545009366
420,420,2019-02-26,0.02459,9316335.35,227631.99,-334353282.44,27.43,0.0014271444441174264
421,421,2019-02-27,0.0242,10879249.78,263710.64,-345232532.22,26.26,0.0014583167749495937
422,422,2019-03-01,0.02341,20461931.71,472981.69,-369368153.51,14.15,0.0015132759622548924
423,423,2019-03-02,0.02301,3888335.21,90714.44,-373256488.72,7.66,0.00159471050952919
424,424,2019-03-03,0.02324,21371881.72,472581.53,-351884607.0,9.405,0.001653049741624043
425,425,2019-03-04,0.02429,15261328.85,362838.02,-336623278.15,17.45,0.0016441158054153753
426,426,2019-03-05,0.02374,7363076.66,175321.87,-343986354.81,18.02,0.0016666272983878554
427,427,2019-03-06,0.02349,8618112.33,203064.75,-352604467.14,18.13,0.0016823089292222193
428,428,2019-03-07,0.02295,8053290.74,185614.24,-360657757.88,17.34,0.0016045675107514874
429,429,2019-03-08,0.02337,5227961.86,119761.87,-355429796.02,17.48,0.0014221151884439348
430,430,2019-03-09,0.02331,4743535.93,109557.09,-360173331.95,17.35,0.0013886624673704558
431,431,2019-03-10,0.02266,8686577.86,196330.57,-368859909.81,11.45,0.0013427806541148233
432,432,2019-03-11,0.02292,4971115.62,111642.59,-363888794.19,12.2,0.001370235528041228
433,433,2019-03-12,0.0226,3922845.86,88735.67,-367811640.05,12.35,0.0013664241865097575
434,434,2019-03-13,0.02283,4356071.28,99654.22,-363455568.77,11.65,0.001299832703650308
435,435,2019-03-14,0.02332,6177998.5,141648.2,-357277570.27,12.11,0.0012404562101110302
436,436,2019-03-16,0.02334,6504453.23,152223.6,-357092752.18,8.754,0.001210389364543795
437,437,2019-03-18,0.02314,3374805.11,77816.05,-361030284.67,9.232999999999999,0.0010768731341871621
438,438,2019-03-20,0.02253,13749759.16,310092.62,-371130003.07,11.15,0.0009858883035791114
439,439,2019-03-21,0.023,3802228.08,86981.94,-367327774.99,12.81,0.0008971694953886638
440,440,2019-03-22,0.02461,12423586.96,299236.2,-354904188.03,22.87,0.0008788995208917611
441,441,2019-03-23,0.02366,7833111.29,186191.38,-362737299.32,25.66,0.0008690865200416027
442,442,2019-03-25,0.02281,6233944.8,138089.9,-378115941.23,27.15,0.0008807653411746968
443,443,2019-03-26,0.02365,8262424.01,192070.34,-369853517.22,27.01,0.0008780257373277756
444,444,2019-03-27,0.02343,8333034.14,195349.23,-378186551.36,27.0,0.0008710516830191232
445,445,2019-03-28,0.0237,19155664.64,453893.21,-359030886.72,18.09,0.0008165236797227159
446,446,2019-03-30,0.02374,5869809.62,138295.26,-359784507.07,11.33,0.0007334353899779239
447,447,2019-03-31,0.02456,14074298.07,343992.28,-345710209.0,12.68,0.0006180987720111809
448,448,2019-04-01,0.02702,30890415.88,815021.52,-314819793.12,25.71,0.0008926561810008135
449,449,2019-04-04,0.027410000000000004,11376378.27,309765.09,-359581943.6,31.26,0.0011196079465735631
450,450,2019-04-05,0.02696,13399126.58,362899.21,-372981070.18,33.05,0.001260468805327238
451,451,2019-04-06,0.02905,26602131.76,757222.18,-346378938.42,36.09,0.0015871113425972218
452,452,2019-04-07,0.03084,33894205.14,1020988.39,-312484733.28,31.25,0.0020236582329251603
453,453,2019-04-09,0.03005,15020555.65,455546.76,-347331586.13,28.66,0.0022765656731962313
454,454,2019-04-10,0.026760000000000003,21944120.92,599788.74,-369275707.05,44.95,0.002304861030045775
455,455,2019-04-11,0.026760000000000003,8448224.63,224683.35,-369275707.05,44.77,0.0023400370613055324
456,456,2019-04-12,0.02634,8007697.3,212526.91,-377283404.35,37.46,0.0023549192582021225
457,457,2019-04-13,0.02723,5889274.73,157021.24,-371394129.62,33.21,0.00238776779806555
458,458,2019-04-14,0.02645,10294880.51,275933.24,-381689010.13,33.29,0.002378821426529926
459,459,2019-04-16,0.02685,8181624.6,219534.03,-380271196.57,15.13,0.002384716205194626
460,460,2019-04-17,0.02696,7662399.16,207197.24,-372608797.41,15.15,0.0023859385969704342
461,461,2019-04-19,0.02622,4565956.7,119932.9,-382899450.15,11.31,0.0023448354597584912
462,462,2019-04-20,0.02513,9560031.0,239793.33,-392459481.15,13.93,0.0023020931255334047
463,463,2019-04-22,0.0244,6836784.17,170922.34,-392997717.66,12.76,0.002250420267265163
464,464,2019-04-23,0.02349,13419505.5,314896.86,-406417223.16,12.02,0.0022272840272265448
465,465,2019-04-24,0.0229,19867196.56,468691.01,-426284419.72,11.9,0.002242383507143885
466,466,2019-04-25,0.02395,16919269.51,395975.64,-409365150.21,22.26,0.0022254520398374473
467,467,2019-04-26,0.02374,4719072.4,111828.44,-414084222.61,20.43,0.0022065612712285194
468,468,2019-04-27,0.02401,5709570.84,137044.41,-408374651.77,20.92,0.002154414767056984
469,469,2019-04-29,0.02444,8695651.22,201803.31,-407942588.2,23.48,0.0021118939585029993
470,470,2019-05-01,0.02362,3491021.45,82773.09,-417471150.29,19.93,0.002135030781227535
471,471,2019-05-03,0.02371,12606835.24,297734.58,-420935603.72,21.13,0.002133533467625646
472,472,2019-05-07,0.02506,14251118.6,354955.36,-396314940.38,13.45,0.0020729683586826393
473,473,2019-05-09,0.02369,11682097.18,273915.04,-396688636.12,23.37,0.0020716737916134423
474,474,2019-05-10,0.02507,21275329.04,532050.61,-375413307.08,27.96,0.0020332926979187557
475,475,2019-05-11,0.023780000000000003,20314378.17,496475.35,-395727685.25,32.35,0.0020306702647513615
476,476,2019-05-12,0.0244,25521655.33,632472.2,-370206029.92,33.18,0.0020125001606358084
477,477,2019-05-13,0.02733,33256424.68,870540.01,-336949605.24,44.37,0.0020221513523872147
478,478,2019-05-16,0.027160000000000004,44697640.94,1159860.83,-392893463.21,59.39,0.002025253326003978
479,479,2019-05-17,0.02657,11893749.57,318929.47,-404787212.78,56.93,0.0020078442720233747
480,480,2019-05-18,0.02833,19317759.16,541163.81,-385469453.62,58.28,0.0020510980798929992
481,481,2019-05-19,0.0279,21345810.03,586975.03,-406815263.65,51.15,0.001998523132878651
482,482,2019-05-21,0.02658,14170428.16,390039.19,-403087584.7,30.86,0.0017634838820659209
483,483,2019-05-24,0.027510000000000003,12508398.54,350137.56,-392190778.85,22.27,0.0015970441086785683
484,484,2019-05-26,0.03524,42542540.69,1429187.29,-311752880.01,49.53,0.002378723119273938
485,485,2019-05-27,0.03475,31174482.61,1075663.53,-342927362.62,41.36,0.002881016922156916
486,486,2019-05-28,0.03367,15604589.51,524372.81,-358531952.13,45.7,0.003196208313958001
487,487,2019-05-30,0.03297,25700524.34,818382.05,-378117017.19,55.61,0.003415715135233733
488,488,2019-05-31,0.03754,55862274.11,2039750.5,-322254743.08,56.48,0.003963084265639453
489,489,2019-06-01,0.03835,41972345.64,1629582.31,-280282397.44,47.99,0.004480570070976099
490,490,2019-06-02,0.03387,53375310.83,1970859.98,-333657708.27,61.0,0.004638265083898605
491,491,2019-06-03,0.03518,37798164.98,1271973.14,-295859543.29,61.16,0.004836401293448624
492,492,2019-06-04,0.03429,18679035.03,642666.8,-314538578.32,56.32,0.0049491178826230305
493,493,2019-06-05,0.032780000000000004,17201763.11,556546.23,-331740341.43,56.6,0.004968561576345624
494,494,2019-06-06,0.03365,19102503.94,638280.49,-312637837.49,40.32,0.004968890622965607
495,495,2019-06-07,0.03213,9784768.85,319983.77,-322422606.34,38.62,0.0048801198991307625
496,496,2019-06-08,0.0298,18237719.3,555025.59,-340660325.64,29.31,0.0047855853483606105
497,497,2019-06-09,0.03166,18111341.47,557991.81,-322548984.17,33.6,0.004689352380354174
498,498,2019-06-10,0.03107,11949287.54,367057.42,-334498271.71,33.5,0.004580149322467429
499,499,2019-06-11,0.03365,30555971.68,991048.34,-303942300.03,40.38,0.0045211659186956046
500,500,2019-06-12,0.03266,11852724.75,391135.62,-315795024.78,40.56,0.004377233223128736
501,501,2019-06-13,0.03199,27139428.98,859701.42,-342934453.76,38.85,0.004201980116154584
502,502,2019-06-14,0.03273,17835258.8,577568.39,-325099194.96,30.58,0.004083628654580689
503,503,2019-06-15,0.03275,19077145.46,628678.19,-306022049.5,26.97,0.0038628636271949273
504,504,2019-06-16,0.033760000000000005,15201889.6,507667.15,-290820159.9,26.34,0.003711863630200073
505,505,2019-06-17,0.03298,12367615.72,405726.66,-303187775.62,16.8,0.003423616508899123
506,506,2019-06-18,0.0333,10310115.26,342622.84,-292877660.36,14.6,0.003136041963272954
507,507,2019-06-19,0.03268,10262471.87,336561.38,-303140132.23,14.33,0.0030065480263068013
508,508,2019-06-20,0.03323,19922646.74,661650.15,-283217485.49,13.69,0.0028524927795662873
509,509,2019-06-21,0.03723,34093019.71,1206753.57,-249124465.78,32.79,0.002756816859243427
510,510,2019-06-22,0.03703,20231245.15,752962.57,-269355710.93,33.35,0.002726983534128646
511,511,2019-06-23,0.03832,18802788.45,717975.11,-250552922.48,31.05,0.0027056425713948896
512,512,2019-06-24,0.0382,24326927.84,942955.04,-274879850.32,31.78,0.002513930407143442
513,513,2019-06-25,0.03605,47154653.71,1770331.23,-322034504.03,37.47,0.0022421559052515972
514,514,2019-06-26,0.032139999999999995,44749894.02,1502293.08,-366784398.05,51.47,0.002259979376369515
515,515,2019-06-27,0.033589999999999995,20349409.55,664912.04,-346434988.5,39.47,0.002256868061779912
516,516,2019-06-29,0.03174,19038308.91,636707.54,-352631401.5,46.19,0.0022930794433119184
517,517,2019-06-30,0.03263,12651955.1,406541.58,-339979446.4,48.52,0.0022987221837723853
518,518,2019-07-01,0.03198,17929691.97,564995.57,-357909138.37,47.43,0.002217784853221521
519,519,2019-07-02,0.03248,14196196.82,456036.99,-343712941.55,36.48,0.0020470350018641577
520,520,2019-07-03,0.03134,12235520.98,393772.49,-355948462.53,34.71,0.002083832013881012
521,521,2019-07-04,0.03196,6962099.28,220049.08,-348986363.25,31.86,0.00207370122766411
522,522,2019-07-05,0.032060000000000005,7884298.59,254982.8,-341102064.66,16.32,0.0020779427547361535
523,523,2019-07-06,0.035,13540077.86,461114.12,-327561986.8,28.27,0.0020999548161547425
524,524,2019-07-07,0.03395,15201026.04,521505.3,-342763012.84,29.39,0.0021022623008596325
525,525,2019-07-08,0.0343,14324031.77,489167.91,-328438981.07,29.34,0.00209664877649082
526,526,2019-07-09,0.03202,15808826.77,511524.8,-344247807.84,34.6,0.002001928265851605
527,527,2019-07-10,0.02795,26812111.37,763740.27,-371059919.21,50.16,0.0022210068390972554
528,528,2019-07-11,0.02943,10613968.52,306987.29,-360445950.69,53.86,0.0022981337005826205
529,529,2019-07-13,0.02521,40806568.95,1091860.24,-412384805.1,48.48,0.002730324156580401
530,530,2019-07-15,0.02095,39581229.8,912791.58,-431130044.74,60.08,0.0035097901826809117
531,531,2019-07-16,0.02286,27310406.06,606642.51,-403819638.68,68.46,0.003937238734263046
532,532,2019-07-18,0.02812,20917154.41,539925.39,-361053527.4,82.64,0.004010305460318958
533,533,2019-07-19,0.0289,15046306.9,437807.33,-346007220.5,73.13,0.004052637696470926
534,534,2019-07-20,0.02913,9482853.68,268594.43,-336524366.82,72.97,0.00407323509485245
535,535,2019-07-21,0.026560000000000004,15469415.86,442129.99,-351993782.68,50.46,0.0041813159123208245
536,536,2019-07-22,0.02434,36444875.04,877370.56,-388438657.72,57.49,0.004376890671930207
537,537,2019-07-23,0.02386,16945857.34,398834.62,-405384515.06,46.48,0.004578109633473042
538,538,2019-07-24,0.0233,12665875.39,296861.58,-418050390.45,32.33,0.0047725455387609425
539,539,2019-07-25,0.02323,8175803.94,188415.44,-426226194.39,28.33,0.0048018909230415074
540,540,2019-07-26,0.02205,9485412.87,212845.61,-435711607.26,24.51,0.004855166521761108
541,541,2019-07-27,0.0225,7615313.88,169856.0,-428096293.38,24.89,0.004754651696878291
542,542,2019-07-28,0.02207,10047170.26,222592.1,-438143463.64,15.79,0.004619026866712217
543,543,2019-07-31,0.02231,4846255.38,107303.5,-416840756.64,17.28,0.004548151373860292
544,544,2019-08-02,0.02188,4550391.99,99156.05,-421267805.61,8.987,0.004631731882340787
545,545,2019-08-03,0.02223,12052535.75,267834.56,-409215269.86,8.992,0.004616822861377774
546,546,2019-08-05,0.02174,13219305.48,295395.75,-408348399.25,19.55,0.0046642312692811985
547,547,2019-08-06,0.02164,5524489.96,120102.07,-413872889.21,19.55,0.004655543043994972
548,548,2019-08-07,0.02195,5113852.18,112211.77,-408759037.03,19.28,0.004634160217293687
549,549,2019-08-09,0.02037,7425795.29,148279.99,-414238459.73,35.27,0.0046236805387207735
550,550,2019-08-10,0.02076,5749470.31,118724.96,-408488989.42,34.05,0.004614255036323547
551,551,2019-08-11,0.02076,7086428.19,147156.93,-408488989.42,32.01,0.004547454270779967
552,552,2019-08-12,0.0205,4354119.26,88922.31,-412843108.68,32.02,0.004450732356113379
553,553,2019-08-13,0.01772,12507763.23,235120.63,-425350871.91,47.24,0.00422372974851768
554,554,2019-08-14,0.01761,32950450.47,565350.39,-458301322.38,42.06,0.004000005818962226
555,555,2019-08-15,0.01697,9260106.58,157836.88,-467561428.96,39.12,0.00368121413004894
556,556,2019-08-16,0.01718,4545692.46,77640.08,-463015736.5,38.42,0.003459045047941097
557,557,2019-08-17,0.01806,7200270.38,127291.18,-455815466.12,43.94,0.003422653890649785
558,558,2019-08-18,0.01798,4075897.87,73644.04,-459891363.99,44.17,0.0032543834983035924
559,559,2019-08-19,0.01762,4585919.8,80854.84,-464477283.79,19.73,0.00329830581729099
560,560,2019-08-20,0.01684,12669313.16,212755.76,-477146596.95,23.14,0.003419603458896914
561,561,2019-08-21,0.01755,9462772.26,166010.93,-467683824.69,24.03,0.003494173162847232
562,562,2019-08-22,0.01848,8609012.98,156390.56,-459074811.71,27.11,0.003304832563969
563,563,2019-08-23,0.01817,5076786.95,91124.04,-464151598.66,24.89,0.0030106314303154566
564,564,2019-08-24,0.017769999999999998,6938526.63,124734.16,-471090125.29,25.68,0.0026220120378146095
565,565,2019-08-25,0.01807,4222412.5,75834.77,-466867712.79,25.32,0.0023895324652129803
566,566,2019-08-26,0.01778,7260618.89,128597.3,-474128331.68,21.27,0.0022943269616391977
567,567,2019-08-27,0.01614,11020462.07,181271.52,-485148793.75,32.54,0.002275257747179424
568,568,2019-08-28,0.01564,11977963.02,187262.74,-497126756.77,24.73,0.0022879921680214743
569,569,2019-08-29,0.01601,5687897.43,89768.81,-491438859.34,28.38,0.002256436133152588
570,570,2019-08-30,0.01593,7591085.66,119200.43,-499029945.0,28.7,0.0022676004077446113
571,571,2019-08-31,0.015880000000000002,5367628.82,84571.5,-504397573.82,27.05,0.0022379441766807295
572,572,2019-09-01,0.01598,7040896.13,111286.64,-497356677.69,28.09,0.00220585678092192
573,573,2019-09-02,0.01602,4956552.63,79247.48,-492400125.06,11.82,0.0021373568648740673
574,574,2019-09-03,0.01575,9746982.39,153167.95,-502147107.45,8.883,0.0020829802919278815
575,575,2019-09-05,0.01436,9210253.27,135895.0,-519248632.29,15.69,0.002049334094259238
576,576,2019-09-06,0.01551,8856112.2,133800.49,-510392520.09,30.15,0.0019613647606057964
577,577,2019-09-07,0.01581,10125920.52,159395.02,-500266599.57,30.72,0.00184275970580585
578,578,2019-09-08,0.0159,10738229.05,169126.43,-489528370.52,30.77,0.0016617722156060017
579,579,2019-09-09,0.01587,5234147.82,83570.26,-494762518.34,30.37,0.0015763786522218547
580,580,2019-09-13,0.01596,3351807.91,52377.98,-484451118.84,20.54,0.0014350119547771112
581,581,2019-09-14,0.01567,3618932.67,57209.48,-488070051.51,21.13,0.0012652536431947612
582,582,2019-09-15,0.01585,6383937.35,99803.73,-481686114.16,21.46,0.0010690502821455912
583,583,2019-09-16,0.01684,11770469.03,196624.51,-469915645.13,18.31,0.001051150437086793
584,584,2019-09-17,0.0181,11204091.86,200204.25,-458711553.27,21.87,0.001070373712805913
585,585,2019-09-18,0.017769999999999998,9889267.35,171705.11,-468600820.62,25.32,0.0010882733873093108
586,586,2019-09-19,0.01754,4741321.94,83178.14,-473342142.56,26.97,0.0010959006687973627
587,587,2019-09-21,0.01705,6925709.77,121861.13,-470917951.67,33.56,0.0010676714376899935
588,588,2019-09-22,0.01602,11798596.09,195634.68,-482716547.76,34.43,0.0010439005105231634
589,589,2019-09-23,0.01273,22547267.12,316967.4,-505263814.88,59.73,0.001241556725831225
590,590,2019-09-24,0.013330000000000002,19718911.48,253057.71,-485544903.4,65.72,0.0013614738464220494
591,591,2019-09-25,0.01292,16730560.21,215124.35,-502275463.61,65.06,0.0014744983561562096
592,592,2019-09-26,0.01409,8583369.87,114156.37,-493692093.74,72.47,0.0014541847658883888
593,593,2019-09-27,0.01371,6628275.23,90900.43,-500320368.97,72.31,0.0014542905210269328
594,594,2019-09-28,0.01379,6852504.68,91696.17,-493467864.29,72.51,0.0014562081132084436
595,595,2019-10-01,0.01459,8287400.99,118241.18,-483894231.16,32.15,0.0014012787263689237
596,596,2019-10-02,0.01468,6287255.94,90523.76,-477606975.22,23.95,0.0013497017124729043
597,597,2019-10-03,0.01484,5550553.44,81365.2,-472056421.78,21.27,0.0013498013476691813
598,598,2019-10-04,0.01523,6590742.02,98420.63,-465465679.76,21.35,0.0013501102977536963
599,599,2019-10-06,0.01648,9826645.21,157126.44,-463343455.83,31.72,0.001359435312114817
600,600,2019-10-07,0.01707,9099488.13,151692.04,-454243967.7,31.85,0.0013882679194235407
601,601,2019-10-08,0.016980000000000002,6919608.91,117587.7,-461163576.61,32.62,0.0014126531653331782
602,602,2019-10-09,0.01652,5818470.79,95510.34,-466982047.4,35.49,0.001421758503188187
603,603,2019-10-10,0.01587,10861721.97,173864.83,-477843769.37,38.51,0.0014203699129676666
604,604,2019-10-11,0.016,4782238.2,76783.96,-473061531.17,36.3,0.001422249149652326
605,605,2019-10-12,0.01643,6448224.73,104397.12,-466613306.44,19.55,0.001411729395127148
606,606,2019-10-13,0.01686,6496620.14,108475.69,-460116686.3,18.19,0.0014289092375668888
607,607,2019-10-14,0.01583,8839894.47,142220.35,-468956580.77,24.59,0.001428975036584264
608,608,2019-10-15,0.01544,7278922.03,111971.7,-476235502.8,24.46,0.0014290453368319815
609,609,2019-10-16,0.01565,6134154.33,94028.17,-470101348.47,23.18,0.0014285409323540183
610,610,2019-10-17,0.01553,10252823.59,156043.54,-480354172.06,22.95,0.0014275978135490296
611,611,2019-10-18,0.015880000000000002,3717631.71,59406.41,-476636540.35,22.47,0.0014282291905356945
612,612,2019-10-19,0.015880000000000002,4751990.36,74650.56,-476636540.35,20.29,0.00142838164995901
613,613,2019-10-20,0.01574,4190431.27,66130.54,-480826971.62,11.16,0.0014109255542192243
614,614,2019-10-22,0.0146,11054971.94,161320.7,-495697302.19,18.84,0.0013416487112416682
615,615,2019-10-23,0.0157,5140770.71,78246.38,-490556531.48,29.61,0.0012724099679134102
616,616,2019-10-24,0.01775,13255646.2,220480.68,-477300885.28,44.32,0.0012849191128025935
617,617,2019-10-25,0.016630000000000002,16343935.19,279714.86,-493644820.47,49.82,0.0012689574415694059
618,618,2019-10-26,0.01927,24303088.87,443258.75,-469341731.6,61.64,0.001447601107185902
619,619,2019-10-27,0.02009,32409319.29,676906.64,-436932412.31,59.94,0.0015741443944953756
620,620,2019-10-29,0.02005,13520484.06,279284.83,-426395633.21,66.92,0.001687622962742671
621,621,2019-10-30,0.01984,11482744.95,227581.41,-437878378.16,62.18,0.0017241781650502608
622,622,2019-10-31,0.01984,6216259.83,122147.28,-437878378.16,56.79,0.001795735721540802
623,623,2019-11-01,0.02002,5604544.02,112550.42,-432273834.14,42.14,0.0018357796427022936
624,624,2019-11-02,0.01984,3846188.74,76006.71,-436120022.88,40.63,0.0018446412291760752
625,625,2019-11-03,0.01991,6748173.05,132267.97,-429371849.83,26.4,0.001876553609222034
626,626,2019-11-04,0.01999,4320925.83,86103.93,-425050924.0,5.114,0.001899007726376051
627,627,2019-11-05,0.02026,4566372.26,92158.83,-420484551.74,5.093,0.0019251707194061776
628,628,2019-11-07,0.01899,4513808.81,86570.98,-428767730.77,13.63,0.0019031342569583224
629,629,2019-11-08,0.0194,2962196.62,56943.47,-425805534.15,15.86,0.0019238319041461468
630,630,2019-11-09,0.0195,6289532.51,122250.86,-419516001.64,15.93,0.00195190178408672
631,631,2019-11-10,0.01933,4522538.69,87154.22,-424038540.33,15.78,0.001970063421584629
632,632,2019-11-12,0.02053,6509071.91,130667.33,-412217856.71,18.8,0.0020188372948300583
633,633,2019-11-15,0.01927,2905845.68,55577.11,-420627522.74,21.87,0.0019969409076169404
634,634,2019-11-16,0.0193,3370695.14,64377.7,-417256827.6,21.77,0.0019736314915343293
635,635,2019-11-17,0.017480000000000002,7577646.57,135974.42,-424834474.17,30.71,0.0019519721827697878
636,636,2019-11-18,0.01756,6550992.34,111329.79,-418283481.83,28.48,0.0019402097291560114
637,637,2019-11-19,0.017130000000000003,3651410.38,62652.83,-421934892.21,28.25,0.001900251042098568
638,638,2019-11-20,0.015780000000000002,10633873.22,166985.19,-432568765.43,32.2,0.0018840853142234706
639,639,2019-11-21,0.01469,18736269.28,268981.67,-451305034.71,29.53,0.0019367390533904486
640,640,2019-11-23,0.01426,5440391.93,80121.86,-449263703.36,35.16,0.0020094612133167164
641,641,2019-11-24,0.01469,13001142.91,183252.39,-436262560.45,38.08,0.002066751462852659
642,642,2019-11-25,0.01583,5873784.27,89498.43,-430388776.18,47.47,0.0020686316483511337
643,643,2019-11-26,0.01656,8107200.29,128572.95,-422281575.89,43.6,0.0020414894551308606
644,644,2019-11-27,0.01649,5847224.5,95487.37,-428128800.39,36.02,0.001955966880289592
645,645,2019-11-28,0.01675,5626547.48,91952.98,-422502252.91,34.7,0.0019187418351339612
646,646,2019-11-29,0.01605,4263261.79,68464.33,-426765514.7,26.79,0.001958235805839675
647,647,2019-11-30,0.016640000000000002,6325578.44,100305.41,-420439936.26,27.05,0.001957964108017319
648,648,2019-12-01,0.015790000000000002,4268818.5,67768.1,-424708754.76,26.64,0.0019937962404127643
649,649,2019-12-02,0.0156,5793723.48,90706.31,-430502478.24,22.24,0.0020048057491842595
650,650,2019-12-04,0.01492,3881675.0,57106.09,-432712221.61,24.61,0.0020347443003543115
651,651,2019-12-05,0.01518,5351616.54,78878.28,-427360605.07,24.94,0.0020468438277457084
652,652,2019-12-07,0.01516,4414169.31,65421.67,-427209517.29,17.43,0.00204747447460188
653,653,2019-12-09,0.01429,12567280.14,180245.55,-447110403.62,13.98,0.002064723994247691
654,654,2019-12-10,0.01436,14279645.17,203832.32,-432830758.45,13.47,0.0020690818942385647
655,655,2019-12-11,0.01395,14345882.66,201072.53,-447176641.11,12.09,0.0020717620075916925
656,656,2019-12-13,0.01402,9703159.88,139746.37,-426039733.63,13.27,0.0020470883162973406
657,657,2019-12-14,0.01402,69873566.94,981230.53,-426039733.63,13.3,0.0019846096347411295
658,658,2019-12-15,0.013619999999999998,10846514.6,149165.75,-436886248.23,11.93,0.0019898433196586375
659,659,2019-12-17,0.01384,5055790.02,66312.47,-439690449.81,32.3,0.0019468887351708015
660,660,2019-12-18,0.01341,5090893.72,67543.29,-444781343.53,32.69,0.001895496174392076
661,661,2019-12-19,0.01406,7697610.22,102939.41,-437083733.31,36.02,0.0018072033706799835
662,662,2019-12-20,0.01407,4745193.77,65047.67,-432338539.54,36.02,0.001583857541779658
663,663,2019-12-21,0.01514,11198199.7,164851.21,-421140339.84,39.11,0.001414632237659222
664,664,2019-12-22,0.01436,13793371.02,204905.14,-434933710.86,36.92,0.0012126431660981454
665,665,2019-12-24,0.013880000000000002,9915554.57,132723.16,-439917927.49,32.75,0.0011549682784157416
666,666,2019-12-25,0.01425,4041260.84,55270.64,-435876666.65,30.87,0.0010633664283436115
667,667,2019-12-26,0.01344,4519619.73,60135.43,-440396286.38,34.97,0.0010160244815629028
668,668,2019-12-27,0.01395,6039257.98,82458.0,-434357028.4,28.45,0.0010123638549066147
669,669,2019-12-28,0.01429,4606828.59,63488.05,-429750199.81,26.71,0.001016158022379158
670,670,2019-12-31,0.01376,2975952.89,40956.88,-438413028.11,27.96,0.0010287041843306157
671,671,2020-01-01,0.013030000000000002,11616457.92,153180.46,-450029486.03,27.32,0.0010753876072169875
672,672,2020-01-02,0.01377,5061579.45,68586.86,-444967906.58,30.04,0.0010658332771692795
673,673,2020-01-03,0.01384,3251730.37,44744.32,-441716176.21,29.02,0.0010094599102260598
674,674,2020-01-04,0.013880000000000002,4026088.97,56143.13,-437690087.24,24.86,0.0009452297659054219
675,675,2020-01-05,0.01468,6195312.33,88555.43,-431494774.91,28.05,0.0008408852068167718
676,676,2020-01-09,0.01493,5164912.11,74954.09,-435941571.47,17.78,0.0007870971693709723
677,677,2020-01-10,0.01491,5697374.26,85298.28,-441638945.73,18.01,0.0006667781516044847
678,678,2020-01-11,0.01555,4357143.83,65843.57,-437281801.9,15.21,0.0006492457162036716
679,679,2020-01-12,0.01521,3748332.87,56481.58,-441030134.77,16.8,0.0006251970723853123
680,680,2020-01-13,0.01705,18841690.69,305811.92,-422188444.08,31.06,0.0007994998436577763
681,681,2020-01-14,0.01734,17205478.08,299168.46,-404982966.0,31.07,0.0009598649330317102
682,682,2020-01-15,0.01745,8880198.54,148770.35,-396102767.46,31.71,0.001102658490710166
683,683,2020-01-16,0.01765,9682778.01,172187.31,-386419989.45,30.93,0.0012444012085436342
684,684,2020-01-17,0.01823,6280132.48,111979.91,-380139856.97,30.66,0.00140935772443019
685,685,2020-01-18,0.016819999999999998,10875146.21,185219.31,-391015003.18,40.99,0.0014520942070732272
686,686,2020-01-19,0.01678,9158669.2,152303.56,-400173672.38,26.27,0.001487001495723718
687,687,2020-01-20,0.0174,10328197.5,176829.46,-389845474.88,27.99,0.0015444170495682828
688,688,2020-01-21,0.017519999999999997,6352680.06,110609.61,-383492794.82,28.0,0.001586115365927605
689,689,2020-01-22,0.0163,43709875.49,722567.47,-427202670.31,33.68,0.001579648767889152
690,690,2020-01-23,0.01684,32273626.0,524696.02,-394929044.31,33.71,0.0015673337782433046
691,691,2020-01-24,0.01649,4212323.09,69050.9,-399141367.4,26.4,0.0015613613644360018
692,692,2020-01-25,0.017230000000000002,3586894.48,60433.52,-395554472.92,29.31,0.0015732038106658864
693,693,2020-01-26,0.01728,7004417.73,120591.71,-388550055.19,27.48,0.0016030348014691512
694,694,2020-01-28,0.01867,13361059.3,255034.91,-390267103.38,23.81,0.0016790636416325175
695,695,2020-01-29,0.01951,26785380.85,508413.43,-363481722.53,24.41,0.0017750429815121206
696,696,2020-01-30,0.01871,55877151.73,1052883.78,-419358874.26,28.15,0.0018153644705480106
697,697,2020-01-31,0.01907,6461854.85,121970.43,-412897019.41,27.18,0.0018236336090998034
698,698,2020-02-01,0.01914,11120074.14,215610.52,-401776945.27,27.14,0.001841909959487444
699,699,2020-02-03,0.0194,7942037.51,150626.63,-362517271.27,18.44,0.0018718490458856849
700,700,2020-02-04,0.02076,11190110.36,224398.29,-351327160.91,23.15,0.0019388236746511298
701,701,2020-02-05,0.02257,20791733.51,455387.65,-330535427.4,23.18,0.0020690037582693
702,702,2020-02-06,0.0221,14963227.93,333416.59,-345498655.33,27.18,0.0021547149316765582
703,703,2020-02-07,0.02182,11578649.52,253686.7,-357077304.85,28.6,0.0021868280971409364
704,704,2020-02-08,0.02201,12435249.56,272335.71,-344642055.29,28.54,0.0021995891988474546
705,705,2020-02-09,0.02221,10857917.91,235310.47,-333784137.38,28.42,0.0022392302916088742
706,706,2020-02-10,0.02281,11633688.61,263827.87,-322150448.77,24.63,0.0022999305586736294
707,707,2020-02-11,0.02402,14987728.35,354915.4,-307162720.42,17.44,0.0024091769949739165
708,708,2020-02-12,0.02391,27638053.93,664212.74,-334800774.35,15.29,0.0025022284321070372
709,709,2020-02-14,0.02361,18332308.28,452168.72,-332808701.78,46.12,0.0025245092842857203
710,710,2020-02-15,0.02235,25193112.73,565080.81,-358001814.51,49.52,0.002542902676666273
711,711,2020-02-16,0.02178,11289432.94,239571.66,-369291247.45,49.17,0.0025400512258403423
712,712,2020-02-17,0.0226,10890712.39,239142.09,-358400535.06,47.77,0.00255801397909576
713,713,2020-02-18,0.02025,20080863.05,436206.01,-378481398.11,54.6,0.0025246283213430586
714,714,2020-02-19,0.02,9096689.5,181672.79,-387578087.61,38.13,0.0025038931525822247
715,715,2020-02-20,0.02034,7174587.42,145779.08,-380403500.19,34.67,0.002431223049670532
716,716,2020-02-22,0.021480000000000003,6100557.09,128079.25,-378757131.84,38.34,0.002359206373476377
717,717,2020-02-24,0.01923,7364466.41,143925.79,-393655941.36,29.21,0.002305414142366608
718,718,2020-02-25,0.01651,28486697.29,482106.62,-422142638.65,48.65,0.0023547662597249246
719,719,2020-02-26,0.01711,11950009.1,205850.93,-410192629.55,50.52,0.0023115678363562764
720,720,2020-02-27,0.01736,8051581.01,137119.45,-402141048.54,51.43,0.0022863307199369495
721,721,2020-02-28,0.0169,5072370.63,87341.73,-407213419.17,44.34,0.0022636092632253454
722,722,2020-02-29,0.01674,5934077.68,100323.2,-413147496.85,43.52,0.002288588005185541
723,723,2020-03-01,0.01797,6443632.16,113253.29,-406703864.69,50.9,0.002260046891998229
724,724,2020-03-02,0.0173,5325237.86,93416.04,-412029102.55,27.02,0.0023087858430294894
725,725,2020-03-03,0.01785,5804006.65,101864.34,-406225095.9,26.65,0.0023483956127600962
726,726,2020-03-04,0.01796,5554908.66,100862.34,-400670187.24,26.54,0.002369403727311238
727,727,2020-03-05,0.0184,3137608.16,57279.62,-397532579.08,24.59,0.0023839122920317015
728,728,2020-03-06,0.017130000000000003,7316490.91,126808.94,-404849069.99,33.74,0.002442725912800158
729,729,2020-03-07,0.01466,17916882.38,280065.56,-422765952.37,47.07,0.002638329844394747
730,730,2020-03-09,0.01511,6503939.09,98367.09,-409294760.6,47.82,0.0027794518809701727
731,731,2020-03-10,0.01496,5827220.07,86241.67,-415121980.67,47.01,0.002864185427120164
732,732,2020-03-11,0.008505,88646283.39,947879.7,-503768264.06,147.42,0.0034601862824425278
733,733,2020-03-13,0.00978,11803450.8,120420.63,-439740184.95,168.25,0.003813557594031667
734,734,2020-03-14,0.0103,10393162.93,105908.6,-429347022.02,169.4,0.004054225201288992
735,735,2020-03-15,0.009642,17616728.04,164422.35,-446963750.06,168.19,0.004279809612938023
736,736,2020-03-16,0.01014,7779708.57,78759.19,-439184041.49,170.97,0.004400545167507389
737,737,2020-03-17,0.01022,7340167.32,73257.16,-431843874.17,56.77,0.004412772900096312
738,738,2020-03-18,0.01162,29451161.6,330205.3,-402392712.57,46.21,0.004318945223111573
739,739,2020-03-19,0.01127,20282209.31,236184.23,-422674921.88,45.39,0.004214014055615855
740,740,2020-03-20,0.01125,6021612.74,67361.98,-428696534.62,44.78,0.004140456827065113
741,741,2020-03-21,0.01027,6571957.08,71099.8,-435268491.7,49.03,0.0041014892474728
742,742,2020-03-22,0.01142,18806082.5,210850.9,-416462409.2,54.91,0.003931819552022166
743,743,2020-03-24,0.01137,5675030.4,64694.87,-413405602.9,42.24,0.003860925602353043
744,744,2020-03-25,0.01188,14680487.54,167937.04,-398725115.36,42.86,0.0037643198376650436
745,745,2020-03-27,0.01144,6716691.67,75206.04,-398287405.2,36.78,0.003635832359128636
746,746,2020-03-28,0.01075,8955477.57,98093.59,-407242882.77,28.73,0.0034153095921678344
747,747,2020-03-29,0.01152,6484747.31,74069.42,-400758135.46,35.95,0.0032828500900592356
748,748,2020-03-30,0.01166,2222369.41,25767.59,-398535766.05,35.91,0.0032527605430746915
749,749,2020-03-31,0.01165,3523568.1,40256.37,-402059334.15,33.55,0.0031911247145304487
750,750,2020-04-01,0.01201,11605959.45,139195.81,-390453374.7,28.59,0.0031008216080317306
751,751,2020-04-02,0.01193,5253913.57,62910.18,-395707288.27,28.7,0.003020076085858888
752,752,2020-04-04,0.01261,11969470.48,146993.64,-378514387.21,13.32,0.0029313654072093535
753,753,2020-04-05,0.01378,12352373.62,162369.16,-366162013.59,23.73,0.002769557394617041
754,754,2020-04-08,0.01349,5269446.4,70934.99,-369167063.34,30.26,0.002631110455880457
755,755,2020-04-09,0.01242,9170180.95,115603.84,-378337244.29,41.32,0.002428334669176852
756,756,2020-04-10,0.01251,10866291.48,138969.12,-367470952.81,39.15,0.0021820529353461415
