,Unnamed: 0,Date,close,volumefrom,volumeto,OBV,Volatility_7Day,30day_volatility-xlm
29,29,2017-03-02,0.001702,3190055.67,5694.47,-33325732.82,35.86,0.0002629012313992927
30,30,2017-03-03,0.00175,1283975.89,2278.63,-32041756.93,36.96,0.0002730116182109491
31,31,2017-03-06,0.001967,3996673.69,7715.75,-26609369.37,24.23,0.0002281143819761655
32,32,2017-03-07,0.0018,5355010.33,10720.2,-31964379.7,38.33,0.00022322626271972624
33,33,2017-03-08,0.002014,5480745.01,9674.75,-26483634.69,46.27,0.00022250121787087626
34,34,2017-03-09,0.001402,9043039.07,15304.4,-35526673.76,114.78,0.00025462135286211465
35,35,2017-03-10,0.001661,3965651.22,6867.76,-31561022.54,127.86,0.0002641694336125446
36,36,2017-03-12,0.001849,9901407.53,19286.71,-16408680.58,127.03,0.000265694111563543
37,37,2017-03-15,0.001691,7467538.14,13911.65,-21883955.22,67.1,0.00027095867479797744
38,38,2017-03-16,0.001768,6805210.31,12513.52,-15078744.91,51.29,0.00026469040905117514
39,39,2017-03-17,0.001983,11368386.27,21331.36,-3710358.64,57.5,0.00026312149416126275
40,40,2017-03-19,0.001999,2486896.72,4732.45,-9222863.78,86.44,0.00025971099985999083
41,41,2017-03-20,0.0021,8531655.16,17448.55,-691208.62,85.79,0.0002541579945760055
42,42,2017-03-22,0.0022,11105175.24,22547.69,2227483.43,90.47,0.00025076224257023
43,43,2017-03-23,0.00195,36137520.62,80511.23,-33910037.19,94.83,0.0002346885071798343
44,44,2017-03-24,0.002,13661901.46,27441.55,-20248135.73,81.41,0.0002234199205969345
45,45,2017-03-25,0.001991,10212237.93,20671.03,-30460373.66,68.88,0.00021487116963480736
46,46,2017-03-26,0.00187,25387951.07,49005.9,-55848324.73,68.41,0.00020931637221718036
47,47,2017-03-27,0.002095,13180667.37,25682.12,-42667657.36,69.01,0.00019853007242020713
48,48,2017-03-28,0.001917,10728497.13,21410.71,-53396154.49,56.53,0.00019286080979302993
49,49,2017-03-29,0.0023,33985238.85,74485.64,-19410915.64,68.52,0.00020030868132982213
50,50,2017-03-30,0.002282,40073986.58,100535.66,-59484902.22,69.19,0.00021116878905573294
51,51,2017-03-31,0.00285,18803083.9,46777.65,-40681818.32,86.41,0.00026733736059110096
52,52,2017-04-01,0.004405,76502782.75,274219.75,35820964.43,121.79,0.0005182891439935912
53,53,2017-04-02,0.003036,66274878.28,262849.71,-30453913.85,185.44,0.0005503431113677042
54,54,2017-04-03,0.003011,25479729.57,79171.51,-55933643.42,180.97,0.0005754269379508926
55,55,2017-04-04,0.003082,52057466.08,167338.26,-3876177.34,177.84,0.0006009515299750141
56,56,2017-04-06,0.002719,36822292.0,103600.78,-79098299.21,171.19,0.0006082419172377529
57,57,2017-04-07,0.003064,32535322.59,96098.05,-46562976.62,110.42,0.0006243615626538362
58,58,2017-04-08,0.002769,35839237.02,103521.59,-82402213.64,53.2,0.0006260034344953708
59,59,2017-04-09,0.002858,11555599.97,32264.4,-70846613.67,54.72,0.0006272650918091161
60,60,2017-04-10,0.0028,8126560.75,22828.29,-78973174.42,53.76,0.0006259977791815477
61,61,2017-04-11,0.003097,43974551.61,135521.8,-34998622.81,56.23,0.0006382481600389486
62,62,2017-04-17,0.0037,20080148.17,72487.97,56401284.88,22.38,0.000674796198266856
63,63,2017-04-20,0.003453,26824657.47,96389.66,-12389505.87,30.42,0.0006960855872862085
64,64,2017-04-21,0.0034990000000000004,12467755.21,46598.76,78249.34,21.74,0.0006910969865565801
65,65,2017-04-22,0.0035020000000000003,10868733.8,40929.21,10946983.14,20.78,0.000692704163024349
66,66,2017-04-23,0.004,24246993.22,98324.24,35193976.36,41.12,0.0007234984204321496
67,67,2017-04-25,0.004026,26058076.22,109289.41,48294231.6,43.5,0.0007403533825373409
68,68,2017-04-26,0.004033,12928579.53,54305.39,61222811.13,43.39,0.0007527559090573046
69,69,2017-04-27,0.004535,34731006.64,159418.51,95953817.77,49.38,0.0007977921984790414
70,70,2017-04-28,0.004661,46792424.86,244497.37,142746242.63,47.89,0.0008404726400191079
71,71,2017-04-29,0.004804999999999999,53902946.23,290960.11,196649188.86,39.18,0.0008852181236490703
72,72,2017-04-30,0.005,73240989.23,400948.01,269890178.09,26.45,0.0009350429826004491
73,73,2017-05-01,0.005054,44154202.45,228178.02,314044380.54,27.21,0.0009658174216455312
74,74,2017-05-02,0.005145,30746602.76,162551.63,344790983.3,25.65,0.0009923584638071336
75,75,2017-05-03,0.006769,94671308.87,616240.76,439462292.17,67.36,0.001134154118437091
76,76,2017-05-04,0.01065,317618917.09,3479023.48,757081209.26,121.47,0.0016858054185449162
77,77,2017-05-05,0.0209,421359405.27,7240282.41,1178440614.53,181.01,0.0035171073825275624
78,78,2017-05-06,0.039,559918475.64,19379483.29,1738359090.17,191.4,0.007189878259404499
79,79,2017-05-07,0.04068,379668350.29,16917280.7,2118027440.46,186.79,0.00958098498553794
80,80,2017-05-08,0.0275,220969831.3,6842953.23,1897057609.16,265.51,0.0102383476049268
81,81,2017-05-09,0.0322,114310138.18,3794060.8,2011367747.34,267.54,0.01111205098447668
82,82,2017-05-10,0.03681,217218411.87,7916771.26,2228586159.21,261.22,0.01219269912297717
83,83,2017-05-11,0.04099,160634041.01,6627141.0,2389220200.22,213.19,0.013370421046508579
84,84,2017-05-13,0.03835,63754913.17,2512911.27,2374428715.4,137.13,0.014162466228221596
85,85,2017-05-14,0.04353,81702127.02,3372115.88,2456130842.42,62.22,0.015143838263256715
86,86,2017-05-15,0.05,154267523.3,7533180.79,2610398365.72,60.22,0.016375097264254436
87,87,2017-05-16,0.04898,103486408.21,5107651.35,2506911957.51,61.08,0.01731600432275723
88,88,2017-05-17,0.046,64993947.65,3017076.92,2441918009.86,63.7,0.017899122370477645
89,89,2017-05-18,0.0525,91815538.31,4603069.27,2533733548.17,57.83,0.018706631262275914
90,90,2017-05-19,0.0533,38120619.48,2009467.34,2571854167.65,58.41,0.019377504651427437
91,91,2017-05-20,0.06,78538048.75,4685190.16,2650392216.4,57.56,0.020272675154094692
92,92,2017-05-21,0.05,68008687.66,3734705.11,2582383528.74,77.62,0.020478433404073113
93,93,2017-05-22,0.05417,36955532.41,1993220.61,2619339061.15,79.99,0.020730561158381105
94,94,2017-05-23,0.05076,54248011.95,2895157.24,2565091049.2,80.19,0.020703462611166134
95,95,2017-05-24,0.04,60208839.15,2618507.52,2504882210.05,94.41,0.02026608468715964
96,96,2017-05-25,0.04091,61327460.54,2688826.52,2566209670.59,94.84,0.019780556736350974
97,97,2017-05-26,0.032060000000000005,121420181.5,3647213.8,2444789489.09,90.91,0.019127981507391898
98,98,2017-05-27,0.03449,75591319.92,2675677.18,2520380809.01,97.63,0.018406688164435192
99,99,2017-05-28,0.03611,50401676.36,1804446.18,2570782485.37,93.66,0.01762946245664753
100,100,2017-05-29,0.03069,43689677.48,1516664.54,2527092807.89,97.05,0.01677003811539956
101,101,2017-05-30,0.03337,72861219.71,2276056.12,2599954027.6,91.03,0.01580440304341232
102,102,2017-06-02,0.0392,28272212.61,1072478.59,2648022410.63,83.61,0.0147226713177682
103,103,2017-06-03,0.0398,4442044.69,171383.94,2652464455.32,83.23,0.013462457892611765
104,104,2017-06-05,0.04453,67560804.61,2796922.56,2740828263.5,60.95,0.01200698756467087
105,105,2017-06-06,0.0466,76343361.98,3671290.21,2817171625.48,30.91,0.01039831051705975
106,106,2017-06-07,0.05017,67132025.29,3480153.69,2884303650.77,24.08,0.008883285868196068
107,107,2017-06-09,0.0419,47515594.55,2099809.68,2786979133.41,54.58,0.007960095014739346
108,108,2017-06-10,0.045160000000000006,39700038.78,1755092.42,2826679172.19,57.5,0.007946491917387413
109,109,2017-06-11,0.03852,61710436.03,2467224.62,2764968736.16,68.08,0.007975084476906381
110,110,2017-06-12,0.04106,25725090.99,1039481.74,2790693827.15,69.87,0.007455956378442769
111,111,2017-06-14,0.03599,45178202.31,1546474.81,2714879534.52,63.41,0.007295777750761449
112,112,2017-06-15,0.03656,23791568.66,862516.16,2738671103.18,59.6,0.00730346493111318
113,113,2017-06-16,0.03988,26722250.89,1025264.58,2765393354.07,61.37,0.007317792275891923
114,114,2017-06-17,0.03809,17957655.9,688465.57,2747435698.17,44.42,0.007323828226075316
115,115,2017-06-18,0.04148,17692395.67,698950.35,2765128093.84,47.45,0.007329666972723557
116,116,2017-06-19,0.04061,37423473.2,1581903.38,2727704620.64,42.42,0.007223517220473887
117,117,2017-06-20,0.038360000000000005,18122830.19,719287.91,2709581790.45,41.9,0.007168351587551957
118,118,2017-06-21,0.03923,15802712.94,606478.09,2725384503.39,42.01,0.007157960763992117
119,119,2017-06-22,0.03988,8826623.09,350984.02,2734211126.48,34.69,0.006896822323426896
120,120,2017-06-23,0.03639,15484516.47,586334.19,2718726610.01,41.46,0.0066062730637707874
121,121,2017-06-24,0.03182,39830815.32,1330667.9,2678895794.69,40.8,0.005794349496876595
122,122,2017-06-25,0.02899,72557951.0,2046535.94,2606337843.69,41.86,0.005845945800197826
123,123,2017-06-27,0.03149,47079524.56,1429954.97,2704352418.53,54.42,0.005335547241644115
124,124,2017-06-30,0.02394,32334160.72,800001.9,2614242476.01,48.99,0.005507216540412094
125,125,2017-07-02,0.02605,26119851.18,668112.03,2672827192.32,54.59,0.005899560873975891
126,126,2017-07-05,0.0253,9350659.23,239433.88,2627196974.62,33.77,0.006260691049220777
127,127,2017-07-06,0.0203,49329298.23,1099514.54,2577867676.39,64.6,0.006910213031298753
128,128,2017-07-07,0.02156,42040473.19,838047.22,2619908149.58,65.46,0.007425952789210707
129,129,2017-07-08,0.01923,18586132.72,394101.54,2601322016.86,66.0,0.008039409861397806
130,130,2017-07-09,0.01489,69415536.53,1156331.77,2531906480.33,83.65,0.00884513740691045
131,131,2017-07-10,0.01432,125402445.62,1726425.45,2406504034.71,81.36,0.009617172978165365
132,132,2017-07-11,0.01784,107687505.56,1708336.5,2514191540.27,117.95,0.010029609520137702
133,133,2017-07-12,0.01714,127263181.58,2270273.18,2386928358.69,105.79,0.010398118839593
134,134,2017-07-13,0.0161,76839578.15,1216288.81,2310088780.54,101.97,0.010596155803690884
135,135,2017-07-14,0.017580000000000002,101428551.69,1710911.97,2411517332.23,105.13,0.010538200685039216
136,136,2017-07-15,0.01565,141803623.22,2269330.38,2269713709.01,81.37,0.010252969118607864
137,137,2017-07-16,0.0186,101091173.98,1745823.35,2370804882.99,90.15,0.010190506789197962
138,138,2017-07-17,0.01853,94869501.17,1813520.75,2275935381.82,69.99,0.009895926690182752
139,139,2017-07-18,0.0171,58279641.7,1094909.83,2217655740.12,73.08,0.009896847193314455
140,140,2017-07-20,0.01898,93212647.78,1826969.87,2433740290.49,71.97,0.009669388217759553
141,141,2017-07-22,0.0222,86160070.65,1919796.62,2483845682.11,67.61,0.009540894009774308
142,142,2017-07-23,0.02274,49019193.21,1083721.39,2532864875.32,66.83,0.009358809734959492
143,143,2017-07-25,0.01891,85878632.72,1595010.36,2496580290.0,84.2,0.009049628302521229
144,144,2017-07-26,0.01848,39785277.38,740874.88,2456795012.62,84.41,0.008784067663255096
145,145,2017-07-27,0.01708,61186902.99,1067699.86,2395608109.63,54.44,0.008267917283505968
146,146,2017-07-28,0.01747,37167849.94,613351.9,2432775959.57,57.98,0.0076896110315211735
147,147,2017-07-29,0.016030000000000003,28519051.43,472154.56,2404256908.14,54.91,0.007204099375778497
148,148,2017-07-30,0.01605,45260921.33,716490.91,2449517829.47,31.27,0.006516807835728801
149,149,2017-07-31,0.01799,80191203.2,1353866.59,2529709032.67,48.67,0.005520355279671166
150,150,2017-08-01,0.0184,83591991.94,1541632.96,2613301024.61,49.01,0.004658632131144673
151,151,2017-08-02,0.01889,27472769.13,512412.34,2640773793.74,42.15,0.0040936651509150485
152,152,2017-08-03,0.02245,79181288.03,1642553.39,2719955081.77,59.65,0.0037344403479830706
153,153,2017-08-05,0.02283,58961856.42,1385304.76,2801482930.34,49.82,0.0030349818875030393
154,154,2017-08-06,0.0223,73250480.28,1622129.53,2728232450.06,50.29,0.002958369949587262
155,155,2017-08-07,0.023780000000000003,83788586.37,1892584.99,2812021036.43,50.58,0.0027973545795408937
156,156,2017-08-08,0.023,70083044.4,1624727.03,2741937992.03,54.65,0.002644890889260312
157,157,2017-08-09,0.02207,28635078.65,655321.54,2713302913.38,33.19,0.002696874926246366
158,158,2017-08-10,0.02166,34332541.43,738314.58,2678970371.95,26.57,0.002700284978574945
159,159,2017-08-11,0.02005,45143194.72,941756.2,2633827177.23,30.92,0.0027074310044169934
160,160,2017-08-13,0.017759999999999998,66282662.89,1193536.05,2408525490.12,19.5,0.002607128953333646
161,161,2017-08-14,0.01738,60158401.78,1048435.4,2348367088.34,20.53,0.0024713704141909156
162,162,2017-08-15,0.017740000000000002,36120183.14,646959.48,2384487271.48,27.5,0.002473290051360973
163,163,2017-08-16,0.01728,63028335.7,1103021.05,2321458935.78,27.15,0.0024694672514020857
164,164,2017-08-17,0.01675,28213345.8,479604.23,2293245589.98,23.96,0.002444332431254596
165,165,2017-08-18,0.01649,44945387.59,725375.98,2248300202.39,12.66,0.0024769875103514403
166,166,2017-08-19,0.0177,56211442.59,976126.2,2304511644.98,26.05,0.002404176179785608
167,167,2017-08-20,0.01955,58113697.66,1066396.93,2362625342.64,36.0,0.002401942796030443
168,168,2017-08-21,0.02153,86749970.18,1677557.32,2449375312.82,41.54,0.002432981331806675
169,169,2017-08-22,0.02011,115050651.58,2580720.91,2334324661.24,47.75,0.0023986170584534097
170,170,2017-08-23,0.01908,39810895.27,807030.13,2294513765.97,50.24,0.002398003599740429
171,171,2017-08-24,0.02059,39942892.47,777777.21,2334456658.44,50.38,0.002352106514907755
172,172,2017-08-25,0.02125,38236814.28,780839.27,2372693472.72,49.18,0.002294269848542511
173,173,2017-08-26,0.0199,26032004.39,530228.87,2346661468.33,49.13,0.00229476826265978
174,174,2017-08-27,0.02061,35270287.71,717532.37,2381931756.04,41.1,0.002298653803935048
175,175,2017-08-28,0.02005,23222669.61,465593.29,2358709086.43,37.12,0.0022562257162701735
176,176,2017-08-29,0.02115,21281225.58,442946.66,2379990312.01,35.1,0.0022387603302033445
177,177,2017-08-30,0.02249,25324202.21,548636.57,2405314514.22,33.12,0.0021855585571877918
178,178,2017-08-31,0.02412,50194443.53,1162104.77,2455508957.75,36.28,0.002192486778948118
179,179,2017-09-01,0.0204,73412018.84,1590825.29,2382096938.91,60.03,0.0021538573790285246
180,180,2017-09-02,0.02138,20256232.71,425177.89,2402353171.62,60.64,0.002134447733357976
181,181,2017-09-03,0.01762,66632964.69,1199410.09,2335720206.93,81.49,0.002176474028193886
182,182,2017-09-06,0.02029,31718921.4,633649.16,2386142728.33,80.03,0.002138371090232108
183,183,2017-09-07,0.01829,46495542.64,854727.58,2339647185.69,71.86,0.002108487527867462
184,184,2017-09-08,0.01789,14143730.2,251360.14,2325503455.49,68.75,0.002102022671225279
185,185,2017-09-09,0.01669,36770150.9,618476.2,2288733304.59,48.09,0.002052453003928122
186,186,2017-09-10,0.01722,31665774.67,537667.02,2320399079.26,45.25,0.002002248994127104
187,187,2017-09-11,0.01642,21326314.54,362795.02,2299072764.72,31.69,0.00201812773139614
188,188,2017-09-14,0.01229,185087161.66,1933250.77,2383569489.11,86.89,0.0023417583775553843
189,189,2017-09-15,0.01188,55739374.63,649738.51,2327830114.48,87.17,0.0026680497849876548
190,190,2017-09-16,0.01123,36877114.99,407281.29,2290952999.49,82.55,0.0029961120591968232
191,191,2017-09-17,0.01351,70630416.13,908145.74,2361583415.62,108.09,0.003127000692889849
192,192,2017-09-19,0.0123,36174561.48,435965.17,2311408227.59,73.21,0.003317521301545351
193,193,2017-09-20,0.01057,51215372.09,570688.72,2260192855.5,80.81,0.0035963056555048767
194,194,2017-09-21,0.01077,32381129.02,348445.39,2292573984.52,81.55,0.003825180951320487
195,195,2017-09-22,0.0119,32673864.41,377970.08,2325247848.93,85.62,0.003967658564286864
196,196,2017-09-23,0.01157,14265396.2,168394.95,2310982452.73,64.27,0.004118688344383586
197,197,2017-09-24,0.01204,51522349.7,627939.01,2362504802.43,56.54,0.004212038357664502
198,198,2017-09-25,0.01236,20312446.22,249555.42,2382817248.65,56.2,0.004217552553345385
199,199,2017-09-26,0.01445,60001466.98,821612.04,2442818715.63,43.21,0.0041939473217878324
200,200,2017-09-27,0.0137,31546158.65,441887.27,2411272556.98,51.58,0.0042026672018131185
201,201,2017-10-02,0.01241,37319209.45,443597.21,2341864679.5,28.17,0.00419335003103234
202,202,2017-10-03,0.01181,25635838.89,310842.2,2316228840.61,27.86,0.004157305562528474
203,203,2017-10-05,0.01838,120515878.14,2043425.34,2498516834.89,90.75,0.004116063136921827
204,204,2017-10-06,0.02077,232331925.94,4976022.6,2730848760.83,90.84,0.004122529145042453
205,205,2017-10-08,0.01764,118890586.85,2310951.57,2503223908.53,97.79,0.004061191207390859
206,206,2017-10-09,0.0188,43894430.44,787651.21,2547118338.97,91.44,0.003975902832481403
207,207,2017-10-10,0.01955,40735554.45,785319.91,2587853893.42,81.8,0.0038367273081080346
208,208,2017-10-11,0.01794,58686878.59,1098756.13,2529167014.83,60.9,0.003516507557548991
209,209,2017-10-12,0.01786,56632446.7,1016762.31,2472534568.13,45.73,0.0034213192488131198
210,210,2017-10-13,0.0175,38998564.97,716592.33,2433536003.16,36.92,0.003253466144594609
211,211,2017-10-14,0.0188,46402438.74,818049.32,2479938441.9,39.4,0.003290796657904964
212,212,2017-10-15,0.036000000000000004,503449476.31,17600272.76,2983387918.21,178.39,0.00495387952001771
213,213,2017-10-16,0.0461,202822715.02,8464218.14,3186210633.23,180.17,0.007428982425948912
214,214,2017-10-17,0.03515,108928958.08,4009625.72,3077281675.15,205.71,0.008158574285242269
215,215,2017-10-19,0.026560000000000004,76311537.37,2155371.82,2925685323.11,223.12,0.00833221953016427
216,216,2017-10-20,0.0365,133040512.3,4047479.42,3058725835.41,232.95,0.009018551658830193
217,217,2017-10-21,0.03138,97179433.98,3283492.2,2961546401.43,160.24,0.009323718216425818
218,218,2017-10-22,0.03438,67013873.74,2263815.88,3028560275.17,141.82,0.009664132579065099
219,219,2017-10-23,0.037000000000000005,107361652.23,4176859.47,3135921927.4,124.09,0.010064640968066982
220,220,2017-10-24,0.035160000000000004,44089441.86,1576587.91,3091832485.54,119.05,0.010267442932289246
221,221,2017-10-25,0.0347,31273756.59,1108465.77,3060558728.95,105.68,0.010454785435662821
222,222,2017-10-26,0.0341,24576833.91,837429.97,3035981895.04,58.13,0.01052894142215943
223,223,2017-10-27,0.031,15172173.4,492578.63,3020809721.64,47.41,0.010388578255031814
224,224,2017-10-28,0.03021,49594954.61,1562020.27,2971214767.03,36.63,0.010190308760959036
225,225,2017-10-29,0.03195,27228309.42,843475.78,2998443076.45,32.8,0.010035356009125205
226,226,2017-10-30,0.02936,39087185.81,1155734.76,2959355890.64,36.22,0.009765376463366103
227,227,2017-10-31,0.0273,30765488.51,876839.5,2928590402.13,37.34,0.009453076832925653
228,228,2017-11-01,0.0275,68311255.9,1791078.16,2996901658.03,39.18,0.00911857384493417
229,229,2017-11-02,0.0274,48793374.48,1322827.52,2948108283.55,34.59,0.008849024681629736
230,230,2017-11-03,0.02708,23125253.01,636521.29,2924983030.54,34.61,0.008508975173647376
231,231,2017-11-06,0.0302,79313653.09,2437424.73,3010721269.35,24.43,0.008064728626314232
232,232,2017-11-07,0.0336,75626600.13,2421682.2,3086347869.48,33.88,0.007558709226608342
233,233,2017-11-08,0.03902,65859315.31,2440255.21,3152207184.79,43.14,0.007561251105198289
234,234,2017-11-09,0.03282,93373549.61,3203741.54,3058833635.18,75.67,0.0074269145834515524
235,235,2017-11-10,0.0326,53294483.18,1773822.96,3005539152.0,75.18,0.007103997385315889
236,236,2017-11-11,0.02854,69451911.56,2111428.19,2936087240.44,85.5,0.006794207167468699
237,237,2017-11-13,0.0359,54580706.63,1816496.53,3027146177.88,95.05,0.006558646911547008
238,238,2017-11-14,0.0372,61503445.58,2182395.65,3088649623.46,85.03,0.0061900249846301185
239,239,2017-11-15,0.03689,47527199.14,1714516.09,3041122424.32,66.85,0.00570785685569091
240,240,2017-11-16,0.03578,23568030.28,853531.94,3017554394.04,67.96,0.005035712416354823
241,241,2017-11-17,0.03637,14970953.82,530930.12,3032525347.86,48.78,0.0043403591805393485
242,242,2017-11-18,0.0365,40413356.92,1535333.22,3072938704.78,49.57,0.004352193858195036
243,243,2017-11-19,0.03862,29393465.24,1129242.35,3102332170.02,20.52,0.0037670510586082008
244,244,2017-11-20,0.03787,29188643.01,1103020.65,3073143527.01,20.43,0.0038517246323794235
245,245,2017-11-21,0.0423,35419896.18,1412494.63,3108563423.19,34.76,0.003997126856061553
246,246,2017-11-23,0.04043,28739649.25,1152562.07,3091975895.23,37.45,0.00415532678494188
247,247,2017-11-24,0.04328,29008250.45,1222443.82,3120984145.68,39.33,0.004474816685386826
248,248,2017-11-25,0.0486,70208118.22,3244399.85,3191192263.9,45.75,0.005193410900517061
249,249,2017-11-26,0.0605,110066813.18,5767163.96,3301259077.08,61.76,0.007014296533656758
250,250,2017-11-27,0.07989,129481659.84,8544997.88,3430740736.92,82.4,0.010727172121493073
251,251,2017-11-28,0.06607,294773339.53,23184362.61,3135967397.39,109.9,0.011961539208224221
252,252,2017-11-29,0.07262,107313515.79,7520146.35,3243280913.18,106.77,0.013500989831741297
253,253,2017-11-30,0.08748,105747855.5,8391711.97,3349028768.68,108.65,0.016015228729692504
254,254,2017-12-01,0.09321,104946748.3,9864990.56,3453975516.98,109.62,0.018475522470953642
255,255,2017-12-02,0.08946,82197674.65,7536928.04,3371777842.33,109.18,0.020170657671963514
256,256,2017-12-03,0.09701,43936716.76,4053176.27,3415714559.09,86.28,0.022039845066939852
257,257,2017-12-04,0.1225,110446099.35,12055333.24,3526160658.44,63.75,0.025610163086816407
258,258,2017-12-05,0.1398,182299100.51,25107819.88,3708459758.95,64.12,0.029959096643993426
259,259,2017-12-06,0.126,133561102.32,18511815.38,3574898656.63,79.52,0.03222685844226011
260,260,2017-12-07,0.1335,85171282.89,10811012.73,3660069939.52,79.52,0.034526042584572654
261,261,2017-12-08,0.1319,61318843.71,8156922.76,3598751095.81,76.65,0.036327946438159606
262,262,2017-12-09,0.114,52068615.49,6022035.54,3546682480.32,94.66,0.0369272749771951
263,263,2017-12-10,0.1404,72013104.04,9770335.96,3618695584.36,90.05,0.038846362074675435
264,264,2017-12-11,0.147,63541608.97,8981382.9,3682237193.33,83.71,0.04057216371486425
265,265,2017-12-12,0.1449,55976110.35,8203919.28,3626261082.98,76.42,0.041745493329619826
266,266,2017-12-13,0.1858,134620606.23,23706647.78,3760881689.21,98.09,0.0450443092148573
267,267,2017-12-14,0.195,84891927.65,15478016.88,3845773616.86,95.82,0.048493720574651865
268,268,2017-12-15,0.2298,70643772.49,14464874.94,3916417389.35,69.08,0.053889924821263015
269,269,2017-12-16,0.263,100263011.03,26526259.64,4016680400.38,63.22,0.06083050936824382
270,270,2017-12-17,0.2736,61106875.04,16145260.92,4077787275.42,63.76,0.06699865554406778
271,271,2017-12-18,0.2565,78568892.03,21561493.25,3999218383.39,72.63,0.07055101125402469
272,272,2017-12-19,0.2494,65350345.04,15185238.95,3933868038.35,58.65,0.07275221426815504
273,273,2017-12-20,0.247,56278454.87,14246499.08,3877589583.48,60.75,0.07415329680551255
274,274,2017-12-21,0.204,95125841.19,19859441.89,3782463742.29,71.63,0.07307985023875967
275,275,2017-12-22,0.2222,40766997.04,9326621.91,3823230739.33,63.06,0.07237643933414835
276,276,2017-12-23,0.2116,33734394.81,6813029.17,3789496344.52,59.19,0.07069882162278644
277,277,2017-12-24,0.222,16004772.31,3476849.51,3805501116.83,63.21,0.06897456769683677
278,278,2017-12-25,0.2221,17249218.44,3720206.64,3822750335.27,63.52,0.0669766954700809
279,279,2017-12-27,0.2174,25744822.88,5312919.04,3822234143.77,34.46,0.0649586040455014
280,280,2017-12-28,0.317,72792938.47,19734849.44,3895027082.24,105.57,0.06843062602070951
281,281,2017-12-29,0.309,111504571.73,35282622.91,3783522510.51,103.66,0.06957315083264239
282,282,2017-12-30,0.354,34074086.26,11174996.49,3817596596.77,105.24,0.07316866794110619
283,283,2017-12-31,0.484,88950035.27,39488868.22,3906546632.04,118.08,0.08802622641844453
284,284,2018-01-01,0.556,62527209.64,33302719.3,3969073841.68,112.86,0.10642922581772789
285,285,2018-01-02,0.8848,97777257.39,74226922.48,4066851099.07,120.09,0.15887642179075684
286,286,2018-01-03,0.695,54038376.52,42369529.87,4012812722.55,163.51,0.17603364607859526
287,287,2018-01-04,0.64,47963433.4,31464609.13,3964849289.15,168.87,0.18646826179050527
288,288,2018-01-05,0.6871,26798897.09,18465487.74,3991648186.24,169.28,0.1982834758158359
289,289,2018-01-06,0.705,11372294.13,8068742.32,4003020480.37,156.63,0.2084654661441857
290,290,2018-01-07,0.614,18644272.29,11831875.16,3984376208.08,162.57,0.21195786625875793
291,291,2018-01-08,0.5614,12511163.68,7472842.55,3971865044.4,74.24,0.21210047770733131
292,292,2018-01-09,0.5589999999999999,27067756.04,14151751.8,3944797288.36,52.52,0.21045300892483632
293,293,2018-01-10,0.5567,44571960.83,22895295.07,3900225327.53,50.74,0.20874157539611163
294,294,2018-01-11,0.672,24780540.48,16004425.91,3925005868.01,74.09,0.21049246965535176
295,295,2018-01-12,0.6579999999999999,10816416.63,7283422.81,3914189451.38,73.54,0.21006517280974063
296,296,2018-01-13,0.6196,9866437.89,6012312.59,3904323013.49,64.27,0.20866408345505444
297,297,2018-01-14,0.5979,8282363.19,5229604.05,3896040650.3,59.06,0.20599677123348478
298,298,2018-01-15,0.4301,48457631.0,21376502.11,3847583019.3,109.45,0.20205771407222228
299,299,2018-01-18,0.5,11664302.12,5765072.04,3944300101.49,98.32,0.199120346097241
300,300,2018-01-19,0.526,13718282.12,7087553.4,3958018383.61,101.39,0.19639372944551264
301,301,2018-01-20,0.4513,12081820.85,5650604.86,3945936562.76,107.01,0.19240948921565657
302,302,2018-01-21,0.478,23214718.49,10784567.4,3969151281.25,57.38,0.18774129105717813
303,303,2018-01-22,0.4838,15763268.75,7578553.68,3984914550.0,52.34,0.18250919170680485
304,304,2018-01-23,0.5687,27771001.88,15182066.41,4012685551.88,67.47,0.1749311010839318
305,305,2018-01-24,0.608,23315954.51,14160008.15,4036001506.39,68.32,0.16783206114186414
306,306,2018-01-25,0.6271,21454711.34,12969906.05,4057456217.73,68.07,0.1590159877742363
307,307,2018-01-26,0.6185,7703229.1,4809939.38,4049752988.63,40.26,0.1489660288744406
308,308,2018-01-27,0.624,8025612.6,5010137.68,4057778601.23,41.83,0.13697554962620984
309,309,2018-01-28,0.5794,7941137.97,4709422.26,4049837463.26,52.66,0.1214119256010747
310,310,2018-01-29,0.4819,19256888.97,9763722.08,4030580574.29,59.38,0.11323011768837882
311,311,2018-01-30,0.5309,12795061.93,6409320.22,4043375636.22,63.9,0.10223856122960079
312,312,2018-01-31,0.4556,16459799.1,7638937.31,4026915837.12,69.44,0.09604381519276287
313,313,2018-02-01,0.415,43481475.29,16574379.41,3983434361.83,68.81,0.09923948718172587
314,314,2018-02-02,0.4444,21934368.63,9318186.51,4005368730.46,75.97,0.10219806980204835
315,315,2018-02-03,0.384,17271997.53,6968148.15,3988096732.93,79.79,0.09017386042223241
316,316,2018-02-04,0.32299999999999995,32044938.46,10710208.92,3956051794.47,78.42,0.09621368961309767
317,317,2018-02-05,0.3611,53996971.27,17100253.53,4010048765.74,81.13,0.10027438591816133
318,318,2018-02-06,0.3356,24994440.92,9002615.44,3985054324.82,76.24,0.10268408980387646
319,319,2018-02-07,0.353,14013377.93,4971783.65,3999067702.75,79.07,0.10159076910731646
320,320,2018-02-08,0.392,14589284.64,5412459.92,4013656987.39,83.37,0.10213436833604198
321,321,2018-02-10,0.3623,11753881.29,4279022.8,3985524880.42,54.31,0.1048780884493115
322,322,2018-02-11,0.3845,5289365.56,2028752.12,3990814245.98,48.06,0.10631624393354917
323,323,2018-02-13,0.4481,13019702.18,5550271.33,4018466397.17,46.69,0.10595882935008946
324,324,2018-02-14,0.4406,9477886.0,4196485.36,4008988511.17,43.32,0.10057341025626365
325,325,2018-02-15,0.447,3332264.72,1473788.29,4012320775.89,42.35,0.09512521234135835
326,326,2018-02-16,0.4784,8036995.0,3748208.8,4020357770.89,30.93,0.09117142600365666
327,327,2018-02-17,0.4347,8728474.37,3910138.45,4011629296.52,48.45,0.08815798644883319
328,328,2018-02-19,0.3897,10352865.85,4339778.36,4006581039.3,49.17,0.08902276888139549
329,329,2018-02-20,0.3745,19922261.05,7652339.48,3986658778.25,49.3,0.09022405246761074
330,330,2018-02-21,0.3471,14145353.97,5078725.15,3972513424.28,48.68,0.09161533124723309
331,331,2018-02-22,0.3666,9576708.87,3455688.25,3982090133.15,46.14,0.09299841581891383
332,332,2018-02-23,0.3423,8200868.16,2825920.89,3973889264.99,44.04,0.09493249483034068
333,333,2018-02-24,0.3491,7737192.83,2636197.49,3981626457.82,44.13,0.09629425264237758
334,334,2018-02-25,0.3546,7456754.98,2655928.92,3989083212.8,35.12,0.09451585526540901
335,335,2018-02-26,0.3564,9501826.17,3430332.94,3998585038.97,34.52,0.08968399593258992
336,336,2018-02-27,0.3299,7847626.6,2707332.48,3990737412.37,34.74,0.08294724095236214
337,337,2018-03-01,0.3186,6168489.38,1999850.42,3993125249.46,29.26,0.07554250847176659
338,338,2018-03-02,0.3477,8513778.35,2783708.32,4001639027.81,39.51,0.06413112106968975
339,339,2018-03-03,0.3624,12790316.22,4518008.87,4014429344.03,41.01,0.0544215305601173
340,340,2018-03-04,0.3492,17041733.08,6424083.14,3997387610.95,42.43,0.05206718261772152
341,341,2018-03-05,0.3337,10742444.49,3724613.9,3986645166.46,38.27,0.04512030776062848
342,342,2018-03-06,0.3252,19700955.43,6311946.13,3966944211.03,38.1,0.04378473740797239
343,343,2018-03-07,0.3091,13221913.8,4134648.44,3953722297.23,37.15,0.04470976082069462
344,344,2018-03-08,0.3076,21132803.44,6012070.24,3932589493.79,22.68,0.04398788495698047
345,345,2018-03-09,0.2895,7213736.23,2185549.28,3925375757.56,13.11,0.04605845673469373
346,346,2018-03-10,0.3034,6706177.86,1967852.99,3932081935.42,26.22,0.04679011205593487
347,347,2018-03-11,0.2883,6577933.32,1925606.04,3925504002.1,26.67,0.04874595285293207
348,348,2018-03-12,0.2878,4857082.81,1391054.44,3920646919.29,27.34,0.05034961459291639
349,349,2018-03-13,0.2447,13992392.9,3655899.06,3906654526.39,47.29,0.05451313666416165
350,350,2018-03-14,0.2392,19686709.61,4532244.88,3886967816.78,46.41,0.05801128269173403
351,351,2018-03-15,0.2296,8083743.53,1902690.52,3878884073.25,46.02,0.06199548973212881
352,352,2018-03-16,0.2077,14195331.61,2997988.74,3864688741.64,38.7,0.06645106755583689
353,353,2018-03-17,0.2191,45816251.73,8407237.09,3910504993.37,50.09,0.06676799090279309
354,354,2018-03-18,0.2473,26807382.61,6150453.48,3937312375.98,67.38,0.06528245121609381
355,355,2018-03-19,0.2662,20943941.17,5376438.51,3958256317.15,54.36,0.06199065409722954
356,356,2018-03-20,0.2511,20384896.44,5255257.85,3937871420.71,57.23,0.055513529571783744
357,357,2018-03-21,0.2419,16855050.09,4017095.72,3921016370.62,56.96,0.051911251078218264
358,358,2018-03-22,0.2368,12420228.7,2862242.36,3908596141.92,46.92,0.050904621654101284
359,359,2018-03-23,0.2323,9116940.3,2184241.86,3899479201.62,46.74,0.050432035066211765
360,360,2018-03-24,0.239,8103343.21,1916030.24,3907582544.83,31.84,0.050527661821971104
361,361,2018-03-25,0.2277,13277989.44,3004360.93,3894304555.39,20.24,0.04986722186057721
362,362,2018-03-26,0.2151,18688779.14,4038385.74,3875615776.25,20.04,0.05048728029181652
363,363,2018-03-27,0.2179,6468895.3,1416897.83,3882084671.55,21.99,0.050306543072071115
364,364,2018-03-28,0.1892,29073419.7,5761784.15,3853011251.85,40.08,0.050830249840529536
365,365,2018-03-29,0.1861,22103666.62,4093182.16,3830907585.23,40.19,0.050795386363942034
366,366,2018-03-30,0.204,15988653.87,3281840.1,3846896239.1,51.25,0.05071512549548773
367,367,2018-03-31,0.2049,14967639.88,2970337.94,3861863878.98,51.25,0.05073586559300379
368,368,2018-04-01,0.2243,25273795.88,5567216.44,3887137674.86,56.5,0.048336381314914044
369,369,2018-04-02,0.2318,16331667.85,3774979.22,3903469342.71,56.93,0.04412150686248346
370,370,2018-04-03,0.201,31068011.34,6668117.63,3872401331.37,57.24,0.04101042830653126
371,371,2018-04-04,0.1953,19498261.17,3819572.32,3852903070.2,57.83,0.03860180881355489
372,372,2018-04-05,0.1919,7709674.26,1485519.07,3845193395.94,51.17,0.03631087611361113
373,373,2018-04-06,0.1995,12012313.94,2425361.41,3857205709.88,52.83,0.034335072380910804
374,374,2018-04-07,0.2051,3736887.34,764664.56,3860942597.22,45.18,0.03176282092484127
375,375,2018-04-08,0.1952,12552444.36,2545125.02,3848390152.86,42.99,0.030367334234434107
376,376,2018-04-09,0.198,5461743.79,1084957.18,3853851896.65,22.88,0.02720989086563243
377,377,2018-04-10,0.2135,12020880.77,2460437.18,3865872777.42,28.87,0.024389265586773134
378,378,2018-04-11,0.2454,35534886.63,7988611.04,3901407664.05,41.61,0.02146429165129941
379,379,2018-04-12,0.2456,34894330.66,8778021.43,3936301994.71,43.01,0.021500564280220732
380,380,2018-04-13,0.2529,9873323.64,2487561.18,3946175318.35,42.99,0.02205941402500357
381,381,2018-04-14,0.2954,22222913.34,6319747.09,3968398231.69,43.38,0.02592631379750164
382,382,2018-04-15,0.2856,19127745.16,5419311.02,3949270486.53,50.06,0.02817502542095306
383,383,2018-04-16,0.3008,29004975.45,8758014.47,3978275461.98,49.87,0.03132691839444219
384,384,2018-04-17,0.3545,26704234.39,8869154.58,4004979696.37,53.75,0.03881915630911895
385,385,2018-04-18,0.3665,29406798.23,10657916.06,4034386494.6,51.23,0.04562455239900201
386,386,2018-04-19,0.3916,35559023.18,13320159.56,4069945517.78,49.83,0.053815988736417776
387,387,2018-04-20,0.3733,19310436.78,7201935.78,4050635081.0,50.6,0.05909563221699655
388,388,2018-04-21,0.3649,10551366.83,3952648.25,4040083714.17,49.3,0.06305246684082016
389,389,2018-04-22,0.3713,6212888.11,2297624.14,4046296602.28,49.5,0.0668318133515929
390,390,2018-04-23,0.3956,18761133.08,7353801.97,4065057735.36,30.38,0.07164994958729663
391,391,2018-04-24,0.3369,33158849.42,11692942.59,4031898885.94,56.04,0.07281506641177912
392,392,2018-04-25,0.3867,25209769.73,9318747.25,4057108655.67,67.16,0.07570515561180081
393,393,2018-04-26,0.3853,25973386.36,10555350.04,4031135269.31,65.58,0.07805673953097819
394,394,2018-04-27,0.4296,16874284.71,6902284.97,4048009554.02,70.1,0.08141715520036068
395,395,2018-04-28,0.4583,19911436.19,8907221.2,4067920990.21,70.68,0.08553039259509651
396,396,2018-04-29,0.424,11426790.65,4928923.49,4056494199.56,75.79,0.08730164255673271
397,397,2018-04-30,0.4384,21231226.66,8927448.03,4077725426.22,51.61,0.08915137043576384
398,398,2018-05-01,0.4402,7340155.3,3222126.85,4085065581.52,42.13,0.09108272159094646
399,399,2018-05-02,0.4357,13886824.97,6033399.58,4071178756.55,42.51,0.09245277390267381
400,400,2018-05-03,0.4299,7268264.47,3132192.69,4063910492.08,31.82,0.09179891248448102
401,401,2018-05-04,0.4295,6172103.82,2659912.95,4057738388.26,24.25,0.09016567312007089
402,402,2018-05-05,0.4096,7300891.24,3014478.67,4050437497.02,17.37,0.08698048770488345
403,403,2018-05-06,0.3948,9063321.62,3541273.98,4041374175.4,13.44,0.08317583431377874
404,404,2018-05-07,0.3813,7190362.79,2792589.65,4034183812.61,12.02,0.07880931453496681
405,405,2018-05-09,0.3466,7680328.75,2787135.62,4017321169.84,15.31,0.07289236916686608
406,406,2018-05-10,0.311,24518746.02,7825301.91,3992802423.82,20.43,0.0669417795593662
407,407,2018-05-11,0.3575,15966944.03,5293014.64,4008769367.85,56.13,0.06071372442317634
408,408,2018-05-12,0.3702,9928336.34,3611237.82,4018697704.19,57.85,0.056129241769413384
409,409,2018-05-13,0.3638,10284055.5,3696842.63,4008413648.69,57.41,0.05084162483725337
410,410,2018-05-14,0.3421,9021752.4,3221270.64,3999391896.29,59.18,0.045743483802011535
411,411,2018-05-15,0.3317,15996377.19,5224347.82,3983395519.1,56.78,0.043897903492473835
412,412,2018-05-16,0.3076,6539662.84,2129623.86,3976855856.26,52.19,0.04242130997776883
413,413,2018-05-17,0.3165,6338165.94,1959949.65,3983194022.2,29.9,0.0414846418056995
414,414,2018-05-18,0.3128,3900136.11,1234022.74,3979293886.09,24.58,0.0430880168423004
415,415,2018-05-19,0.3284,7599349.12,2453274.85,3986893235.21,32.29,0.04405356835782472
416,416,2018-05-20,0.3127,5238328.38,1670275.49,3981654906.83,30.94,0.045593571335512874
417,417,2018-05-21,0.2935,7309595.17,2223699.91,3974345311.66,33.52,0.04803163995515533
418,418,2018-05-22,0.276,13192170.7,3687877.96,3961153140.96,31.69,0.051220033010622515
419,419,2018-05-23,0.2912,17078473.15,4896928.29,3978231614.11,35.4,0.05322968923535078
420,420,2018-05-24,0.2866,6717593.56,1940681.32,3971514020.55,35.39,0.05496640604135869
421,421,2018-05-25,0.2824,4401502.39,1268544.68,3967112518.16,29.1,0.05677345472066682
422,422,2018-05-27,0.2493,7429089.66,1931459.03,3950319146.34,32.99,0.06019014745433656
423,423,2018-05-28,0.2823,13227688.84,3533305.11,3963546835.18,49.81,0.061495807258258615
424,424,2018-05-29,0.2759,12585300.23,3486723.28,3950961534.95,47.35,0.061421499848817
425,425,2018-05-30,0.2964,12561118.52,3689136.72,3963522653.47,51.89,0.058562593392264085
426,426,2018-05-31,0.2879,9238184.93,2645236.02,3954284468.54,52.52,0.05740613287754272
427,427,2018-06-01,0.2987,7261517.12,2158367.15,3961545985.66,51.91,0.05470029618108954
428,428,2018-06-02,0.3039,10839641.47,3299519.54,3972385627.13,38.53,0.05118616416863955
429,429,2018-06-03,0.29100000000000004,8538924.2,2528969.4,3963846702.93,29.32,0.047592814221448496
430,430,2018-06-04,0.2936,4442976.22,1287169.89,3968289679.15,27.89,0.04360906211844786
431,431,2018-06-05,0.298,4565990.42,1338161.92,3972855669.57,20.16,0.03863423248286808
432,432,2018-06-06,0.2917,4582353.61,1369638.54,3968273315.96,19.25,0.034619226602782195
433,433,2018-06-07,0.2869,5187962.69,1516079.56,3963085353.27,15.99,0.031212896133770433
434,434,2018-06-08,0.2809,1550663.7,443560.18,3961534689.57,14.22,0.02844394548023935
435,435,2018-06-09,0.2455,16382761.55,4168370.85,3945151928.02,35.87,0.02938855043297974
436,436,2018-06-10,0.2526,10549373.63,2553460.9,3955701301.65,37.97,0.030690869509748947
437,437,2018-06-11,0.2276,9676141.8,2315218.07,3946025159.85,40.52,0.031488812280723526
438,438,2018-06-12,0.2184,10300869.67,2250825.75,3935724290.18,39.86,0.0313377318384991
439,439,2018-06-13,0.2407,12497279.48,2955797.94,3948221569.66,56.15,0.029461273236059002
440,440,2018-06-14,0.2296,4268476.83,1007060.43,3943953092.83,56.26,0.029333931746770823
441,441,2018-06-15,0.2303,3445353.42,789023.72,3947398446.25,46.04,0.029372050402170728
442,442,2018-06-17,0.2324,5799701.51,1343825.23,3952058361.42,34.34,0.03010249941889277
443,443,2018-06-18,0.2349,3283362.7,772570.83,3955341724.12,31.16,0.03010841884021051
444,444,2018-06-19,0.2309,3869977.72,892330.29,3951471746.4,15.06,0.0302196776875648
445,445,2018-06-20,0.2266,3328444.73,767658.87,3948143301.67,9.287,0.029332745030674425
446,446,2018-06-21,0.2008,12520538.89,2586827.36,3935622762.78,32.95,0.03057772177526622
447,447,2018-06-22,0.2024,4001699.27,799448.28,3939624462.05,33.76,0.03208974197823906
448,448,2018-06-23,0.1931,14648514.5,2755902.05,3924975947.55,32.2,0.034292974549437215
449,449,2018-06-24,0.1983,11219086.97,2189302.2,3936195034.52,34.2,0.03543705184800555
450,450,2018-06-25,0.1828,7063838.39,1344865.26,3929131196.13,36.67,0.03732823589995074
451,451,2018-06-26,0.1911,4598118.47,850151.24,3933729314.6,43.07,0.03848448635041456
452,452,2018-06-27,0.1775,4318186.28,799818.79,3929411128.32,35.49,0.04064670053482678
453,453,2018-06-28,0.1877,10391519.72,1856149.38,3939802648.04,40.78,0.04145563880228862
454,454,2018-06-29,0.1928,11258030.49,2180147.58,3951060678.53,40.2,0.041995995977723764
455,455,2018-06-30,0.1993,7688133.76,1523426.22,3958748812.29,40.62,0.04130180327810226
456,456,2018-07-01,0.2147,10245103.86,2145753.59,3968993916.15,34.37,0.04037947313394248
457,457,2018-07-02,0.205,13965588.86,2953357.53,3955028327.29,38.71,0.03889134584466401
458,458,2018-07-04,0.2012,5448400.33,1117383.02,3953505978.23,32.0,0.03681166747199908
459,459,2018-07-05,0.2073,4582034.17,936060.29,3958088012.4,32.14,0.035049692802039074
460,460,2018-07-06,0.2088,3341064.23,681204.38,3961429076.63,31.41,0.03273814534941783
461,461,2018-07-07,0.2094,6430107.22,1366618.9,3967859183.85,22.99,0.029582678995516812
462,462,2018-07-08,0.2065,4371421.3,916382.77,3963487762.55,19.18,0.026382543863125146
463,463,2018-07-09,0.1908,5318437.02,1047554.1,3958169325.53,26.32,0.023279523092244937
464,464,2018-07-10,0.1894,7302308.23,1371030.94,3950867017.3,24.39,0.019970680808477432
465,465,2018-07-11,0.1839,3462986.75,632759.93,3947404030.55,20.93,0.019455624722259594
466,466,2018-07-12,0.2066,12253816.47,2435910.97,3959657847.02,42.62,0.017618145035242044
467,467,2018-07-13,0.2086,7503676.32,1538024.98,3967161523.34,42.73,0.01720206349557553
468,468,2018-07-14,0.2198,11734387.66,2547924.8,3978895911.0,44.61,0.01723668768351146
469,469,2018-07-15,0.2398,10328544.28,2378123.62,3989224455.28,37.49,0.017176280423754946
470,470,2018-07-16,0.2539,16922902.83,4132829.83,4006147358.11,34.6,0.018788619690789498
471,471,2018-07-17,0.298,52514684.55,15312925.69,4058662042.66,34.93,0.02473847136581618
472,472,2018-07-18,0.306,35233036.18,10691900.53,4093895078.84,35.27,0.030120109943168737
473,473,2018-07-19,0.27,21120198.51,5976950.06,4072774880.33,62.19,0.03167150719205133
474,474,2018-07-20,0.2935,15102001.81,4243164.58,4087876882.14,63.15,0.03477236715038892
475,475,2018-07-21,0.2843,11475528.87,3388730.95,4076401353.27,64.88,0.03693486982778564
476,476,2018-07-22,0.2861,12721085.11,3702839.47,4089122438.38,64.36,0.038843432261904016
477,477,2018-07-23,0.301,17492026.97,5188908.53,4106614465.35,48.39,0.041367236188620655
478,478,2018-07-24,0.3327,22746117.47,7365236.47,4129360582.82,55.25,0.04546942840569145
479,479,2018-07-25,0.309,32183839.07,10271952.5,4097176743.75,44.76,0.047407565839754376
480,480,2018-07-26,0.3168,14116380.71,4377305.76,4111293124.46,40.39,0.04890914929803568
481,481,2018-07-27,0.3157,5731669.28,1820370.93,4105561455.18,38.33,0.05020444054637783
482,482,2018-07-28,0.3074,4775070.69,1481713.52,4100786384.49,40.15,0.050181981471120594
483,483,2018-07-29,0.2953,21955300.01,6343026.4,4078831084.48,39.97,0.04979900105169985
484,484,2018-07-30,0.2775,22005852.64,6055348.83,4056825231.84,24.3,0.04892836201218552
485,485,2018-07-31,0.2764,15474915.59,4212694.6,4041350316.25,20.35,0.04812233500607445
486,486,2018-08-01,0.2604,11238642.0,3012279.2,4030111674.25,17.1,0.047560445388130236
487,487,2018-08-02,0.2573,18746513.87,4760996.14,4011365160.38,15.96,0.046599280247019995
488,488,2018-08-03,0.2396,17004386.47,4114563.96,3994360773.91,18.47,0.04552549822358703
489,489,2018-08-04,0.2425,10215499.78,2462792.23,4004576273.69,23.47,0.04460760978325101
490,490,2018-08-05,0.2334,10137313.97,2404052.56,3994438959.72,21.68,0.04386208584543971
491,491,2018-08-06,0.228,13673304.21,3241621.49,3980765655.51,20.33,0.04324362367454682
492,492,2018-08-07,0.1974,24854334.72,5228355.13,3955911320.79,36.54,0.043668970150703895
493,493,2018-08-08,0.2209,18004814.81,3848017.34,3973916135.6,56.53,0.04233284315038953
494,494,2018-08-09,0.2225,28416512.73,6421196.99,4002332648.33,54.93,0.04078641043119814
495,495,2018-08-10,0.2165,23255472.18,4918433.1,3979077176.15,54.43,0.039006988616395656
496,496,2018-08-11,0.2242,12337753.57,2753221.24,3991414929.72,55.72,0.03824034774165082
497,497,2018-08-12,0.2208,15485796.16,3574046.16,3975929133.56,55.55,0.0376864225985426
498,498,2018-08-13,0.2175,28423375.96,5926132.96,3947505757.6,34.33,0.037783528005015984
499,499,2018-08-14,0.2155,19585931.54,4406731.98,3927919826.06,14.63,0.03859011382540289
500,500,2018-08-15,0.2146,11571543.22,2483454.13,3916348282.84,14.18,0.03959878031327392
501,501,2018-08-16,0.2387,15941811.25,3632416.4,3932290094.09,31.65,0.03925414173916226
502,502,2018-08-17,0.222,14652920.81,3366101.79,3917637173.28,38.59,0.03890702519077348
503,503,2018-08-18,0.2288,8275249.81,1886160.78,3925912423.09,39.13,0.039191894687492235
504,504,2018-08-19,0.2131,11760977.7,2603724.42,3914151445.39,44.3,0.03932630499256059
505,505,2018-08-20,0.2195,6286388.71,1362945.15,3920437834.1,45.08,0.03937646315471708
506,506,2018-08-21,0.2082,12574344.28,2738506.38,3907863489.82,47.6,0.039597892083687275
507,507,2018-08-22,0.2163,8057361.29,1708645.79,3915920851.11,35.78,0.038781448491856454
508,508,2018-08-23,0.218,4770542.22,1027276.55,3920691393.33,31.05,0.035481705825339625
509,509,2018-08-24,0.2175,4928400.2,1070780.43,3915762993.13,29.21,0.03343854218485539
510,510,2018-08-25,0.2131,4363031.99,926806.22,3911399961.14,22.08,0.03038289824469027
511,511,2018-08-26,0.2271,10073180.78,2220735.07,3921473141.92,27.32,0.026410342801573557
512,512,2018-08-27,0.2354,15330093.98,3526041.15,3936803235.9,20.35,0.02238016363072457
513,513,2018-08-28,0.2262,18420762.73,4207282.22,3918382473.17,24.8,0.018753748744027108
514,514,2018-08-29,0.2221,12555736.56,2747920.41,3905826736.61,25.74,0.016310050846663985
515,515,2018-08-30,0.2216,8091346.03,1774235.27,3897735390.58,25.74,0.013317001923479618
516,516,2018-08-31,0.2285,11925222.28,2721655.7,3909660612.86,25.35,0.011513218789575152
517,517,2018-09-01,0.2236,7163627.87,1616888.06,3902496984.99,19.97,0.00959135686109406
518,518,2018-09-02,0.2195,8028681.58,1779240.92,3894468303.41,15.78,0.009037101050800155
519,519,2018-09-03,0.2313,9343031.34,2113916.04,3903811334.75,20.32,0.008356782639989409
520,520,2018-09-04,0.2037,19589869.13,4253218.55,3884221465.62,41.06,0.008639783016649598
521,521,2018-09-05,0.2079,18806768.31,3712493.17,3903028233.93,42.08,0.008808081451181567
522,522,2018-09-06,0.2065,9121519.47,1877733.37,3893906714.46,40.05,0.008144110769750074
523,523,2018-09-07,0.1943,8773401.79,1758837.72,3885133312.67,41.81,0.009398303221770926
524,524,2018-09-08,0.1912,11627216.76,2258650.19,3873506095.91,41.84,0.010665507839354771
525,525,2018-09-09,0.1906,8698132.29,1656039.59,3864807963.62,35.3,0.011789114889809625
526,526,2018-09-10,0.1995,15659318.93,3041698.32,3880467282.55,23.67,0.012143691423096343
527,527,2018-09-11,0.1969,13736636.12,2707497.2,3866730646.43,22.42,0.012621019231300408
528,528,2018-09-13,0.2013,8888641.72,1801990.07,3871389108.18,20.61,0.012881825832609375
529,529,2018-09-14,0.2029,7471301.5,1519001.31,3878860409.68,19.36,0.013071777530854969
530,530,2018-09-15,0.2067,8581313.51,1751703.2,3887441723.19,18.97,0.013152422092398973
531,531,2018-09-16,0.196,10966363.3,2213165.73,3876475359.89,22.69,0.012735903182936414
532,532,2018-09-17,0.2082,15214495.66,3127806.51,3891689855.55,27.86,0.0126476679964015
533,533,2018-09-18,0.2057,10708837.26,2203577.56,3880981018.29,25.63,0.0123210986224622
534,534,2018-09-19,0.2314,27934254.22,6226637.73,3908915272.51,39.16,0.012832788912174941
535,535,2018-09-20,0.2492,49466663.0,12333361.16,3958381935.51,40.93,0.014446971603274496
536,536,2018-09-21,0.2398,19036100.86,4546217.63,3939345834.65,45.45,0.015191581153096186
537,537,2018-09-22,0.2813,53008072.81,14822614.23,3992353907.46,49.63,0.019497043689845686
538,538,2018-09-23,0.2581,28279601.73,7494222.77,3964074305.73,63.34,0.020921256033590862
539,539,2018-09-24,0.2533,30515268.56,7410770.54,3933559037.17,63.81,0.02189576377440261
540,540,2018-09-25,0.2443,21120414.03,5266160.68,3912438623.14,59.71,0.02233762070701911
541,541,2018-09-26,0.2597,22706239.8,5843750.42,3935144862.94,58.57,0.023453147473992825
542,542,2018-09-27,0.2539,14972141.73,3815680.89,3920172721.21,57.66,0.02407376021801657
543,543,2018-09-28,0.255,11159956.53,2829565.03,3931332677.74,31.93,0.02481640169532084
544,544,2018-09-29,0.2592,11492802.4,2970800.07,3942825480.14,23.2,0.02568935756211311
545,545,2018-09-30,0.2583,15084620.95,3900832.83,3957910101.09,22.43,0.026432406964389563
546,546,2018-10-01,0.2469,9681582.5,2452947.91,3948228518.59,23.88,0.026722068025141796
547,547,2018-10-03,0.2436,6548958.31,1602998.02,3945537160.11,15.46,0.02691220207804874
548,548,2018-10-04,0.2465,6416527.2,1566877.72,3951953687.31,16.05,0.027119322542653788
549,549,2018-10-05,0.2405,4536501.99,1099997.08,3947417185.32,14.92,0.027216320323550338
550,550,2018-10-06,0.2438,5376408.57,1294418.15,3952793593.89,16.45,0.026978268180575735
551,551,2018-10-07,0.2485,8390213.22,2060926.24,3961183807.11,13.15,0.026897192307433603
552,552,2018-10-08,0.2465,6249900.94,1534864.82,3954933906.17,11.0,0.02666008446063803
553,553,2018-10-09,0.2419,4206215.78,1022641.37,3950727690.39,12.19,0.025754232103956148
554,554,2018-10-10,0.2047,23748606.54,5130938.05,3926979083.85,45.39,0.02510191548307854
555,555,2018-10-11,0.2164,5655137.75,1217579.88,3932634221.6,51.13,0.023987832164539195
556,556,2018-10-12,0.217,3378224.81,734696.85,3936012446.41,50.64,0.02330626303275157
557,557,2018-10-13,0.2096,4038770.1,864812.11,3931973676.31,49.13,0.02269292664114323
558,558,2018-10-14,0.2261,18629294.49,4217111.76,3950602970.8,56.73,0.021833002542025193
559,559,2018-10-15,0.2331,6718440.62,1532091.06,3957321411.42,57.94,0.020906952041802738
560,560,2018-10-16,0.2437,11520438.99,2770888.93,3968841850.41,26.17,0.020102832190242368
561,561,2018-10-17,0.2418,10622739.1,2559669.52,3958219111.31,26.15,0.018413194919038808
562,562,2018-10-18,0.2463,10640106.7,2605318.37,3968859218.01,25.67,0.017411915922494976
563,563,2018-10-19,0.2499,7093987.05,1769658.66,3975953205.06,18.89,0.01609521989437722
564,564,2018-10-20,0.2452,4297794.53,1065899.2,3971655410.53,15.55,0.01594849792949095
565,565,2018-10-21,0.2459,5688768.14,1391469.99,3977344178.67,14.69,0.015918967216545794
566,566,2018-10-22,0.2444,5780543.93,1417945.02,3971563634.74,9.399,0.015905642749177048
567,567,2018-10-23,0.2404,4481380.4,1087002.18,3967082254.34,10.31,0.014218486024456556
568,568,2018-10-24,0.2392,4229445.0,1009995.96,3962852809.34,8.187999999999999,0.013902602088374185
569,569,2018-10-25,0.2349,4476339.54,1055459.81,3958376469.8,5.85,0.013770231093481907
570,570,2018-10-26,0.2313,3262709.12,763187.85,3955113760.68,5.459,0.013863992889880406
571,571,2018-10-27,0.2349,4700271.98,1095636.04,3959814032.66,8.295,0.013409973985766346
572,572,2018-10-28,0.2224,7830674.03,1767372.44,3951983358.63,15.06,0.013488449294410955
573,573,2018-10-29,0.2243,3304622.81,742349.55,3955287981.44,16.39,0.013365058234413885
574,574,2018-10-30,0.2275,3665751.16,817072.48,3958953732.6,17.81,0.012839032172500993
575,575,2018-10-31,0.2256,1456275.32,329208.91,3957497457.28,17.54,0.012302787274139233
576,576,2018-11-01,0.2366,3909573.34,906880.11,3961407030.62,22.36,0.012113830321477585
577,577,2018-11-02,0.2373,3514425.24,835540.95,3964921455.86,22.04,0.01201530441686616
578,578,2018-11-03,0.244,5627581.86,1363033.3,3970549037.72,13.06,0.01194032143043676
579,579,2018-11-04,0.2473,4655825.5,1139134.19,3975204863.22,12.9,0.012115708906165128
580,580,2018-11-05,0.2664,19473974.32,4987327.64,3994678837.54,20.17,0.013323123533531236
581,581,2018-11-06,0.2561,6394543.48,1655575.28,3988284294.06,25.77,0.013641965763229881
582,582,2018-11-07,0.2556,9608777.73,2466146.06,3978675516.33,24.78,0.013979934717756106
583,583,2018-11-08,0.2564,5761436.48,1493709.67,3984436952.81,24.77,0.014422906828354308
584,584,2018-11-09,0.2629,2132488.01,554276.51,3986569440.82,24.63,0.013858042604482989
585,585,2018-11-10,0.2753,12867712.83,3485820.05,3999437153.65,26.26,0.014727472178948067
586,586,2018-11-11,0.268,8977087.67,2473000.4,3990460065.98,20.92,0.014838898865492363
587,587,2018-11-12,0.257,5684388.49,1492106.33,3984775677.49,21.34,0.013704716865659695
588,588,2018-11-13,0.2317,26132662.36,6066605.9,3958643015.13,35.34,0.013489035138422558
589,589,2018-11-14,0.2416,12410806.37,2842886.63,3971053821.5,38.58,0.01333668736550193
590,590,2018-11-15,0.2381,10020651.89,2417433.92,3961033169.61,36.9,0.013386835616237812
591,591,2018-11-16,0.2455,5569791.56,1339615.39,3966602961.17,34.8,0.013380273694435863
592,592,2018-11-17,0.25,4938440.86,1234009.55,3971541402.03,36.01,0.013415397312698293
593,593,2018-11-18,0.222,19669165.57,4488998.03,3951872236.46,46.15,0.013984793054660848
594,594,2018-11-19,0.1917,33028345.39,6630879.19,3918843891.07,53.46,0.01688356372742472
595,595,2018-11-20,0.2026,13650441.35,2694900.97,3932494332.42,55.16,0.01831222190954577
596,596,2018-11-21,0.1844,7460912.08,1448538.53,3925033420.34,57.42,0.02094392074307086
597,597,2018-11-22,0.1808,10302509.79,1852576.89,3914730910.55,53.3,0.023424249150739956
598,598,2018-11-23,0.1546,17986347.66,2881154.54,3896744562.89,54.33,0.027763540964664987
599,599,2018-11-24,0.16,37213195.21,5380302.52,3933957758.1,60.16,0.030836548884830083
600,600,2018-11-25,0.1439,14037683.38,2077287.7,3919920074.72,55.57,0.03470002235913136
601,601,2018-11-26,0.145,9696392.6,1378372.57,3929616467.32,48.97,0.03783704382027683
602,602,2018-11-27,0.1605,13915178.72,2190502.45,3943531646.04,62.18,0.03963730696513517
603,603,2018-11-28,0.1635,13435278.59,2194766.03,3956966924.63,63.2,0.04110065427227737
604,604,2018-11-29,0.1576,10648287.33,1706464.6,3946318637.3,46.08,0.042674367121206126
605,605,2018-11-30,0.1632,8467150.96,1372318.11,3954785788.26,46.11,0.04383312975784289
606,606,2018-12-01,0.1582,6947230.2,1117191.94,3947838558.06,33.3,0.044926373484656355
607,607,2018-12-02,0.1473,10309510.61,1563515.79,3937529047.45,40.9,0.04630341910366587
608,608,2018-12-03,0.146,8661295.4,1293509.15,3928867752.05,25.63,0.04734317074396294
609,609,2018-12-04,0.1323,12038303.68,1650865.97,3916829448.37,30.85,0.04866951605577686
610,610,2018-12-05,0.1176,16899165.28,2141461.24,3899930283.09,38.05,0.04965683201249666
611,611,2018-12-06,0.1144,37000352.96,4113074.74,3862929930.13,28.66,0.05076314630702649
612,612,2018-12-07,0.1185,13836012.16,1644144.38,3876765942.29,38.26,0.05121945167497528
613,613,2018-12-08,0.1217,7196290.52,877656.6,3883962232.81,42.0,0.051073391974845
614,614,2018-12-09,0.1153,5666680.11,662560.59,3878295552.7,41.61,0.05043527558156666
615,615,2018-12-10,0.1104,8640698.58,971044.67,3869654854.12,37.21,0.04867722968344891
616,616,2018-12-11,0.1126,7041806.97,798211.49,3876696661.09,25.68,0.0466410060813007
617,617,2018-12-12,0.1042,7199176.15,774620.91,3869497484.94,31.89,0.04508469373518542
618,618,2018-12-13,0.09606,13725781.25,1342755.98,3855771703.69,31.18,0.04491485705607757
619,619,2018-12-14,0.09442,6210371.59,587499.56,3849561332.1,25.33,0.04371489968778046
620,620,2018-12-15,0.0957,3522415.79,344266.61,3853083747.89,28.88,0.042090350268763385
621,621,2018-12-16,0.1093,12571669.41,1337647.51,3865655417.3,52.02,0.03867853382498666
622,622,2018-12-17,0.1146,11540259.91,1262766.75,3877195677.21,53.51,0.03367570964701334
623,623,2018-12-18,0.1129,27373991.35,3264049.74,3849821685.86,47.67,0.030388489986806235
624,624,2018-12-19,0.1252,15818789.89,1919360.62,3865640475.75,41.27,0.028687114565062604
625,625,2018-12-20,0.1194,14528952.54,1826538.52,3851111523.21,45.73,0.025850572451920965
626,626,2018-12-21,0.1212,6142033.97,730550.0,3857253557.18,45.66,0.023996800447647154
627,627,2018-12-22,0.1263,9924239.32,1242381.52,3867177796.5,34.69,0.022044705507663298
628,628,2018-12-23,0.1316,21366731.39,2893462.3,3888544527.89,34.37,0.0215073509379439
629,629,2018-12-24,0.1201,8816441.18,1064680.51,3879728086.71,45.94,0.02067547438197248
630,630,2018-12-25,0.1202,7043657.14,837302.37,3886771743.85,34.82,0.02044443890887961
631,631,2018-12-26,0.1092,4937203.39,564469.14,3881834540.46,41.54,0.020332181885620262
632,632,2018-12-27,0.1219,5741413.26,669515.68,3887575953.72,53.6,0.019173575734245323
633,633,2018-12-28,0.1166,4202042.3,504258.6,3883373911.42,52.96,0.017638674188455772
634,634,2018-12-29,0.1168,3021129.09,353487.12,3886395040.51,50.45,0.01630567870899517
635,635,2018-12-30,0.1097,6089398.59,683347.96,3880305641.92,47.41,0.014265741360047945
636,636,2018-12-31,0.1157,4103324.0,459798.23,3884408965.92,50.91,0.012157914389355963
637,637,2019-01-01,0.1195,4191297.24,493604.21,3888600263.16,42.25,0.010767667417284646
638,638,2019-01-02,0.1132,3621760.89,418340.83,3884978502.27,32.04,0.009200499961430774
639,639,2019-01-03,0.1152,4000961.04,455686.3,3888979463.31,30.96,0.008617006013908534
640,640,2019-01-04,0.1132,2606044.66,300228.29,3886373418.65,31.19,0.008602485179552795
641,641,2019-01-05,0.1206,6440795.11,759623.33,3892814213.76,29.39,0.008674110083875124
642,642,2019-01-06,0.1239,7953459.53,976593.62,3900767673.29,27.26,0.008810441663101137
643,643,2019-01-08,0.1243,4152430.74,511783.73,3897135201.87,18.78,0.0088921560164421
644,644,2019-01-09,0.1085,11425833.51,1313121.06,3885709368.36,44.8,0.00896994019637224
645,645,2019-01-10,0.1053,4172926.04,443182.18,3881536442.32,45.1,0.009102559675373505
646,646,2019-01-11,0.1063,2806480.24,296410.92,3884342922.56,39.23,0.009221690672031475
647,647,2019-01-12,0.1024,6160310.78,670532.79,3878182611.78,36.07,0.009295696792098605
648,648,2019-01-13,0.1086,5246927.13,565611.16,3883429538.91,43.57,0.008710291152084451
649,649,2019-01-14,0.1064,3913000.6,417189.34,3879516538.31,42.42,0.007992191591599855
650,650,2019-01-15,0.1069,2030425.21,217120.17,3881546963.52,23.29,0.007283614108587613
651,651,2019-01-16,0.1083,6782718.87,721798.26,3888329682.39,21.7,0.007315186533715077
652,652,2019-01-17,0.1058,1071594.61,115067.21,3887258087.78,22.84,0.007524577354767104
653,653,2019-01-18,0.107,4298932.23,468115.97,3891557020.01,19.59,0.00766189331663265
654,654,2019-01-19,0.1031,5986685.17,629640.73,3885570334.84,13.86,0.007707345354520626
655,655,2019-01-21,0.1031,5199502.92,529442.56,3887882994.29,13.2,0.007903097748544299
656,656,2019-01-22,0.1022,3033517.1,307429.88,3884849477.19,11.68,0.008041164923901922
657,657,2019-01-23,0.1032,1438877.15,145382.08,3886288354.34,11.7,0.00783325947630012
658,658,2019-01-25,0.09849,3658436.62,369056.63,3879555817.49,10.72,0.007335978642535364
659,659,2019-01-27,0.08661,10288752.31,903159.55,3864861736.26,22.93,0.00840373657998653
660,660,2019-01-28,0.08291,5932184.68,493938.51,3858929551.58,22.15,0.0095357886617917
661,661,2019-01-29,0.08515,5897796.37,504949.72,3864827347.95,25.35,0.010468916465139986
662,662,2019-01-30,0.08215,4724161.04,401244.17,3860103186.91,25.32,0.011146316689704373
663,663,2019-01-31,0.0809,5873706.04,474954.41,3854229480.87,24.89,0.011931383849946669
664,664,2019-02-01,0.08262,3481077.89,284749.79,3857710558.76,28.51,0.012437673494431277
665,665,2019-02-02,0.07915,3045397.49,246378.84,3854665161.27,20.99,0.013213068400329247
666,666,2019-02-03,0.0786,2229401.0,177548.58,3852435760.27,18.85,0.013743431016016668
667,667,2019-02-04,0.07671,6153203.5,477769.09,3846282556.77,15.12,0.014093393940377714
668,668,2019-02-05,0.07322000000000001,9485077.61,692454.17,3836797479.16,16.47,0.014745133033003595
669,669,2019-02-06,0.07442,2893811.29,217888.57,3839691290.45,19.09,0.015109760570002842
670,670,2019-02-07,0.0814,9890070.65,788102.49,3849581361.1,33.5,0.015122165359910185
671,671,2019-02-08,0.08055,5834034.44,470832.66,3843747326.66,31.16,0.014724090651625818
672,672,2019-02-09,0.08018,5817616.94,456227.14,3837929709.72,31.1,0.013971477036260904
673,673,2019-02-10,0.07651000000000001,5554761.01,431111.85,3832374948.71,33.35,0.013113237766192467
674,674,2019-02-11,0.07667,6807866.6,520477.75,3839182815.31,29.89,0.013066295344245093
675,675,2019-02-12,0.07574,3329415.29,255149.92,3835853400.02,30.16,0.01310384253551051
676,676,2019-02-13,0.07647999999999999,4543266.25,346833.15,3840396666.27,12.94,0.012995285546567785
677,677,2019-02-14,0.07923999999999999,7244855.03,569751.76,3847641521.3,17.87,0.012890967522967882
678,678,2019-02-15,0.07948999999999999,1972824.54,156492.37,3849614345.84,17.93,0.012432195176098356
679,679,2019-02-16,0.07973,2343360.41,184554.66,3851957706.25,10.38,0.012000344707694842
680,680,2019-02-17,0.08316,11941686.25,977686.43,3863899392.5,13.81,0.011402784878640694
681,681,2019-02-18,0.09013,20816316.66,1837615.93,3884715709.16,19.95,0.010639566736708716
682,682,2019-02-20,0.08806,6571626.59,591623.76,3887841596.61,28.67,0.009941766887763236
683,683,2019-02-21,0.09099,4203122.8,380122.91,3892044719.41,28.48,0.009109143719933037
684,684,2019-02-23,0.08263999999999999,15880714.03,1426549.04,3884606072.11,50.02,0.008395847495784108
685,685,2019-02-24,0.08736000000000001,6672626.47,572721.51,3891278698.58,46.84,0.0075939293964463
686,686,2019-02-25,0.08473,16157335.07,1366370.64,3875121363.51,46.06,0.0067004169453422436
687,687,2019-02-26,0.0845,29024163.78,2442123.63,3846097199.73,44.73,0.005472677894174233
688,688,2019-02-27,0.08442000000000001,27133723.64,2282634.16,3818963476.09,43.02,0.004527604933828863
689,689,2019-02-28,0.08563,24133947.93,2028850.3,3843097424.02,41.44,0.004492721623499139
690,690,2019-03-01,0.08652,25624339.09,2207934.36,3868721763.11,18.61,0.004580713755060122
691,691,2019-03-02,0.08534,30099284.54,2565705.19,3838622478.57,10.83,0.004585964895530535
692,692,2019-03-03,0.08398,28126643.87,2374465.66,3810495834.7,8.08,0.004606008582006895
693,693,2019-03-04,0.08498,29270938.17,2458945.77,3839766772.87,8.802999999999997,0.0046436185974098754
694,694,2019-03-05,0.08394,25364479.37,2138059.42,3814402293.5,9.517999999999999,0.004658165010432517
695,695,2019-03-06,0.08544,26223073.22,2206952.31,3840625366.72,10.03,0.004675570209253542
696,696,2019-03-07,0.08756,29964369.68,2584883.3,3870589736.4,11.9,0.0047350174598281775
697,697,2019-03-08,0.08991,30272343.01,2683549.81,3900862079.41,12.2,0.004808088443738204
698,698,2019-03-09,0.1008,53054787.23,5119467.99,3953916866.64,28.62,0.005506321967452134
699,699,2019-03-10,0.1018,41924658.92,4273189.38,3995841525.56,28.73,0.006149525689591627
700,700,2019-03-11,0.1047,38556254.61,3930752.09,4034397780.17,25.42,0.0071258233321470025
701,701,2019-03-12,0.1133,29089439.74,3092116.48,4063487219.91,26.72,0.008696945830673009
702,702,2019-03-13,0.1068,29506642.96,3230083.02,4033980576.95,39.34,0.009365922854667976
703,703,2019-03-14,0.1043,25547538.7,2693332.77,4008433038.25,42.28,0.00962728930231126
704,704,2019-03-15,0.1074,24504205.96,2620028.26,4032937244.21,31.42,0.00997805132082271
705,705,2019-03-16,0.1095,24016514.42,2588600.61,4056953758.63,31.5,0.010294460071367131
706,706,2019-03-17,0.1157,32470698.04,3593033.33,4089424456.67,33.46,0.010932679814715487
707,707,2019-03-18,0.1127,26458672.24,3008578.8,4062965784.43,27.97,0.011314117358824271
708,708,2019-03-19,0.1102,29364023.55,3271050.69,4033601760.88,22.56,0.01145206489437085
709,709,2019-03-20,0.1065,32855633.41,3540931.63,4000746127.47,23.86,0.01135450586037927
710,710,2019-03-21,0.1078,33466127.1,3607716.27,4034212254.57,22.67,0.011377156690837574
711,711,2019-03-22,0.1067,36242531.84,3876980.75,3997969722.73,21.93,0.011504567009193339
712,712,2019-03-23,0.1039,31613877.78,3321886.44,3966355844.95,10.99,0.011484418950070747
713,713,2019-03-24,0.1007,34969496.16,3575960.67,3931386348.79,11.4,0.011455670206719117
714,714,2019-03-25,0.1023,37384393.37,3760202.92,3968770742.16,14.53,0.011165005721390179
715,715,2019-03-26,0.1063,40830421.27,4280663.05,4009601163.43,17.83,0.011098551966233314
716,716,2019-03-27,0.1048,34550033.25,3613504.91,3975051130.18,17.64,0.010855962586441429
717,717,2019-03-28,0.1065,37415551.72,3952415.44,4012466681.9,18.33,0.01058608355613759
718,718,2019-03-29,0.1062,30365581.05,3220795.62,3982101100.85,16.38,0.010244748472482058
719,719,2019-03-30,0.1065,30317373.28,3223089.8,4012418474.13,12.06,0.009909854963739617
720,720,2019-03-31,0.1097,37970421.27,4128625.11,4050388895.4,13.22,0.009633484258853249
721,721,2019-04-01,0.124,63609874.31,7531807.77,4113998769.71,32.85,0.009926637963803471
722,722,2019-04-02,0.1213,87563489.67,11118817.27,4026435280.04,33.72,0.00977698482656629
723,723,2019-04-03,0.1196,46541171.74,5628705.61,3979894108.3,35.31,0.009442228727021528
724,724,2019-04-04,0.1276,48686011.82,6124204.62,4028580120.12,36.29,0.00935905725800833
725,725,2019-04-05,0.1253,35905565.24,4518542.65,3992674554.88,38.09,0.009013222349775628
726,726,2019-04-06,0.1334,43397264.97,5602602.95,4036071819.85,39.3,0.009250422724112192
727,727,2019-04-07,0.1312,43186446.35,5666773.24,3992885373.5,27.77,0.009249370901257258
728,728,2019-04-08,0.1251,34861001.79,4409168.09,3958024371.71,30.96,0.009365954486774696
729,729,2019-04-09,0.1254,37598955.33,4724646.74,3995623327.04,30.38,0.009465062192025472
730,730,2019-04-10,0.1154,39179858.62,4622221.89,3956443468.42,32.33,0.009348371915543578
731,731,2019-04-11,0.1137,35874376.91,4059463.7,3920569091.51,32.33,0.009348799787744088
732,732,2019-04-12,0.1118,27503173.41,3093721.69,3893065918.1,20.34,0.009274737038131938
733,733,2019-04-13,0.1163,27744383.06,3135468.31,3920810301.16,27.68,0.00912707542135958
734,734,2019-04-14,0.1145,36168454.73,4192824.33,3884641846.43,26.22,0.00904755253627253
735,735,2019-04-15,0.1158,29554632.32,3409385.36,3914196478.75,26.83,0.009012066623568982
736,736,2019-04-16,0.1166,30116912.95,3495981.19,3944313391.7,14.63,0.00901862440768859
737,737,2019-04-17,0.1168,33137569.53,3879447.6,3977450961.23,13.64,0.009025232190476537
738,738,2019-04-18,0.1156,28392731.06,3284342.45,3949058230.17,12.85,0.008992436796569093
739,739,2019-04-19,0.1157,32032295.78,3711395.81,3981090525.95,6.7479999999999976,0.008863450069047422
740,740,2019-04-20,0.1137,30432237.45,3466717.44,3950658288.5,7.106,0.008765779859874659
741,741,2019-04-21,0.1148,25866132.12,2959878.67,3976524420.62,6.8629999999999995,0.008622334670637293
742,742,2019-04-22,0.1123,32556587.28,3712836.46,3943967833.34,8.107999999999999,0.00837039734565798
743,743,2019-04-23,0.1032,49654311.01,5179262.03,3894313522.33,22.01,0.008227864068304546
744,744,2019-04-24,0.1002,45500242.39,4642827.74,3848813279.94,21.84,0.008353883397327986
745,745,2019-04-25,0.09874,40657351.75,4062332.26,3808155928.19,20.68,0.008750080485675963
746,746,2019-04-26,0.09928,31232747.13,3106513.51,3839388675.32,22.39,0.00903391385504035
747,747,2019-04-27,0.09632,21223538.75,2110170.53,3818165136.57,19.83,0.009548778004507716
748,748,2019-04-28,0.09705,31166012.75,3095069.15,3849331149.32,22.22,0.009971946564032622
749,749,2019-04-30,0.1005,36261306.03,3645355.72,3923714288.24,12.62,0.010196868738442473
750,750,2019-05-01,0.0983,31282055.44,3131409.24,3892432232.8,13.53,0.010581786939248305
751,751,2019-05-02,0.1017,39637381.47,4019590.1,3932069614.27,16.52,0.010636968223538384
752,752,2019-05-03,0.09812,33684200.9,3367414.57,3898385413.37,17.56,0.010870606730524039
753,753,2019-05-04,0.09766,29176096.3,2856495.46,3869209317.07,17.59,0.01110957141956862
754,754,2019-05-05,0.0977,33795037.12,3292838.6,3903004354.19,16.61,0.010977684684601832
755,755,2019-05-06,0.09431,35630749.21,3432953.04,3867373604.98,17.51,0.011018251191110294
756,756,2019-05-07,0.09131,36839997.19,3359075.87,3830533607.79,18.29,0.010567694476648268
757,757,2019-05-08,0.08861000000000001,47401528.07,4342791.42,3783132079.72,10.77,0.01024137461589245
758,758,2019-05-09,0.0922,43058968.49,3916495.05,3826191048.21,18.98,0.009981638084534627
759,759,2019-05-10,0.1047,69837240.13,6957286.9,3896028288.34,41.82,0.009269108625574568
760,760,2019-05-11,0.09883,55086222.26,5529571.65,3840942066.08,45.9,0.009126571922552756
761,761,2019-05-12,0.1005,58373849.94,5897767.18,3899315916.02,44.34,0.008987074121449357
762,762,2019-05-13,0.1138,105921201.87,11642641.29,4005237117.89,50.73,0.00905330358831106
763,763,2019-05-14,0.1421,108719493.32,13644947.85,4113956611.21,65.22,0.01121300856302803
764,764,2019-05-15,0.1384,203145921.79,29860209.93,3910810689.42,70.84,0.012664099593172998
765,765,2019-05-16,0.1322,121887772.82,15260357.27,3788922916.6,73.47,0.013439635587050015
766,766,2019-05-17,0.1315,72572419.41,9754189.38,3716350497.19,68.68,0.014090134565327017
767,767,2019-05-18,0.1429,63943486.62,8936212.64,3780293983.81,68.41,0.015463217390602234
768,768,2019-05-19,0.1357,44252058.56,5986515.25,3736041925.25,70.12,0.016231829597091744
769,769,2019-05-20,0.1346,32211073.86,4330527.31,3703830851.39,32.27,0.01687839229760294
770,770,2019-05-21,0.1221,50219062.88,6475677.95,3653611788.51,40.27,0.0170273642542918
771,771,2019-05-22,0.1254,33933563.35,4149777.61,3687545351.86,41.09,0.017253457761060593
772,772,2019-05-23,0.1255,34985052.24,4444020.12,3722530404.1,41.17,0.01748942728569657
773,773,2019-05-24,0.1255,19240886.52,2427384.67,3722530404.1,29.69,0.01765850028453462
774,774,2019-05-25,0.1336,39471960.51,5048199.67,3762002364.61,35.07,0.018012733877015914
775,775,2019-05-26,0.1383,51718964.13,7041287.75,3813721328.74,36.34,0.01845337955840328
776,776,2019-05-27,0.1394,55346177.08,7598577.31,3869067505.82,16.03,0.018852525880343595
777,777,2019-05-28,0.1356,49414224.28,6737540.92,3819653281.54,20.67,0.018901198736541044
778,778,2019-05-29,0.1291,86155602.07,11760766.45,3733497679.47,26.72,0.018701606557088944
779,779,2019-05-30,0.1336,35785583.25,4625488.24,3769283262.72,27.76,0.018670678911987728
780,780,2019-05-31,0.1325,24287503.87,3214302.36,3744995758.85,22.19,0.018462467126953916
781,781,2019-06-01,0.1368,25272175.99,3436296.44,3770267934.84,21.83,0.018424207726382393
782,782,2019-06-02,0.128,34318633.15,4583188.14,3735949301.69,27.41,0.01797950645634786
783,783,2019-06-03,0.1209,54739636.93,6709395.57,3681209664.76,29.71,0.017412466151333243
784,784,2019-06-04,0.1214,24576670.42,3015076.65,3705786335.18,28.47,0.01678960017460363
785,785,2019-06-05,0.1252,27505639.49,3358332.19,3733291974.67,28.01,0.01589411625757335
786,786,2019-06-06,0.1277,29556699.77,3770270.78,3762848674.44,29.23,0.01465272876395204
787,787,2019-06-07,0.1243,12492055.35,1569677.97,3750356619.09,26.75,0.012924677372084636
788,788,2019-06-08,0.1188,18998920.95,2292368.48,3731357698.14,23.7,0.011308100143288343
789,789,2019-06-09,0.1235,21594983.62,2627509.71,3752952681.76,21.99,0.010505018729436443
790,790,2019-06-11,0.1275,25630285.78,3210527.91,3756838529.65,22.69,0.008957000729542737
791,791,2019-06-12,0.1244,19597218.97,2475763.67,3737241310.68,22.99,0.007245007000469044
792,792,2019-06-13,0.1255,23660301.82,2906185.39,3760901612.5,21.92,0.006651488468804458
793,793,2019-06-14,0.1272,27024515.48,3415784.76,3787926127.98,15.87,0.006267164017931079
794,794,2019-06-15,0.1299,46430650.88,6004736.14,3834356778.86,13.79,0.006042306783375994
795,795,2019-06-16,0.1309,34079842.66,4412249.25,3868436621.52,13.22,0.006025330629556026
796,796,2019-06-17,0.1238,30834358.89,3883455.26,3837602262.63,19.4,0.006089546347036643
797,797,2019-06-18,0.1244,19984712.01,2487064.61,3857586974.64,18.39,0.005544313644912859
798,798,2019-06-19,0.1212,32522652.93,3967760.02,3825064321.71,19.31,0.005515228655867327
799,799,2019-06-20,0.1236,35843727.28,4420959.62,3860908048.99,19.91,0.005418321409497131
800,800,2019-06-21,0.1292,76884055.86,9862739.3,3937792104.85,23.24,0.005327720825593774
801,801,2019-06-22,0.1274,40066307.6,5211118.64,3897725797.25,23.28,0.005309697266091033
802,802,2019-06-23,0.1279,25618711.94,3246028.12,3923344509.19,16.38,0.005291534119080844
803,803,2019-06-24,0.1238,42519140.83,5312301.19,3880825368.36,19.32,0.005327141520710007
804,804,2019-06-25,0.1218,103072348.09,12960646.46,3777753020.27,18.37,0.00532332106175271
805,805,2019-06-26,0.1079,89911659.27,9978060.61,3687841361.0,36.24,0.00603344700471328
806,806,2019-06-27,0.1114,37756413.74,4163188.12,3725597774.74,34.35,0.006124508894226948
807,807,2019-06-28,0.1147,50465832.92,5608720.88,3776063607.66,37.36,0.006125489424504598
808,808,2019-06-29,0.1043,32744892.62,3569677.57,3743318715.04,41.67,0.007119380219703533
809,809,2019-06-30,0.1056,40871355.69,4280839.21,3784190070.73,43.52,0.0076320896944094075
810,810,2019-07-02,0.1059,28515312.23,2960596.01,3775200079.81,32.82,0.008031081145641467
811,811,2019-07-03,0.09932,26082679.89,2681005.5,3749117399.92,34.06,0.008572631913892948
812,812,2019-07-04,0.1,22736622.77,2281355.37,3771854022.69,31.76,0.009270385154868232
813,813,2019-07-05,0.1037,20851764.06,2155545.35,3792705786.75,24.7,0.009731950200895224
814,814,2019-07-06,0.1061,16312199.84,1702735.95,3809017986.59,25.35,0.010020541293570558
815,815,2019-07-07,0.1044,19230873.25,2014870.04,3789787113.34,24.68,0.010285500205766329
816,816,2019-07-08,0.1013,24714407.44,2537462.59,3765072705.9,24.39,0.01057044206820612
817,817,2019-07-09,0.09493,51219106.21,4941551.41,3713853599.69,24.55,0.011240883739343599
818,818,2019-07-10,0.08719,40701187.14,3626696.31,3673152412.55,31.38,0.01242223693924618
819,819,2019-07-11,0.09809,53508884.42,5135933.23,3726661296.97,47.99,0.012706268527192276
820,820,2019-07-12,0.09625,28840979.54,2765675.5,3697820317.43,46.87,0.012878824891067191
821,821,2019-07-13,0.08563,28655908.93,2555933.62,3669164408.5,54.13,0.01365881766058528
822,822,2019-07-14,0.08584,38034164.42,3250918.88,3707198572.92,54.99,0.014225708171777046
823,823,2019-07-15,0.07869,39089138.18,3208231.2,3668109434.74,56.58,0.015030167304307037
824,824,2019-07-16,0.08063,37461316.03,3004003.87,3705570750.77,55.19,0.01537495082134178
825,825,2019-07-17,0.08853,42980455.13,3716971.33,3748551205.9,50.35,0.01509761578193417
826,826,2019-07-18,0.09373,39020005.6,3550711.71,3787571211.5,54.12,0.014879737595791033
827,827,2019-07-19,0.0947,30171567.29,2855482.1,3817742778.79,40.18,0.014536410334135297
828,828,2019-07-20,0.09106,19236563.75,1757578.4,3798506215.04,42.94,0.014355975923381177
829,829,2019-07-21,0.08857999999999999,18141459.89,1613603.87,3780364755.15,33.16,0.014053843671895565
830,830,2019-07-22,0.08428,19892719.47,1701139.99,3760472035.68,37.92,0.013429793114694803
831,831,2019-07-23,0.08602,14174734.73,1186173.33,3774646770.41,27.05,0.012670465708269095
832,832,2019-07-24,0.08551,11757050.55,1016773.72,3762889719.86,18.48,0.011669246919926568
833,833,2019-07-25,0.0882,11769134.97,1017484.54,3774658854.83,21.55,0.010688545141478977
834,834,2019-07-26,0.08442999999999999,13973848.44,1190913.01,3760685006.39,22.07,0.00977391937173167
835,835,2019-07-27,0.08398,8946477.31,745879.08,3751738529.08,21.57,0.009679934507475731
836,836,2019-07-28,0.08337,9338542.43,782271.71,3742399986.65,17.15,0.009332284243177334
837,837,2019-07-29,0.08354,10374264.01,866370.57,3752774250.66,15.73,0.0085962461735292
838,838,2019-07-30,0.08397,16537120.83,1386134.37,3769311371.49,15.94,0.008430416066691157
839,839,2019-07-31,0.08302000000000001,10464483.4,866868.42,3758846888.09,11.57,0.008157799096080203
840,840,2019-08-01,0.0821,11175734.93,923343.08,3747671153.16,4.522,0.0078117323273442845
841,841,2019-08-02,0.08238999999999999,11334892.33,933763.54,3759006045.49,5.01,0.0077441178567583145
842,842,2019-08-03,0.08219,8378965.79,686394.62,3750627079.7,4.832,0.007606505873871912
843,843,2019-08-04,0.08231000000000001,22316848.17,1845308.74,3772943927.87,4.788,0.007179172814391843
844,844,2019-08-05,0.07826,26696227.73,2121174.28,3746247700.14,13.16,0.006582209530157989
845,845,2019-08-06,0.07857,16360121.04,1278183.88,3762607821.18,13.83,0.0059454326041615
846,846,2019-08-07,0.07692,17735893.36,1363719.67,3744871927.82,14.21,0.00551406507743721
847,847,2019-08-08,0.07175,23989049.56,1764774.67,3720882878.26,20.15,0.005801882185687956
848,848,2019-08-09,0.07366,19912448.09,1454867.48,3740795326.35,23.85,0.006141007442907435
849,849,2019-08-10,0.07829,20039944.06,1546241.82,3760835270.41,32.08,0.005681303881430274
850,850,2019-08-11,0.07533,11732488.89,895423.37,3749102781.52,30.86,0.005386882492551402
851,851,2019-08-12,0.07422999999999999,10579397.41,785569.13,3738523384.11,30.72,0.005605924780420187
852,852,2019-08-13,0.06905,33754353.84,2373259.79,3704769030.27,35.18,0.006107877982436018
853,853,2019-08-14,0.07016,26433240.81,1808295.43,3731202271.08,31.63,0.006466968448940428
854,854,2019-08-15,0.06876,15239097.03,1046705.24,3715963174.05,30.24,0.0068997042165525255
855,855,2019-08-16,0.06783,8728976.73,595118.8,3707234197.32,19.45,0.0072071440371664726
856,856,2019-08-17,0.07084,10958811.37,768556.52,3718193008.69,25.62,0.0070079718154090415
857,857,2019-08-18,0.07176,8964451.63,638693.82,3727157460.32,26.27,0.0066008132901941765
858,858,2019-08-19,0.06877,9449889.03,659757.67,3717707571.29,20.22,0.006490295505381577
859,859,2019-08-20,0.06691,16454832.78,1101802.4,3701252738.51,20.49,0.006547171013186669
860,860,2019-08-21,0.06831,13834446.52,934609.47,3715087185.03,21.3,0.006657175378720172
861,861,2019-08-22,0.06942000000000001,11192377.44,768964.66,3726279562.47,21.29,0.006601135578034256
862,862,2019-08-23,0.07064,11256419.56,781203.22,3737535982.03,17.98,0.006481318370219229
863,863,2019-08-24,0.06947,11976636.14,841968.47,3725559345.89,17.83,0.006190962090761382
864,864,2019-08-25,0.06957,8512815.56,594854.8,3734072161.45,13.19,0.006059341235393957
865,865,2019-08-26,0.06838,7557831.91,515799.39,3726514329.54,11.39,0.0059463395579112295
866,866,2019-08-27,0.06402999999999999,16476628.46,1078672.91,3710037701.08,20.35,0.006017319648080458
867,867,2019-08-29,0.06204,10153051.1,635435.16,3697971553.15,17.06,0.006123087841333993
868,868,2019-08-31,0.06261,6903759.35,429083.51,3714925936.16,18.8,0.006081042153957593
869,869,2019-09-01,0.06314,10152943.52,637698.36,3725078879.68,20.07,0.005987241118156561
870,870,2019-09-02,0.06315,11365342.43,719046.27,3736444222.11,10.8,0.005875104538081105
871,871,2019-09-03,0.0619,11774230.45,733424.05,3724669991.66,6.768,0.005729568849001639
872,872,2019-09-07,0.06118,8366600.02,512846.9,3711341627.56,17.71,0.005546217350284713
873,873,2019-09-09,0.0598,10339119.59,623329.38,3690697530.31,17.28,0.0053289299458581085
874,874,2019-09-10,0.05911,11702272.0,691015.82,3678995258.31,16.61,0.005347917373139947
875,875,2019-09-14,0.05844,7691529.8,452536.29,3664058008.69,7.095,0.005306067498524434
876,876,2019-09-16,0.06348,30521736.0,1912143.83,3705906147.52,22.03,0.005076118177029871
877,877,2019-09-17,0.083,219047761.35,18015972.56,3924953908.87,71.05,0.005775852069304021
878,878,2019-09-18,0.08092,147509490.44,11980747.46,3777444418.43,72.39,0.0061695849820406524
879,879,2019-09-19,0.07212,81788245.74,6115414.15,3695656172.69,85.94,0.005912828883228875
880,880,2019-09-20,0.06965,33179814.65,2378437.46,3662476358.04,87.35,0.005752551268089727
881,881,2019-09-21,0.06858,42906644.33,2922330.07,3619569713.71,88.03,0.005619716890652156
882,882,2019-09-22,0.06352999999999999,39804770.19,2628424.95,3579764943.52,89.94,0.005655236816290053
883,883,2019-09-23,0.053860000000000005,105892855.18,6143819.21,3473872088.34,38.77,0.006129175752280663
884,884,2019-09-24,0.05739,68204507.56,3792419.62,3542076595.9,52.88,0.00634554401534029
885,885,2019-09-25,0.05845,80543811.44,4687058.12,3622620407.34,52.38,0.006498221905343078
886,886,2019-09-26,0.05895,36336543.98,2109915.31,3658956951.32,53.68,0.00655612623920664
887,887,2019-09-27,0.05853,19787020.8,1159830.76,3639169930.52,53.89,0.0065737191925906244
888,888,2019-09-28,0.05819,15860087.51,915429.3,3623309843.01,51.49,0.006657614644800823
889,889,2019-09-29,0.06191,42705308.52,2573789.99,3666015151.53,21.11,0.006666198359991869
890,890,2019-10-01,0.0598,20019757.99,1180379.11,3653888839.82,23.91,0.006686482882157022
891,891,2019-10-02,0.05876,17838281.77,1048973.19,3636050558.05,24.49,0.006692362570994985
892,892,2019-10-03,0.05877,22682970.03,1340303.94,3658733528.08,24.4,0.006638107064694281
893,893,2019-10-05,0.05847,20727624.37,1213034.31,3654009120.89,15.09,0.0066077718869820236
894,894,2019-10-06,0.06221,40698175.6,2518981.47,3694707296.49,18.8,0.0065010699826709515
895,895,2019-10-08,0.06332,47256643.31,2987778.65,3707218662.88,17.97,0.006422149253523135
896,896,2019-10-09,0.06165,23687581.61,1470632.89,3683531081.27,20.8,0.006421680671266918
897,897,2019-10-10,0.05995,24080046.03,1464424.04,3659451035.24,22.96,0.006441109670945557
898,898,2019-10-12,0.06146,17178770.0,1061442.61,3686291277.35,14.6,0.006445047648811235
899,899,2019-10-13,0.06625,40375460.95,2579098.85,3726666738.3,25.14,0.006478033936172756
900,900,2019-10-14,0.06398,42376123.81,2739786.57,3684290614.49,27.49,0.006481531401635712
901,901,2019-10-15,0.06176,25714445.67,1594964.78,3658576168.82,28.34,0.00648224241922918
902,902,2019-10-16,0.06523,23795829.71,1517328.59,3682371998.53,29.87,0.006489889714455258
903,903,2019-10-17,0.06324,19791783.82,1259131.48,3662580214.71,32.13,0.006463246968773158
904,904,2019-10-18,0.06257,13099606.82,825826.0,3649480607.89,32.43,0.006421584256852914
905,905,2019-10-19,0.06348,12843805.72,808781.24,3662324413.61,23.64,0.006359816053152027
906,906,2019-10-20,0.06398999999999999,14448194.79,918017.6,3676772608.4,22.02,0.006360952912423433
907,907,2019-10-21,0.06334,19858177.91,1275564.01,3656914430.49,19.4,0.00516516525089086
908,908,2019-10-22,0.0599,41038107.11,2447245.18,3615876323.38,17.08,0.0038679304662828005
909,909,2019-10-24,0.06432,39724295.42,2530577.87,3676620633.03,25.69,0.0033959229950854763
910,910,2019-10-25,0.06295,52490773.6,3406669.16,3624129859.43,26.31,0.00305985705098429
911,911,2019-10-26,0.06537000000000001,25800422.29,1652268.97,3649930281.72,28.37,0.002852591803964326
912,912,2019-10-27,0.06473999999999999,34130870.33,2264110.28,3615799411.39,28.35,0.0028922303568052928
913,913,2019-10-28,0.06688999999999999,28634169.83,1919134.78,3644433581.22,21.35,0.002687953885764903
914,914,2019-10-29,0.06402000000000001,25022512.01,1611281.84,3619411069.21,27.27,0.0025780132464545778
915,915,2019-10-30,0.06509,24850807.19,1585973.28,3644261876.4,21.3,0.0025402269108615997
916,916,2019-10-31,0.06925,87869236.73,6097956.45,3732131113.13,24.85,0.002758133405965413
917,917,2019-11-01,0.07145,24685230.67,1736621.74,3756816343.8,24.41,0.003082810126476674
918,918,2019-11-02,0.06871000000000001,26070495.93,1823222.32,3730745847.87,28.0,0.0031059827511787487
919,919,2019-11-03,0.07899,48328108.43,3531451.35,3779073956.3,45.07,0.0041932845738498125
920,920,2019-11-04,0.08259,209319496.49,17397941.73,3988393452.79,38.7,0.005319766220777363
921,921,2019-11-05,0.07702,75996443.94,5990106.47,3912397008.85,49.26,0.00564468791070342
922,922,2019-11-06,0.07429,50438593.71,3778860.75,3861958415.14,50.45,0.005729941886532065
923,923,2019-11-07,0.07107000000000001,47994488.27,3459976.9,3813963926.87,51.98,0.0056287549510435145
924,924,2019-11-08,0.07316,21289088.97,1541259.45,3835253015.84,50.85,0.005708674393708209
925,925,2019-11-09,0.07905,68237546.11,5317981.14,3903490561.95,38.39,0.0060995971602465695
926,926,2019-11-10,0.07987000000000001,54060002.61,4269786.1,3957550564.56,35.98,0.00642704358126263
927,927,2019-11-11,0.07681,82134885.86,6365539.69,3875415678.7,31.93,0.006454093987187464
928,928,2019-11-12,0.07589,72308527.94,5538612.3,3803107150.76,30.21,0.006459732397222458
929,929,2019-11-13,0.07421,35526470.04,2624217.4,3767580680.72,27.66,0.006512840729502253
930,930,2019-11-14,0.0721,36091534.01,2625033.16,3731489146.71,28.08,0.006460914360047154
931,931,2019-11-15,0.07144,19607810.94,1404065.04,3711881335.77,11.37,0.006307212811402784
932,932,2019-11-16,0.07165,18242087.16,1315354.86,3730123422.93,9.917,0.00625901267415397
933,933,2019-11-17,0.06702000000000001,48348493.0,3282547.45,3681774929.93,15.97,0.006157224716294202
934,934,2019-11-18,0.06564,40506696.61,2632482.6,3641268233.32,15.63,0.006053411311466852
935,935,2019-11-19,0.06393,25210159.01,1635997.46,3616058074.31,15.63,0.006036865527933064
936,936,2019-11-20,0.06075,52187720.92,3168706.52,3563870353.39,17.19,0.0061783467732575825
937,937,2019-11-21,0.05952,72703048.25,4195096.99,3491167305.14,16.33,0.0063581607349202885
938,938,2019-11-22,0.0616,39846562.39,2400608.55,3531013867.53,22.81,0.00627275305743721
939,939,2019-11-26,0.05881,31787273.92,1825213.56,3606982054.99,33.05,0.006519977575594449
940,940,2019-11-27,0.05819,18045825.64,1057743.49,3588936229.35,32.76,0.006746312879737487
941,941,2019-11-28,0.05922,18008239.59,1062357.38,3606944468.94,31.35,0.006970181159937403
942,942,2019-11-30,0.05741,19446258.26,1101919.84,3608958917.52,12.54,0.007262674723404486
943,943,2019-12-01,0.055970000000000006,18258610.09,1027601.7,3590700307.43,14.13,0.007645387881730805
944,944,2019-12-02,0.05583,17664764.6,986769.19,3573035542.83,11.86,0.007962490664751456
945,945,2019-12-05,0.0556,17900227.56,989401.08,3582964781.73,9.456,0.008286641403317361
946,946,2019-12-06,0.05546,14651931.9,816695.72,3568312849.83,9.329,0.008604743579503835
947,947,2019-12-08,0.05474,16848773.86,930507.18,3567271045.66,9.405,0.008894602935452325
948,948,2019-12-09,0.05315,36224525.84,1922729.75,3531046519.82,11.18,0.009251126653973703
949,949,2019-12-10,0.05285,17967959.39,953290.78,3513078560.43,9.499,0.009284551276924449
950,950,2019-12-11,0.05206,21545150.42,1127992.98,3491533410.01,9.07,0.009054257327200967
951,951,2019-12-12,0.052820000000000006,17387151.26,912985.85,3508920561.27,11.32,0.009006852748703472
952,952,2019-12-13,0.05107,18614893.42,959353.41,3490305667.85,11.64,0.009089738998316547
953,953,2019-12-15,0.04702,32085807.3,1563803.78,3469285409.88,22.82,0.009428642495629476
954,954,2019-12-16,0.0433,57755152.06,2587065.46,3411530257.82,27.4,0.009824430468125539
955,955,2019-12-18,0.04525,28047362.75,1273915.82,3429569917.32,38.89,0.009671305799224506
956,956,2019-12-19,0.04641,22669613.86,1041407.45,3452239531.18,41.03,0.009257839523545565
957,957,2019-12-20,0.04553,13302064.07,612551.8,3438937467.11,40.69,0.008961754908193297
958,958,2019-12-21,0.04734,18618872.93,863675.71,3457556340.04,37.15,0.008517613994597498
959,959,2019-12-22,0.04498,20985976.91,969536.36,3436570363.13,31.58,0.008168984404865751
960,960,2019-12-23,0.04518,13895745.07,627409.41,3450466108.2,22.72,0.007836465482882625
961,961,2019-12-24,0.04445,11044710.63,491008.84,3439421397.57,21.61,0.007462938198308147
962,962,2019-12-26,0.04584,18045309.22,815629.8,3472793076.16,21.04,0.006873147014657835
963,963,2019-12-27,0.04591,19724540.81,910855.03,3492517616.97,17.26,0.006519619911708479
964,964,2019-12-29,0.04554,13703078.76,630724.15,3491003729.0,10.32,0.006185313723822825
965,965,2019-12-30,0.044910000000000005,18924680.96,854209.34,3472079048.04,9.981,0.005909184055936857
966,966,2019-12-31,0.04519,13266555.52,599019.27,3485345603.56,10.02,0.005755334007707245
967,967,2020-01-01,0.04355,12929533.28,572702.47,3472416070.28,11.22,0.005681874751320788
968,968,2020-01-02,0.04566,17864374.76,800556.97,3490280445.04,18.91,0.00534391289763527
969,969,2020-01-04,0.04558,13219714.04,605120.84,3486161501.65,18.28,0.005131311241535876
970,970,2020-01-05,0.05058,33055108.61,1613421.04,3519216610.26,32.47,0.004870079656649373
971,971,2020-01-06,0.04855,37292974.46,1835382.28,3481923635.8,36.42,0.004494237446989874
972,972,2020-01-08,0.0472,11748919.05,560033.47,3441556567.6,33.3,0.004206886472576167
973,973,2020-01-09,0.04805,20785468.05,978750.66,3462342035.65,33.4,0.0039691925696812985
974,974,2020-01-10,0.04841,26018344.97,1262267.48,3488360380.62,33.23,0.0037076481376587538
975,975,2020-01-11,0.04906,12846560.22,627138.49,3501206940.84,14.74,0.003431805328997063
976,976,2020-01-12,0.04828,11267261.92,543811.1,3489939678.92,10.34,0.0031192547002606382
977,977,2020-01-13,0.053,75048144.92,3859397.13,3564987823.84,25.97,0.002995948912297749
978,978,2020-01-14,0.05486,68078085.52,3705787.24,3633065909.36,24.54,0.0031197321761034756
979,979,2020-01-15,0.053520000000000005,48229732.07,2574253.73,3584836177.29,28.05,0.003160635393713524
980,980,2020-01-16,0.06079,146295782.29,8716281.99,3731131959.58,40.11,0.0038978452786292924
981,981,2020-01-17,0.06139,96103767.61,5994462.25,3827235727.19,40.31,0.004531324182908955
982,982,2020-01-19,0.06264,48072354.94,3026681.19,3815233457.32,36.93,0.005222497982044102
983,983,2020-01-20,0.06262999999999999,35658736.34,2248452.32,3779574720.98,37.56,0.005804912861824406
984,984,2020-01-23,0.05705,38937082.81,2208839.04,3664432734.95,20.36,0.005872032300096328
985,985,2020-01-24,0.05596,12842441.44,722312.23,3651590293.51,20.27,0.0059251775665750015
986,986,2020-01-25,0.05836,19406965.13,1116859.01,3670997258.64,20.3,0.006079720473387263
987,987,2020-01-28,0.0608,33776197.07,2071628.92,3768906370.53,16.21,0.006298997949869125
988,988,2020-01-29,0.0628,31504893.96,1932736.51,3800411264.49,14.58,0.00662650525949122
989,989,2020-01-31,0.06226,23381690.83,1439793.65,3793356225.33,17.6,0.006801751971742241
990,990,2020-02-01,0.0634,47689740.04,3053346.9,3841045965.37,17.44,0.006988814675948622
991,991,2020-02-02,0.06417,32396213.68,2062124.3,3873442179.05,17.27,0.00712761090698852
992,992,2020-02-03,0.06604,57885903.6,3750907.04,3931328082.65,17.75,0.007358920804190072
993,993,2020-02-04,0.06906,58442238.76,3972450.26,3989770321.41,19.13,0.007701111496135146
994,994,2020-02-05,0.0711,52275049.12,3656400.9,4042045370.53,7.4129999999999985,0.008064604550240963
995,995,2020-02-06,0.07194,59623119.26,4295961.58,4101668489.79,8.36,0.0083462552412305
996,996,2020-02-07,0.07101,52135446.43,3657271.09,4049533043.36,13.13,0.008481036588132321
997,997,2020-02-08,0.07343,45530761.99,3304670.08,4095063805.35,13.43,0.008569905215481843
998,998,2020-02-09,0.07056,38793605.21,2749063.97,4056270200.14,21.13,0.008513849136934546
999,999,2020-02-10,0.07407000000000001,48781076.71,3537134.68,4105051276.85,21.68,0.008544660233490374
1000,1000,2020-02-11,0.08015,122374183.17,9665982.24,4227425460.02,28.29,0.00910390798996234
1001,1001,2020-02-12,0.08345,114777893.35,9662251.79,4342203353.37,28.61,0.009668106733799397
1002,1002,2020-02-13,0.08687,72284452.69,6103724.54,4414487806.06,25.97,0.010244139277668752
1003,1003,2020-02-14,0.07891000000000001,69702243.3,5694433.51,4344785562.76,43.51,0.010188099779963036
1004,1004,2020-02-15,0.07464,94273460.06,6921972.2,4250512102.7,45.31,0.009877570318775017
1005,1005,2020-02-16,0.07279,74579604.78,5241070.63,4175932497.92,44.1,0.00946491732056356
1006,1006,2020-02-17,0.07615,61549393.47,4572076.51,4237481891.39,39.33,0.009002049702741126
1007,1007,2020-02-18,0.07001,62172511.13,4656797.79,4175309380.26,40.14,0.008608689068105052
1008,1008,2020-02-19,0.07056,60159217.76,4189446.17,4235468598.02,36.01,0.00827224864146709
1009,1009,2020-02-20,0.07111,32303559.22,2304940.81,4267772157.24,31.12,0.007804788244422605
1010,1010,2020-02-21,0.07049,19688345.08,1388634.92,4248083812.16,28.56,0.0076609665966802
1011,1011,2020-02-22,0.07334,22111264.92,1597930.09,4270195077.08,30.73,0.0075547608876133975
1012,1012,2020-02-23,0.06911,40734577.19,2837600.85,4229460499.89,30.63,0.007442959150740245
1013,1013,2020-02-24,0.06412999999999999,49075387.87,3235688.56,4180385112.02,28.9,0.007398449480309466
1014,1014,2020-02-25,0.05885,80407542.75,4828949.46,4099977569.27,33.25,0.007298181603159202
1015,1015,2020-02-26,0.0601,64946551.58,3915392.77,4164924120.85,34.73,0.00706178092871092
1016,1016,2020-02-27,0.05852,44653358.77,2611705.13,4120270762.08,34.19,0.007052750307263084
1017,1017,2020-02-29,0.05584,44868983.65,2543461.07,4048587851.17,25.82,0.0073284597494219965
1018,1018,2020-03-01,0.05973,43324852.62,2544990.43,4091912703.79,34.06,0.007450410996920654
1019,1019,2020-03-02,0.05826,29256067.03,1722359.21,4062656636.76,25.38,0.007622442883832521
1020,1020,2020-03-04,0.05972,38777019.37,2334536.69,4130976712.61,23.94,0.007754017638635954
1021,1021,2020-03-07,0.04977,66110044.83,3530682.2,4069615551.46,46.37,0.008502974117955564
1022,1022,2020-03-08,0.05242,76635332.97,3832366.19,4146250884.43,51.48,0.009014173698754183
1023,1023,2020-03-09,0.05196,40999254.72,2129553.57,4105251629.71,51.03,0.009507090088669094
1024,1024,2020-03-10,0.05038,33131034.46,1656659.54,4072120595.25,49.49,0.010010867778479938
1025,1025,2020-03-11,0.03343,198361320.38,8013931.73,3873759274.87,109.71,0.011715957111330225
1026,1026,2020-03-12,0.04021,211441985.41,7776662.21,4085201260.28,134.64,0.012578794068984963
1027,1027,2020-03-14,0.03779,54396137.06,2070934.0,4085940910.33,130.12,0.013407490941014249
1028,1028,2020-03-15,0.03538,88825371.85,3079895.53,3997115538.48,129.28,0.014302414971711384
1029,1029,2020-03-16,0.03746,51489414.26,1910218.32,4048604952.74,133.35,0.014842085010917752
1030,1030,2020-03-17,0.03701,53490177.56,1934315.66,3995114775.18,65.56,0.015049641646172361
1031,1031,2020-03-18,0.0415,86385492.68,3446713.6,4081500267.86,51.08,0.014736120857643597
1032,1032,2020-03-20,0.03968,31081945.39,1229859.75,3954183663.82,43.78,0.014114165481579951
1033,1033,2020-03-21,0.03676,40380011.28,1545469.18,3913803652.54,45.4,0.013952334621107449
1034,1034,2020-03-22,0.03955,52584010.32,2011715.96,3966387662.86,47.13,0.013768146015810789
1035,1035,2020-03-23,0.04057,49078531.39,1960504.12,4015466194.25,46.74,0.01353894446131157
1036,1036,2020-03-25,0.04305,43392821.43,1786357.78,4095889478.98,35.23,0.012950769421958365
1037,1037,2020-03-26,0.0405,48205658.66,2035658.39,4047683820.32,40.5,0.012670865015062186
1038,1038,2020-03-28,0.0378,30709553.27,1195464.36,3979532677.39,30.99,0.012356106108356347
1039,1039,2020-03-29,0.040080000000000005,36513227.45,1458870.29,4016045904.84,35.06,0.01182829720744399
1040,1040,2020-03-30,0.04088,18627030.85,756713.77,4034672935.69,35.57,0.011201802379606815
1041,1041,2020-03-31,0.04097,27135869.6,1084457.18,4061808805.29,30.61,0.010203897548116318
1042,1042,2020-04-01,0.0413,35372966.14,1465941.47,4097181771.43,25.47,0.009358636800232223
1043,1043,2020-04-02,0.04142,19807967.8,821259.8,4116989739.23,25.15,0.00875032379696683
1044,1044,2020-04-03,0.04199,19072332.29,791043.48,4136062071.52,13.96,0.008388167918832004
1045,1045,2020-04-04,0.04358,31515692.54,1339784.71,4167577764.06,8.686,0.00787578982720707
1046,1046,2020-04-05,0.05,135290717.35,6455293.9,4302868481.41,34.6,0.0074875287039178305
1047,1047,2020-04-06,0.04847,100462008.72,5021553.49,4202406472.69,38.19,0.007199899392658702
1048,1048,2020-04-07,0.05135,60042210.3,3001261.12,4262448682.99,38.27,0.006702766147123719
1049,1049,2020-04-09,0.04779,65220476.67,3160545.32,4254809845.88,50.68,0.006154754642768695
1050,1050,2020-04-10,0.04989,52876307.62,2598235.66,4307686153.5,50.86,0.005461644146376457
