Date,close,VOLALITY7day
2010-07-18,0.0808,441.07
2010-07-19,0.07474,275.34
2010-07-20,0.07921,213.52
2010-07-21,0.0505,275.66
2010-07-22,0.06262000000000001,242.32
2010-07-23,0.05454,146.45
2010-07-24,0.0505,146.37
2010-07-25,0.055999999999999994,154.33
2010-07-26,0.06,155.01
2010-07-27,0.0589,84.99
2010-07-28,0.0699,76.93
2010-07-29,0.0627,71.97
2010-07-30,0.06785,65.0
2010-07-31,0.0611,73.51
2010-08-01,0.06,71.62
2010-08-02,0.06,71.37
2010-08-03,0.057,46.66
2010-08-04,0.061,46.28
2010-08-05,0.0623,39.3
2010-08-06,0.059000000000000004,30.58
2010-08-07,0.0609,31.76
2010-08-08,0.071,51.45
2010-08-09,0.07,47.28
2010-08-10,0.067,49.86
2010-08-11,0.07,50.45
2010-08-12,0.0645,54.33
2010-08-13,0.067,54.52
2010-08-14,0.06529,31.86
2010-08-15,0.0655,32.19
2010-08-16,0.07,35.91
2010-08-17,0.068,34.8
2010-08-18,0.0667,25.64
2010-08-19,0.0655,23.86
2010-08-20,0.0664,23.04
2010-08-21,0.066,23.16
2010-08-22,0.06491,9.745
2010-08-23,0.065,8.67
2010-08-24,0.0648,7.81
2010-08-25,0.064,7.077000000000001
2010-08-26,0.065,7.483
2010-08-27,0.0641,7.996
2010-08-28,0.064,7.037000000000001
2010-08-29,0.06497,8.479
2010-08-30,0.06,23.14
2010-08-31,0.0629,28.24
2010-09-01,0.0634,27.88
2010-09-02,0.06085,29.61
2010-09-03,0.06238,30.98
2010-09-04,0.0616,30.37
2010-09-05,0.0616,20.07
2010-09-06,0.061,14.63
2010-09-07,0.062,15.42
2010-09-08,0.061110000000000005,10.8
2010-09-09,0.0618,8.54
2010-09-10,0.06366000000000001,11.01
2010-09-11,0.0615,15.5
2010-09-12,0.062189999999999995,15.41
2010-09-13,0.061989999999999996,14.86
2010-09-14,0.0604,16.1
2010-09-15,0.0619,17.4
2010-09-16,0.059000000000000004,18.51
2010-09-17,0.061,20.45
2010-09-18,0.0627,21.75
2010-09-19,0.0621,21.94
2010-09-20,0.06265,20.25
2010-09-21,0.0622,19.53
2010-09-22,0.062310000000000004,11.78
2010-09-23,0.0622,8.945
2010-09-24,0.062020000000000006,4.343
2010-09-25,0.062,3.5380000000000003
2010-09-26,0.0622,2.439
2010-09-27,0.0619,1.969
2010-09-28,0.06191,1.829
2010-09-29,0.0619,1.827
2010-09-30,0.061970000000000004,1.746
2010-10-01,0.0614,3.017
2010-10-02,0.061110000000000005,2.6439999999999997
2010-10-03,0.0613,2.991
2010-10-04,0.0614,3.092
2010-10-05,0.06281,7.229
2010-10-06,0.067,18.15
2010-10-07,0.08685,67.23
2010-10-08,0.0938,64.15
2010-10-09,0.0965,62.14
2010-10-10,0.095,64.08
2010-10-11,0.0949,65.98
2010-10-12,0.105,66.51
2010-10-13,0.102,34.55
2010-10-14,0.105,30.69
2010-10-15,0.10099999999999999,34.02
2010-10-16,0.102,33.19
2010-10-17,0.1024,33.05
2010-10-18,0.09699999999999999,21.24
2010-10-19,0.099,22.19
2010-10-20,0.107,30.85
2010-10-21,0.1025,31.35
2010-10-22,0.1055,32.15
2010-10-23,0.115,38.73
2010-10-24,0.132,41.44
2010-10-25,0.1503,44.67
2010-10-26,0.1877,60.92
2010-10-27,0.1731,68.7
2010-10-28,0.19,66.07
2010-10-29,0.1989,67.58
2010-10-30,0.1925,72.76
2010-10-31,0.1955,70.07
2010-11-01,0.1938,40.15
2010-11-02,0.1931,29.74
2010-11-03,0.23,49.32
2010-11-04,0.26,55.19
2010-11-05,0.39,105.16
2010-11-06,0.34,124.34
2010-11-07,0.243,170.15
2010-11-08,0.21,177.32
2010-11-09,0.24,174.38
2010-11-10,0.2231,171.03
2010-11-11,0.2682,127.36
2010-11-12,0.276,126.71
2010-11-13,0.27899999999999997,81.33
2010-11-14,0.2682,65.64
2010-11-15,0.223,80.67
2010-11-16,0.2299,78.68
2010-11-17,0.2678,72.67
2010-11-18,0.28,73.35
2010-11-19,0.28300000000000003,73.34
2010-11-20,0.2767,72.64
2010-11-21,0.2879,39.02
2010-11-22,0.2829,42.31
2010-11-23,0.28300000000000003,18.59
2010-11-24,0.28,15.08
2010-11-25,0.2844,15.43
2010-11-26,0.28300000000000003,13.76
2010-11-27,0.27,13.87
2010-11-28,0.2299,42.99
2010-11-29,0.2082,44.29
2010-11-30,0.2275,58.09
2010-12-01,0.255,70.27
2010-12-02,0.251,70.15
2010-12-03,0.205,86.02
2010-12-04,0.19,78.92
2010-12-05,0.204,79.58
2010-12-06,0.233,84.75
2010-12-07,0.2388,77.78
2010-12-08,0.2,89.86
2010-12-09,0.204,72.77
2010-12-10,0.228,73.4
2010-12-11,0.22,73.88
2010-12-12,0.2299,64.58
2010-12-13,0.2467,67.36
2010-12-14,0.23800000000000002,38.66
2010-12-15,0.25,38.86
2010-12-16,0.24,33.77
2010-12-17,0.24100000000000002,30.8
2010-12-18,0.2401,29.58
2010-12-19,0.267,36.87
2010-12-20,0.24,48.21
2010-12-21,0.25,47.54
2010-12-22,0.25,45.73
2010-12-23,0.248,45.91
2010-12-24,0.2499,45.83
2010-12-25,0.265,37.97
2010-12-26,0.265,17.67
2010-12-27,0.281,20.26
2010-12-28,0.3,22.34
2010-12-29,0.3,21.21
2010-12-30,0.3,22.05
2010-12-31,0.3,21.16
2011-01-01,0.3,21.16
2011-01-02,0.295,19.03
2011-01-03,0.2989,6.272
2011-01-04,0.299,6.276
2011-01-05,0.298,6.315
2011-01-06,0.32,20.52
2011-01-07,0.3229,20.25
2011-01-08,0.32299999999999995,18.57
2011-01-09,0.3266,18.6
2011-01-10,0.3266,18.62
2011-01-11,0.3188,21.06
2011-01-12,0.3176,8.304
2011-01-13,0.4,63.43
2011-01-14,0.386,65.86
2011-01-15,0.3868,66.12
2011-01-16,0.3495,74.93
2011-01-17,0.313,81.74
2011-01-18,0.313,81.75
2011-01-19,0.39,79.1
2011-01-20,0.4199,80.79
2011-01-21,0.4443,81.41
2011-01-22,0.4424,72.18
2011-01-23,0.4199,62.8
2011-01-24,0.41,64.71
2011-01-25,0.41700000000000004,31.61
2011-01-26,0.4212,24.47
2011-01-27,0.446,24.61
2011-01-28,0.439,25.0
2011-01-29,0.4799,28.64
2011-01-30,0.52,27.77
2011-01-31,0.7,73.19
2011-02-01,0.716,72.12
2011-02-02,0.69,79.72
2011-02-03,0.8109999999999999,76.84
2011-02-04,0.92,76.93
2011-02-05,0.8997,84.75
2011-02-06,0.89,55.07
2011-02-07,0.9179999999999999,54.88
2011-02-08,1.09,57.64
2011-02-09,0.9803,67.37
2011-02-10,1.07,63.35
2011-02-11,1.08,61.85
2011-02-12,1.05,63.02
2011-02-13,1.07,63.04
2011-02-14,1.05,41.98
2011-02-15,1.045,27.34
2011-02-16,1.04,11.43
2011-02-17,0.8989,38.66
2011-02-18,0.9490000000000001,44.95
2011-02-19,0.85,49.25
2011-02-20,0.8345,49.27
2011-02-21,0.8702,53.45
2011-02-22,0.9,56.0
2011-02-23,0.9974,48.5
2011-02-24,0.9111,54.23
2011-02-25,0.958,43.84
2011-02-26,0.89,50.1
2011-02-27,0.86,50.18
2011-02-28,0.9202,53.03
2011-03-01,0.9399,43.47
2011-03-02,0.9391,34.87
2011-03-03,0.9009999999999999,33.24
2011-03-04,0.9103,26.27
2011-03-05,0.8999,24.02
2011-03-06,0.885,14.52
2011-03-07,0.87,11.53
2011-03-08,0.8645,11.12
2011-03-09,0.9329,23.67
2011-03-10,0.88,29.12
2011-03-11,0.9179999999999999,31.67
2011-03-12,0.8925,32.44
2011-03-13,0.8949,31.89
2011-03-14,0.87,33.07
2011-03-15,0.86,22.49
2011-03-16,0.8254,19.82
2011-03-17,0.8165,10.41
2011-03-18,0.765,16.21
2011-03-19,0.7411,13.38
2011-03-20,0.759,20.11
2011-03-21,0.809,31.02
2011-03-22,0.8497,32.67
2011-03-23,0.8669,32.43
2011-03-24,0.8838,21.58
2011-03-25,0.8552,21.84
2011-03-26,0.82,28.13
2011-03-27,0.799,24.09
2011-03-28,0.7925,17.57
2011-03-29,0.7897,14.81
2011-03-30,0.7846,10.55
2011-03-31,0.7741,9.722999999999999
2011-04-01,0.782,7.82
2011-04-02,0.779,5.22
2011-04-03,0.68,36.01
2011-04-04,0.71,40.41
2011-04-05,0.74,43.51
2011-04-06,0.7538,44.11
2011-04-07,0.75,43.87
2011-04-08,0.73,44.16
2011-04-09,0.7369,17.9
2011-04-10,0.77,18.01
2011-04-11,0.86,31.71
2011-04-12,0.9225,33.76
2011-04-13,1.0,33.1
2011-04-14,0.9899,29.93
2011-04-15,1.05,26.79
2011-04-16,1.112,26.37
2011-04-17,1.162,21.13
2011-04-18,1.198,20.55
2011-04-19,1.1420000000000001,28.1
2011-04-20,1.21,27.26
2011-04-21,1.409,42.27
2011-04-22,1.7,56.63
2011-04-23,1.63,64.37
2011-04-24,1.5590000000000002,69.92
2011-04-25,1.795,66.78
2011-04-26,1.9,66.8
2011-04-27,2.211,66.74
2011-04-28,2.88,79.86
2011-04-29,3.5,71.38
2011-04-30,3.033,93.53
2011-05-01,3.2,94.05
2011-05-02,3.41,93.82
2011-05-03,3.406,95.16
2011-05-04,3.333,73.61
2011-05-05,3.45,50.24
2011-05-06,3.641,22.67
2011-05-07,3.866,23.29
2011-05-08,3.8,23.77
2011-05-09,5.81,110.77
2011-05-10,5.5,113.96
2011-05-11,6.3,113.44
2011-05-12,8.198,119.81
2011-05-13,7.1979999999999995,139.49
2011-05-14,6.987,140.47
2011-05-15,8.033999999999999,98.04
2011-05-16,7.19,104.41
2011-05-17,6.88,101.96
2011-05-18,6.805,63.16
2011-05-19,5.59,73.87
2011-05-20,6.12,82.25
2011-05-21,6.69,74.35
2011-05-22,7.15,72.99
2011-05-23,7.42,72.08
2011-05-24,8.4,77.22
2011-05-25,8.798,21.22
2011-05-26,8.5,35.45
2011-05-27,8.3,38.81
2011-05-28,8.43,37.73
2011-05-29,8.8,37.89
2011-05-30,8.741,22.38
2011-05-31,9.57,30.8
2011-06-01,10.6,33.91
2011-06-02,14.29,72.7
2011-06-03,18.89,82.94
2011-06-04,16.7,107.34
2011-06-05,18.55,101.1
2011-06-06,23.92,105.7
2011-06-07,29.6,105.31
2011-06-08,28.92,107.04
2011-06-09,23.95,119.01
2011-06-10,14.65,185.49
2011-06-11,18.55,196.31
2011-06-12,19.84,181.12
2011-06-13,19.28,163.64
2011-06-14,19.49,164.76
2011-06-15,17.0,161.97
2011-06-16,15.68,86.26
2011-06-17,16.89,54.94
2011-06-18,17.51,51.38
2011-06-19,17.51,51.58
2011-06-20,17.51,51.17
2011-06-21,17.51,33.89
2011-06-22,17.51,20.41
2011-06-23,17.51,9.702
2011-06-24,17.51,0.0
2011-06-25,16.45,16.81
2011-06-26,16.75,18.41
2011-06-27,16.95,19.08
2011-06-28,16.85,19.0
2011-06-29,16.1,21.46
2011-06-30,15.4,22.26
2011-07-01,15.4,18.24
2011-07-02,15.44,16.48
2011-07-03,13.86,27.96
2011-07-04,12.91,27.85
2011-07-05,14.78,55.75
2011-07-06,14.78,54.93
2011-07-07,14.31,55.27
2011-07-08,14.38,55.32
2011-07-09,14.9,46.42
2011-07-10,14.21,43.07
2011-07-11,14.01,19.34
2011-07-12,13.95,19.2
2011-07-13,13.99,17.87
2011-07-14,13.81,17.77
2011-07-15,13.72,11.61
2011-07-16,13.16,10.18
2011-07-17,13.48,14.15
2011-07-18,13.85,16.82
2011-07-19,13.69,16.97
2011-07-20,13.61,16.74
2011-07-21,13.7,16.83
2011-07-22,13.68,10.53
2011-07-23,13.98,10.2
2011-07-24,14.05,7.666
2011-07-25,13.88,7.755
2011-07-26,13.94,7.294
2011-07-27,13.49,12.16
2011-07-28,13.5,12.19
2011-07-29,13.53,9.757
2011-07-30,13.35,9.29
2011-07-31,13.09,9.754
2011-08-01,12.05,20.77
2011-08-02,9.26,67.99
2011-08-03,10.75,88.63
2011-08-04,9.8,88.57
2011-08-05,6.55,126.89
2011-08-06,7.9,150.89
2011-08-07,7.8,152.12
2011-08-08,9.99,158.4
2011-08-09,9.98,152.18
2011-08-10,9.462,150.75
2011-08-11,9.461,81.71
2011-08-12,10.13,71.37
2011-08-13,10.8,69.26
2011-08-14,11.15,30.38
2011-08-15,10.96,31.56
2011-08-16,10.95,23.82
2011-08-17,10.83,24.95
2011-08-18,11.65,25.71
2011-08-19,11.45,23.75
2011-08-20,11.31,23.14
2011-08-21,10.9,25.12
2011-08-22,10.94,25.15
2011-08-23,10.85,25.05
2011-08-24,9.657,28.88
2011-08-25,8.179,45.57
2011-08-26,8.59,53.06
2011-08-27,9.07,59.67
2011-08-28,8.969,59.06
2011-08-29,8.791,58.71
2011-08-30,8.2,54.25
2011-08-31,8.21,30.54
2011-09-01,8.64,30.82
2011-09-02,8.48,25.65
2011-09-03,8.177999999999999,26.53
2011-09-04,7.611000000000001,30.66
2011-09-05,6.8629999999999995,35.93
2011-09-06,7.186,40.95
2011-09-07,6.53,36.99
2011-09-08,5.03,66.64
2011-09-09,4.774,65.72
2011-09-10,5.864,103.72
2011-09-11,6.077999999999999,103.49
2011-09-12,5.8,101.32
2011-09-13,5.619,99.47
2011-09-14,4.84,78.84
2011-09-15,4.82,77.46
2011-09-16,4.77,41.45
2011-09-17,5.2,50.19
2011-09-18,5.46,53.25
2011-09-19,6.112,61.68
2011-09-20,5.611000000000001,47.86
2011-09-21,5.428,49.96
2011-09-22,5.545,49.02
2011-09-23,5.468,45.43
2011-09-24,5.33,44.07
2011-09-25,4.87,28.37
2011-09-26,4.916,25.91
2011-09-27,4.772,25.8
2011-09-28,4.779,23.37
2011-09-29,5.14,35.42
2011-09-30,5.032,35.28
2011-10-01,5.027,23.88
2011-10-02,5.024,23.88
2011-10-03,4.96,22.2
2011-10-04,4.87,23.2
2011-10-05,4.734,7.375
2011-10-06,4.273,25.26
2011-10-07,4.008,25.27
2011-10-08,4.103,28.9
2011-10-09,4.1,29.83
2011-10-10,3.931,29.59
2011-10-11,4.15,38.4
2011-10-12,4.046,28.74
2011-10-13,3.988,23.04
2011-10-14,3.842,23.28
2011-10-15,3.557,28.78
2011-10-16,2.56,87.77
2011-10-17,2.419,78.56
2011-10-18,2.27,76.48
2011-10-19,2.3480000000000003,81.88
2011-10-20,2.57,94.95
2011-10-21,3.159,119.74
2011-10-22,3.17,66.92
2011-10-23,2.545,94.95
2011-10-24,2.77,93.54
2011-10-25,2.773,93.94
2011-10-26,3.04,94.03
2011-10-27,3.19,75.83
2011-10-28,3.5810000000000004,81.84
2011-10-29,3.27,50.29
2011-10-30,3.248,49.52
2011-10-31,3.15,51.63
2011-11-01,3.2539999999999996,46.81
2011-11-02,3.1519999999999997,46.29
2011-11-03,3.109,26.64
2011-11-04,2.97,18.15
2011-11-05,2.96,18.32
2011-11-06,3.0069999999999997,19.22
2011-11-07,3.035,15.69
2011-11-08,2.95,15.32
2011-11-09,2.84,17.0
2011-11-10,3.08,27.9
2011-11-11,3.031,28.47
2011-11-12,2.997,28.43
2011-11-13,2.22,84.92
2011-11-14,2.329,89.15
2011-11-15,2.56,96.19
2011-11-16,2.25,94.11
2011-11-17,2.05,93.81
2011-11-18,2.1959999999999997,100.08
2011-11-19,2.2,59.9
2011-11-20,2.294,59.49
2011-11-21,2.329,51.53
2011-11-22,2.332,36.31
2011-11-23,2.432,17.72
2011-11-24,2.506,12.3
2011-11-25,2.47,15.09
2011-11-26,2.48,13.53
2011-11-27,2.55,14.12
2011-11-28,2.75,20.49
2011-11-29,2.97,24.43
2011-11-30,3.06,24.43
2011-12-01,3.115,20.11
2011-12-02,2.7939999999999996,44.77
2011-12-03,2.8280000000000003,44.73
2011-12-04,2.88,40.72
2011-12-05,3.03,37.32
2011-12-06,2.99,36.45
2011-12-07,2.98,35.8
2011-12-08,2.97,15.13
2011-12-09,3.05,15.78
2011-12-10,3.2510000000000003,21.07
2011-12-11,3.135,23.03
2011-12-12,3.25,23.33
2011-12-13,3.15,26.16
2011-12-14,3.2,25.86
2011-12-15,3.2,25.58
2011-12-16,3.2,18.17
2011-12-17,3.193,14.66
2011-12-18,3.52,29.0
2011-12-19,3.95,35.51
2011-12-20,3.89,38.07
2011-12-21,3.89,38.07
2011-12-22,3.947,37.18
2011-12-23,3.94,37.14
2011-12-24,4.225,33.68
2011-12-25,4.018,26.04
2011-12-26,4.07,25.43
2011-12-27,4.186,25.83
2011-12-28,4.166,26.2
2011-12-29,4.248,26.06
2011-12-30,4.7219999999999995,33.63
2011-12-31,5.268,32.68
2012-01-01,5.2170000000000005,35.1
2012-01-02,4.881,45.82
2012-01-03,5.574,52.38
2012-01-04,6.9479999999999995,68.2
2012-01-05,6.697,74.39
2012-01-06,6.81,73.02
2012-01-07,7.114,71.07
2012-01-08,6.3260000000000005,79.26
2012-01-09,6.36,73.99
2012-01-10,6.9,45.66
2012-01-11,6.8,44.53
2012-01-12,6.41,47.03
2012-01-13,6.75,47.87
2012-01-14,7.002000000000001,33.18
2012-01-15,6.683,37.43
2012-01-16,5.6,54.27
2012-01-17,5.92,59.56
2012-01-18,6.36,63.0
2012-01-19,6.49,61.24
2012-01-20,6.18,60.32
2012-01-21,6.31,60.54
2012-01-22,6.356,27.73
2012-01-23,6.29,26.25
2012-01-24,5.75,29.13
2012-01-25,5.34,29.74
2012-01-26,5.292000000000001,29.77
2012-01-27,5.627000000000001,36.53
2012-01-28,5.381,35.94
2012-01-29,5.49,38.09
2012-01-30,5.484,31.41
2012-01-31,6.0760000000000005,34.86
2012-02-01,6.1,34.03
2012-02-02,5.959,33.51
2012-02-03,5.872999999999999,30.08
2012-02-04,5.689,32.41
2012-02-05,5.452999999999999,34.99
2012-02-06,5.69,20.15
2012-02-07,5.6,19.58
2012-02-08,5.83,23.99
2012-02-09,5.912999999999999,24.1
2012-02-10,5.601,27.3
2012-02-11,5.515,24.74
2012-02-12,5.26,23.7
2012-02-13,4.463,47.22
2012-02-14,4.325,40.36
2012-02-15,4.274,37.27
2012-02-16,4.41,43.79
2012-02-17,4.2219999999999995,43.07
2012-02-18,4.387,48.43
2012-02-19,4.361000000000001,21.71
2012-02-20,4.272,20.69
2012-02-21,4.425,22.54
2012-02-22,5.015,39.53
2012-02-23,5.029,34.56
2012-02-24,4.773,40.55
2012-02-25,4.922,40.17
2012-02-26,4.956,38.39
2012-02-27,4.868,39.77
2012-02-28,4.86,18.38
2012-02-29,4.921,18.93
2012-03-01,4.705,17.32
2012-03-02,4.614,13.91
2012-03-03,4.82,20.11
2012-03-04,4.984,21.84
2012-03-05,4.99,21.79
2012-03-06,4.938,21.93
2012-03-07,4.93,16.57
2012-03-08,4.861000000000001,15.84
2012-03-09,4.833,11.28
2012-03-10,4.91,6.966
2012-03-11,4.89,6.867000000000001
2012-03-12,5.27,21.66
2012-03-13,5.38,21.37
2012-03-14,5.327000000000001,20.9
2012-03-15,5.343999999999999,20.25
2012-03-16,5.216,23.08
2012-03-17,5.279,22.63
2012-03-18,4.694,33.39
2012-03-19,4.838,34.47
2012-03-20,4.815,34.59
2012-03-21,4.704,33.99
2012-03-22,4.686,34.28
2012-03-23,4.676,33.41
2012-03-24,4.55,13.46
2012-03-25,4.619,10.22
2012-03-26,4.811,16.66
2012-03-27,4.788,15.09
2012-03-28,4.808,14.93
2012-03-29,4.86,14.85
2012-03-30,4.909,10.13
2012-03-31,4.827,12.77
2012-04-01,4.974,10.45
2012-04-02,4.952,10.41
2012-04-03,4.91,11.1
2012-04-04,4.919,10.85
2012-04-05,4.95,10.66
2012-04-06,4.687,18.34
2012-04-07,4.793,17.16
2012-04-08,4.872,18.22
2012-04-09,4.837,18.19
2012-04-10,4.928,19.07
2012-04-11,4.92,18.98
2012-04-12,4.94,7.939
2012-04-13,4.96,6.635
2012-04-14,4.968999999999999,5.696000000000001
2012-04-15,4.9319999999999995,5.7379999999999995
2012-04-16,4.976,3.7030000000000003
2012-04-17,5.118,7.817
2012-04-18,5.138,7.821000000000001
2012-04-19,5.35,11.88
2012-04-20,5.26,14.21
2012-04-21,5.204,14.57
2012-04-22,4.96,21.15
2012-04-23,5.098,21.07
2012-04-24,5.132000000000001,21.14
2012-04-25,5.098,16.58
2012-04-26,5.109,16.48
2012-04-27,4.979,17.42
2012-04-28,4.904,12.22
2012-04-29,4.949,8.963
2012-04-30,5.0,9.41
2012-05-01,5.074,10.63
2012-05-02,5.1339999999999995,11.16
2012-05-03,5.067,8.816
2012-05-04,5.077,6.7139999999999995
2012-05-05,5.05,7.197
2012-05-06,5.06,6.845
2012-05-07,5.05,5.492999999999999
2012-05-08,5.044,3.752
2012-05-09,4.85,10.47
2012-05-10,4.96,13.15
2012-05-11,4.946000000000001,13.14
2012-05-12,4.93,13.03
2012-05-13,5.006,14.08
2012-05-14,5.035,14.22
2012-05-15,5.0889999999999995,6.702999999999999
2012-05-16,5.1,4.891
2012-05-17,5.118,4.313
2012-05-18,5.099,4.4
2012-05-19,5.09,3.426
2012-05-20,5.1,3.286
2012-05-21,5.099,1.8
2012-05-22,5.14,2.753
2012-05-23,5.119,2.9730000000000003
2012-05-24,5.145,2.95
2012-05-25,5.103,3.917
2012-05-26,5.138999999999999,4.308
2012-05-27,5.136,4.321000000000001
2012-05-28,5.15,3.8
2012-05-29,5.135,3.693
2012-05-30,5.18,4.183
2012-05-31,5.275,5.011
2012-06-01,5.249,5.688
2012-06-02,5.205,6.5120000000000005
2012-06-03,5.266,6.996
2012-06-04,5.44,9.951
2012-06-05,5.46,10.08
2012-06-06,5.591,10.63
2012-06-07,5.632999999999999,9.617
2012-06-08,5.56,10.5
2012-06-09,5.468,12.85
2012-06-10,5.575,10.85
2012-06-11,5.7,11.89
2012-06-12,5.928999999999999,14.29
2012-06-13,5.954,14.36
2012-06-14,6.5,23.48
2012-06-15,6.4,23.3
2012-06-16,6.164,29.08
2012-06-17,6.31,29.1
2012-06-18,6.499,28.56
2012-06-19,6.67,28.42
2012-06-20,6.68,17.75
2012-06-21,6.547999999999999,18.22
2012-06-22,6.428,14.87
2012-06-23,6.35,14.53
2012-06-24,6.305,11.28
2012-06-25,6.42,9.442
2012-06-26,6.647,14.65
2012-06-27,6.606,13.51
2012-06-28,6.65,11.88
2012-06-29,6.69,10.42
2012-06-30,6.629,10.7
2012-07-01,6.76,10.83
2012-07-02,6.45,15.14
2012-07-03,6.51,15.6
2012-07-04,6.67,17.14
2012-07-05,6.648,17.06
2012-07-06,6.7620000000000005,17.43
2012-07-07,6.7989999999999995,16.68
2012-07-08,7.021,8.535
2012-07-09,7.2,8.814
2012-07-10,7.15,10.38
2012-07-11,7.763999999999999,20.44
2012-07-12,7.665,22.98
2012-07-13,7.542000000000001,24.9
2012-07-14,7.621,24.46
2012-07-15,8.5,35.74
2012-07-16,8.8,33.94
2012-07-17,9.11,30.34
2012-07-18,8.87,32.09
2012-07-19,8.52,35.23
2012-07-20,8.846,35.32
2012-07-21,8.41,27.47
2012-07-22,8.446,25.07
2012-07-23,8.6,23.0
2012-07-24,8.8,23.67
2012-07-25,8.9,20.1
2012-07-26,8.9,17.56
2012-07-27,8.888,6.547999999999999
2012-07-28,8.71,10.36
2012-07-29,9.097999999999999,14.56
2012-07-30,9.35,14.95
2012-07-31,9.55,15.25
2012-08-01,10.53,26.91
2012-08-02,10.97,25.26
2012-08-03,10.98,21.61
2012-08-04,10.87,25.08
2012-08-05,10.86,26.42
2012-08-06,11.1,26.42
2012-08-07,11.06,12.74
2012-08-08,11.06,7.117000000000001
2012-08-09,11.39,10.35
2012-08-10,11.51,8.943999999999999
2012-08-11,11.62,8.302
2012-08-12,12.04,10.37
2012-08-13,12.19,8.851
2012-08-14,13.25,18.62
2012-08-15,13.5,18.88
2012-08-16,11.58,53.01
2012-08-17,11.61,52.95
2012-08-18,8.0,111.03
2012-08-19,10.1,137.64
2012-08-20,9.915,132.91
2012-08-21,9.807,131.84
2012-08-22,10.1,128.92
2012-08-23,10.6,130.28
2012-08-24,10.52,62.92
2012-08-25,10.61,17.16
2012-08-26,10.95,15.61
2012-08-27,10.94,14.24
2012-08-28,10.92,14.59
2012-08-29,10.78,10.42
2012-08-30,10.16,19.87
2012-08-31,9.965,19.54
2012-09-01,10.2,18.07
2012-09-02,10.53,21.6
2012-09-03,10.38,21.63
2012-09-04,11.0,27.88
2012-09-05,11.18,19.2
2012-09-06,11.0,18.71
2012-09-07,11.04,18.83
2012-09-08,11.02,18.1
2012-09-09,11.17,16.66
2012-09-10,11.33,8.248
2012-09-11,11.36,7.396
2012-09-12,11.4,4.254
2012-09-13,11.67,6.2
2012-09-14,11.75,5.218
2012-09-15,11.87,5.138
2012-09-16,11.89,5.372000000000001
2012-09-17,12.25,7.542000000000001
2012-09-18,12.57,7.599
2012-09-19,12.28,12.58
2012-09-20,12.37,12.57
2012-09-21,12.24,13.54
2012-09-22,12.19,13.76
2012-09-23,12.1,11.11
2012-09-24,12.2,7.8020000000000005
2012-09-25,12.27,5.412000000000001
2012-09-26,12.31,5.024
2012-09-27,12.39,4.169
2012-09-28,12.36,3.975
2012-09-29,12.4,2.455
2012-09-30,12.4,2.2359999999999998
2012-10-01,12.84,9.043
2012-10-02,12.89,9.019
2012-10-03,12.85,9.486
2012-10-04,12.69,10.6
2012-10-05,12.51,11.75
2012-10-06,11.8,20.01
2012-10-07,11.78,14.93
2012-10-08,11.9,15.67
2012-10-09,12.12,17.8
2012-10-10,12.03,17.78
2012-10-11,12.0,17.76
2012-10-12,11.86,7.437
2012-10-13,11.74,8.015
2012-10-14,11.84,7.834
2012-10-15,11.85,5.029
2012-10-16,11.81,4.886
2012-10-17,11.94,6.19
2012-10-18,11.74,7.072
2012-10-19,11.74,6.521
2012-10-20,11.63,6.272
2012-10-21,11.71,6.778
2012-10-22,11.65,6.8260000000000005
2012-10-23,11.65,5.4879999999999995
2012-10-24,10.86,18.83
2012-10-25,10.17,22.77
2012-10-26,10.26,24.26
2012-10-27,10.7,29.11
2012-10-28,10.6,29.01
2012-10-29,10.89,31.11
2012-10-30,11.2,25.69
2012-10-31,10.57,23.86
2012-11-01,10.47,24.2
2012-11-02,10.64,21.46
2012-11-03,10.8,21.63
2012-11-04,10.75,20.22
2012-11-05,10.9,18.68
2012-11-06,10.92,7.296
2012-11-07,10.93,5.835
2012-11-08,10.82,6.565
2012-11-09,10.89,5.516
2012-11-10,10.87,5.297999999999999
2012-11-11,11.01,5.093
2012-11-12,10.95,5.44
2012-11-13,10.95,5.439
2012-11-14,11.2,6.9110000000000005
2012-11-15,11.75,13.32
2012-11-16,11.79,12.89
2012-11-17,11.65,14.62
2012-11-18,11.8,13.81
2012-11-19,11.73,14.36
2012-11-20,11.77,13.99
2012-11-21,12.42,15.44
2012-11-22,12.35,15.92
2012-11-23,12.41,14.71
2012-11-24,12.48,14.74
2012-11-25,12.25,16.2
2012-11-26,12.2,16.48
2012-11-27,12.35,7.184
2012-11-28,12.45,7.349
2012-11-29,12.57,7.65
2012-11-30,12.56,7.59
2012-12-01,12.5,4.921
2012-12-02,12.68,4.987
2012-12-03,13.41,14.41
2012-12-04,13.38,15.01
2012-12-05,13.3,15.8
2012-12-06,13.5,15.48
2012-12-07,13.42,15.59
2012-12-08,13.39,15.99
2012-12-09,13.43,5.212000000000001
2012-12-10,13.56,5.678
2012-12-11,13.7,5.306
2012-12-12,13.7,4.287
2012-12-13,13.6,4.532
2012-12-14,13.49,5.254
2012-12-15,13.3,6.614
2012-12-16,13.25,5.526
2012-12-17,13.3,4.199
2012-12-18,13.6,8.533
2012-12-19,13.52,8.452
2012-12-20,13.5,8.148
2012-12-21,13.37,7.527
2012-12-22,13.31,7.569
2012-12-23,13.38,7.63
2012-12-24,13.35,3.31
2012-12-25,13.47,4.436
2012-12-26,13.42,4.513999999999999
2012-12-27,13.42,3.542
2012-12-28,13.4,3.2439999999999998
2012-12-29,13.45,3.0989999999999998
2012-12-30,13.51,3.037
2012-12-31,13.3,4.829
2013-01-01,13.28,4.801
2013-01-02,13.4,5.626
2013-01-03,13.5,5.957000000000001
2013-01-04,13.44,6.066
2013-01-05,13.45,5.903
2013-01-06,13.59,4.048
2013-01-07,13.74,4.075
2013-01-08,13.77,4.004
2013-01-09,14.14,7.211
2013-01-10,14.14,6.6339999999999995
2013-01-11,14.24,6.2
2013-01-12,14.12,7.831
2013-01-13,14.3,7.93
2013-01-14,14.25,8.345
2013-01-15,14.73,9.835
2013-01-16,15.5,14.98
2013-01-17,15.7,14.78
2013-01-18,15.62,14.32
2013-01-19,15.7,14.65
2013-01-20,16.8,18.6
2013-01-21,17.26,18.51
2013-01-22,17.5,16.85
2013-01-23,16.9,22.59
2013-01-24,17.4,22.18
2013-01-25,17.88,21.86
2013-01-26,17.82,16.57
2013-01-27,18.72,19.42
2013-01-28,19.53,20.91
2013-01-29,19.7,13.12
2013-01-30,20.41,13.38
2013-01-31,20.5,14.64
2013-02-01,19.63,22.63
2013-02-02,20.59,22.44
2013-02-03,20.43,21.32
2013-02-04,20.6,21.32
2013-02-05,21.18,20.53
2013-02-06,22.15,22.96
2013-02-07,22.66,14.04
2013-02-08,23.65,13.36
2013-02-09,23.97,9.85
2013-02-10,24.65,7.894
2013-02-11,25.17,8.266
2013-02-12,24.2,18.61
2013-02-13,27.22,33.61
2013-02-14,27.1,34.51
2013-02-15,27.22,34.8
2013-02-16,26.81,35.99
2013-02-17,26.95,35.98
2013-02-18,29.42,36.65
2013-02-19,29.65,24.36
2013-02-20,29.75,23.93
2013-02-21,30.25,23.66
2013-02-22,29.8,23.64
2013-02-23,29.89,23.74
2013-02-24,30.4,7.747999999999999
2013-02-25,31.1,9.074
2013-02-26,30.9,9.856
2013-02-27,33.38,21.71
2013-02-28,34.5,19.4
2013-03-01,34.25,20.55
2013-03-02,34.5,20.94
2013-03-03,36.15,22.07
2013-03-04,40.33,28.71
2013-03-05,41.02,27.27
2013-03-06,42.0,27.43
2013-03-07,44.18,24.33
2013-03-08,46.85,21.66
2013-03-09,46.0,28.7
2013-03-10,48.4,19.16
2013-03-11,44.29,37.73
2013-03-12,46.92,39.64
2013-03-13,47.17,38.3
2013-03-14,46.95,35.1
2013-03-15,47.0,34.58
2013-03-16,47.4,31.27
2013-03-17,51.6,24.25
2013-03-18,59.14,38.44
2013-03-19,64.49,38.55
2013-03-20,70.85,34.89
2013-03-21,69.87,37.55
2013-03-22,64.35,53.99
2013-03-23,71.5,55.37
2013-03-24,73.6,48.69
2013-03-25,78.5,47.04
2013-03-26,88.92,51.05
2013-03-27,86.18,52.77
2013-03-28,90.5,36.84
2013-03-29,92.19,34.22
2013-03-30,93.03,35.3
2013-03-31,104.0,40.17
2013-04-01,117.98,40.42
2013-04-02,135.0,36.98
2013-04-03,132.12,45.21
2013-04-04,142.32,42.87
2013-04-05,142.63,43.78
2013-04-06,162.3,45.43
2013-04-07,187.5,47.46
2013-04-08,230.0,57.43
2013-04-09,165.0,127.44
2013-04-10,124.9,151.54
2013-04-11,117.0,151.71
2013-04-12,93.0,149.07
2013-04-13,90.0,131.12
2013-04-14,82.39,82.35
2013-04-15,68.36,65.14
2013-04-16,93.07,125.59
2013-04-17,109.01,136.95
2013-04-18,118.48,118.32
2013-04-19,126.62,115.98
2013-04-20,119.2,113.15
2013-04-21,127.4,80.75
2013-04-22,143.48,48.73
2013-04-23,154.2,40.31
2013-04-24,141.71,54.04
2013-04-25,136.9,54.92
2013-04-26,128.0,55.74
2013-04-27,134.44,54.43
2013-04-28,144.0,46.76
2013-04-29,139.23,41.03
2013-04-30,116.38,58.7
2013-05-01,106.25,60.78
2013-05-02,98.1,61.32
2013-05-03,112.9,76.49
2013-05-04,115.98,72.57
2013-05-05,112.25,72.57
2013-05-06,109.6,56.07
2013-05-07,113.2,50.07
2013-05-08,112.8,41.6
2013-05-09,117.7,20.72
2013-05-10,115.64,20.46
2013-05-11,114.82,17.96
2013-05-12,117.98,16.31
2013-05-13,111.4,23.16
2013-05-14,114.22,24.31
2013-05-15,118.21,23.2
2013-05-16,123.5,24.81
2013-05-17,123.21,24.54
2013-05-18,122.5,24.34
2013-05-19,122.02,14.42
2013-05-20,122.89,14.16
2013-05-21,123.8,12.23
2013-05-22,126.3,6.426
2013-05-23,133.1,14.17
2013-05-24,131.99,14.48
2013-05-25,133.5,13.53
2013-05-26,129.77,17.96
2013-05-27,129.0,18.42
2013-05-28,132.25,18.77
2013-05-29,128.8,13.75
2013-05-30,128.82,13.79
2013-05-31,129.3,13.18
2013-06-01,122.5,18.01
2013-06-02,120.74,18.0
2013-06-03,121.4,15.17
2013-06-04,121.9,15.27
2013-06-05,118.97,15.39
2013-06-06,111.0,20.2
2013-06-07,107.89,18.11
2013-06-08,100.44,22.31
2013-06-09,106.35,31.88
2013-06-10,109.0,33.76
2013-06-11,108.78,33.97
2013-06-12,103.95,31.13
2013-06-13,100.0,31.75
2013-06-14,99.8,25.43
2013-06-15,99.9,17.5
2013-06-16,101.95,16.78
2013-06-17,107.35,23.98
2013-06-18,108.25,19.51
2013-06-19,111.29,13.22
2013-06-20,109.5,15.44
2013-06-21,108.2,16.82
2013-06-22,107.9,17.13
2013-06-23,102.09,18.39
2013-06-24,103.33,18.71
2013-06-25,104.0,15.87
2013-06-26,101.74,16.1
2013-06-27,94.66,22.77
2013-06-28,95.0,23.3
2013-06-29,97.51,23.24
2013-06-30,88.05,33.05
2013-07-01,90.41,35.16
2013-07-02,78.89,46.43
2013-07-03,80.04,47.45
2013-07-04,68.5,56.7
2013-07-05,69.66,55.6
2013-07-06,76.5,65.58
2013-07-07,76.0,63.98
2013-07-08,76.7,53.96
2013-07-09,88.0,66.45
2013-07-10,88.98,38.2
2013-07-11,93.99,37.24
2013-07-12,98.32,34.47
2013-07-13,94.42,39.46
2013-07-14,98.89,38.5
2013-07-15,97.1,25.78
2013-07-16,98.5,25.74
2013-07-17,90.07,34.94
2013-07-18,92.0,32.34
2013-07-19,89.82,31.33
2013-07-20,92.0,28.39
2013-07-21,91.6,28.37
2013-07-22,95.56,31.28
2013-07-23,95.09,16.0
2013-07-24,96.95,15.88
2013-07-25,96.02,13.62
2013-07-26,94.4,14.69
2013-07-27,98.78,17.89
2013-07-28,101.48,16.05
2013-07-29,107.96,20.18
2013-07-30,106.21,22.6
2013-07-31,104.0,23.86
2013-08-01,104.5,22.11
2013-08-02,104.95,20.2
2013-08-03,105.12,19.51
2013-08-04,106.72,9.13
2013-08-05,106.56,7.882000000000001
2013-08-06,105.99,4.599
2013-08-07,103.05,9.503
2013-08-08,102.8,9.265
2013-08-09,103.0,9.28
2013-08-10,105.0,10.03
2013-08-11,106.81,11.38
2013-08-12,109.6,12.99
2013-08-13,112.56,8.062999999999999
2013-08-14,109.99,12.55
2013-08-15,108.99,13.58
2013-08-16,112.75,15.0
2013-08-17,113.38,14.97
2013-08-18,118.5,17.3
2013-08-19,121.2,17.05
2013-08-20,123.3,12.66
2013-08-21,122.0,12.94
2013-08-22,118.51,17.0
2013-08-23,119.6,16.98
2013-08-24,122.11,13.58
2013-08-25,120.07,13.3
2013-08-26,131.29,28.09
2013-08-27,128.76,28.76
2013-08-28,129.3,26.22
2013-08-29,138.03,29.39
2013-08-30,141.0,29.38
2013-08-31,146.01,26.27
2013-09-01,144.0,21.07
2013-09-02,144.0,18.8
2013-09-03,132.51,33.54
2013-09-04,130.2,27.21
2013-09-05,121.9,28.65
2013-09-06,128.99,32.82
2013-09-07,126.32,32.74
2013-09-08,133.1,38.32
2013-09-09,132.62,30.96
2013-09-10,142.1,35.14
2013-09-11,139.35,27.25
2013-09-12,140.66,24.96
2013-09-13,136.71,25.96
2013-09-14,138.3,22.74
2013-09-15,139.42,22.51
2013-09-16,139.15,11.07
2013-09-17,140.41,10.1
2013-09-18,135.05,14.24
2013-09-19,133.81,12.53
2013-09-20,134.38,11.9
2013-09-21,134.0,11.22
2013-09-22,133.4,11.15
2013-09-23,134.78,11.31
2013-09-24,135.0,4.566
2013-09-25,137.1,5.061
2013-09-26,138.93,5.64
2013-09-27,142.5,6.952000000000001
2013-09-28,143.88,5.157
2013-09-29,141.9,8.862
2013-09-30,140.3,10.31
2013-10-01,123.0,37.97
2013-10-02,130.99,43.49
2013-10-03,136.82,45.01
2013-10-04,136.7,44.77
2013-10-05,137.8,44.93
2013-10-06,135.8,44.98
2013-10-07,136.49,19.46
2013-10-08,139.5,13.24
2013-10-09,140.41,7.859
2013-10-10,140.1,7.943
2013-10-11,142.89,9.0
2013-10-12,147.53,8.415
2013-10-13,151.37,8.384
2013-10-14,158.09,11.01
2013-10-15,152.82,18.45
2013-10-16,157.59,18.04
2013-10-17,168.28,21.89
2013-10-18,183.15,26.89
2013-10-19,186.1,27.34
2013-10-20,192.78,27.2
2013-10-21,202.99,16.55
2013-10-22,227.97,23.56
2013-10-23,206.98,48.43
2013-10-24,197.88,49.32
2013-10-25,188.56,51.93
2013-10-26,206.91,57.16
2013-10-27,206.9,55.71
2013-10-28,216.0,45.36
2013-10-29,208.0,37.58
2013-10-30,211.17,34.57
2013-10-31,213.43,29.01
2013-11-01,211.69,17.69
2013-11-02,224.0,22.51
2013-11-03,238.16,25.01
2013-11-04,251.3,19.3
2013-11-05,264.1,18.98
2013-11-06,309.65,35.63
2013-11-07,355.0,31.96
2013-11-08,367.79,34.1
2013-11-09,336.32,58.03
2013-11-10,362.98,58.22
2013-11-11,380.04,58.3
2013-11-12,434.85,54.99
2013-11-13,433.4,49.95
2013-11-14,433.92,50.66
2013-11-15,461.96,33.9
2013-11-16,528.3,40.34
2013-11-17,785.43,97.56
2013-11-18,645.69,129.02
2013-11-19,637.97,129.44
2013-11-20,764.91,130.87
2013-11-21,802.0,131.26
2013-11-22,832.5,131.14
2013-11-23,795.01,81.9
2013-11-24,829.99,51.21
2013-11-25,969.96,55.6
2013-11-26,1079.89,45.29
2013-11-27,1101.38,46.43
2013-11-28,1206.93,47.13
2013-11-29,1205.66,39.03
2013-11-30,1004.39,79.03
2013-12-01,1096.56,71.52
2013-12-02,1154.86,67.07
2013-12-03,1237.55,68.91
2013-12-04,1106.35,72.11
2013-12-05,845.02,98.94
2013-12-06,697.02,100.05
2013-12-07,803.96,107.92
2013-12-08,918.95,116.65
2013-12-09,1033.72,121.17
2013-12-10,919.93,121.44
2013-12-11,899.98,94.42
2013-12-12,936.77,68.01
2013-12-13,908.94,63.09
2013-12-14,919.88,51.56
2013-12-15,759.92,57.05
2013-12-16,714.97,53.36
2013-12-17,540.98,82.04
2013-12-18,731.95,131.93
2013-12-19,649.96,133.44
2013-12-20,640.48,132.45
2013-12-21,639.49,125.85
2013-12-22,713.24,130.32
2013-12-23,702.75,96.19
2013-12-24,707.25,47.82
2013-12-25,801.98,42.55
2013-12-26,803.05,41.11
2013-12-27,761.99,47.18
2013-12-28,784.96,39.74
2013-12-29,804.83,38.48
2013-12-30,805.94,38.69
2013-12-31,815.94,19.48
2014-01-01,856.91,23.05
2014-01-02,884.26,10.86
2014-01-03,924.69,12.13
2014-01-04,1014.74,21.31
2014-01-05,1012.65,21.84
2014-01-06,879.9,53.41
2014-01-07,938.84,54.51
2014-01-08,936.95,54.38
2014-01-09,957.76,53.45
2014-01-10,1005.32,48.24
2014-01-11,939.79,51.4
2014-01-12,922.91,31.66
2014-01-13,919.28,25.78
2014-01-14,941.22,26.81
2014-01-15,913.49,26.88
2014-01-16,894.16,19.79
2014-01-17,905.72,13.8
2014-01-18,954.8,20.17
2014-01-19,955.95,20.0
2014-01-20,962.21,19.25
2014-01-21,950.95,16.99
2014-01-22,944.16,15.29
2014-01-23,916.55,18.35
2014-01-24,961.05,17.08
2014-01-25,1007.0,21.03
2014-01-26,943.54,28.99
2014-01-27,932.68,28.99
2014-01-28,925.67,28.99
2014-01-29,941.39,28.0
2014-01-30,938.85,24.33
2014-01-31,940.42,18.51
2014-02-01,953.31,7.529
2014-02-02,931.71,9.602
2014-02-03,926.64,9.479
2014-02-04,904.52,9.635
2014-02-05,828.87,23.52
2014-02-06,695.65,46.15
2014-02-07,648.78,41.32
2014-02-08,659.57,45.85
2014-02-09,582.63,45.24
2014-02-10,578.96,47.27
2014-02-11,531.13,47.25
2014-02-12,451.44,44.96
2014-02-13,427.68,45.23
2014-02-14,371.07,38.69
2014-02-15,299.8,50.11
2014-02-16,272.28,38.26
2014-02-17,293.95,67.09
2014-02-18,261.53,64.38
2014-02-19,111.92,211.62
2014-02-20,111.56,219.41
2014-02-21,255.59,352.8
2014-02-22,310.17,356.43
2014-02-23,174.0,389.66
2014-02-24,135.78,392.11
2014-02-25,593.14,495.99
2014-02-26,596.49,495.56
2014-02-27,573.94,466.06
2014-02-28,557.39,467.47
2014-03-01,544.56,419.12
2014-03-02,662.18,395.13
2014-03-03,661.85,58.33
2014-03-04,658.3,58.62
2014-03-05,648.26,57.04
2014-03-06,616.73,58.83
2014-03-07,609.21,58.25
2014-03-08,627.05,16.78
2014-03-09,612.97,16.86
2014-03-10,608.69,16.8
2014-03-11,619.43,18.63
2014-03-12,625.04,12.87
2014-03-13,614.03,13.48
2014-03-14,624.03,11.51
2014-03-15,619.14,9.59
2014-03-16,606.38,11.25
2014-03-17,598.93,9.856
2014-03-18,594.96,8.665
2014-03-19,565.99,14.26
2014-03-20,549.6,10.87
2014-03-21,564.34,16.82
2014-03-22,551.16,16.91
2014-03-23,567.56,20.92
2014-03-24,562.89,20.91
2014-03-25,562.45,16.27
2014-03-26,460.45,56.71
2014-03-27,482.61,58.71
2014-03-28,477.11,58.84
2014-03-29,446.92,56.86
2014-03-30,444.66,57.02
2014-03-31,463.45,60.52
2014-04-01,424.37,36.11
2014-04-02,436.31,33.58
2014-04-03,444.36,34.92
2014-04-04,456.63,31.29
2014-04-05,455.69,31.23
2014-04-06,462.38,29.22
2014-04-07,466.56,7.496
2014-04-08,457.34,11.04
2014-04-09,384.63,49.28
2014-04-10,435.14,62.89
2014-04-11,437.65,62.99
2014-04-12,427.6,62.7
2014-04-13,478.38,71.4
2014-04-14,526.43,74.71
2014-04-15,536.95,41.05
2014-04-16,502.0,45.52
2014-04-17,485.52,48.02
2014-04-18,506.02,46.4
2014-04-19,498.51,38.26
2014-04-20,495.16,25.34
2014-04-21,487.91,23.42
2014-04-22,487.3,16.59
2014-04-23,500.29,15.43
2014-04-24,464.49,21.8
2014-04-25,457.87,21.8
2014-04-26,443.18,22.15
2014-04-27,441.92,22.55
2014-04-28,446.12,23.35
2014-04-29,445.63,20.1
2014-04-30,460.13,14.38
2014-05-01,453.67,14.36
2014-05-02,438.65,14.56
2014-05-03,436.05,14.61
2014-05-04,430.87,14.25
2014-05-05,432.19,14.41
2014-05-06,446.55,14.56
2014-05-07,441.11,14.47
2014-05-08,445.45,11.27
2014-05-09,451.9,11.27
2014-05-10,433.23,16.95
2014-05-11,438.21,17.19
2014-05-12,433.92,14.21
2014-05-13,442.63,15.33
2014-05-14,448.1,15.47
2014-05-15,453.63,15.32
2014-05-16,452.79,7.234
2014-05-17,450.14,7.859
2014-05-18,443.9,8.558
2014-05-19,484.57,24.4
2014-05-20,488.84,24.46
2014-05-21,515.36,26.49
2014-05-22,518.09,26.01
2014-05-23,520.46,25.16
2014-05-24,570.44,27.22
2014-05-25,582.01,23.09
2014-05-26,570.1,26.59
2014-05-27,570.84,25.61
2014-05-28,564.42,26.64
2014-05-29,612.35,31.76
2014-05-30,627.91,24.13
2014-05-31,649.79,24.63
2014-06-01,655.49,21.67
2014-06-02,669.43,20.56
2014-06-03,638.93,27.3
2014-06-04,660.18,20.05
2014-06-05,650.41,20.75
2014-06-06,651.67,18.62
2014-06-07,651.05,18.43
2014-06-08,644.35,17.03
2014-06-09,655.62,11.77
2014-06-10,642.95,8.838
2014-06-11,597.13,20.93
2014-06-12,610.35,22.87
2014-06-13,583.42,24.25
2014-06-14,582.29,24.59
2014-06-15,599.08,26.07
2014-06-16,605.09,26.82
2014-06-17,606.21,17.17
2014-06-18,600.17,16.16
2014-06-19,590.75,10.38
2014-06-20,597.04,10.5
2014-06-21,603.62,7.667000000000001
2014-06-22,591.17,8.992
2014-06-23,588.77,8.802999999999999
2014-06-24,568.45,12.07
2014-06-25,582.7,14.74
2014-06-26,602.23,17.42
2014-06-27,597.56,17.26
2014-06-28,601.06,16.14
2014-06-29,635.14,21.08
2014-06-30,643.19,14.6
2014-07-01,645.72,15.15
2014-07-02,638.03,15.87
2014-07-03,623.96,17.64
2014-07-04,622.96,17.8
2014-07-05,626.65,8.452
2014-07-06,613.6,8.164
2014-07-07,615.32,8.027000000000001
2014-07-08,623.0,9.527999999999999
2014-07-09,618.39,7.709
2014-07-10,632.9,10.17
2014-07-11,635.9,10.14
2014-07-12,628.03,8.555
2014-07-13,618.32,10.05
2014-07-14,619.6,9.381
2014-07-15,614.8,9.402000000000001
2014-07-16,626.58,8.485
2014-07-17,627.47,8.312999999999999
2014-07-18,627.04,7.63
2014-07-19,620.98,6.7139999999999995
2014-07-20,625.13,6.905
2014-07-21,622.53,6.544
2014-07-22,621.69,3.612
2014-07-23,601.87,8.936
2014-07-24,600.5,8.849
2014-07-25,596.0,8.815
2014-07-26,595.03,7.9510000000000005
2014-07-27,587.93,7.882999999999999
2014-07-28,585.77,7.696000000000001
2014-07-29,564.64,8.806000000000001
2014-07-30,589.52,17.11
2014-07-31,598.78,17.71
2014-08-01,591.72,18.04
2014-08-02,588.94,17.76
2014-08-03,592.77,17.77
2014-08-04,588.76,13.39
2014-08-05,589.77,6.57
2014-08-06,592.8,4.784
2014-08-07,595.85,3.702
2014-08-08,589.52,4.731
2014-08-09,592.06,4.5089999999999995
2014-08-10,575.89,8.713
2014-08-11,567.66,8.921
2014-08-12,542.1,12.93
2014-08-13,504.8,18.0
2014-08-14,496.45,17.58
2014-08-15,522.01,26.91
2014-08-16,485.5,30.36
2014-08-17,462.18,30.41
2014-08-18,485.12,37.12
2014-08-19,516.78,38.13
2014-08-20,517.94,37.58
2014-08-21,516.1,34.91
2014-08-22,497.68,29.48
2014-08-23,509.71,24.05
2014-08-24,502.93,22.58
2014-08-25,512.56,14.55
2014-08-26,515.23,14.64
2014-08-27,510.75,14.79
2014-08-28,512.56,9.691
2014-08-29,505.96,8.408999999999999
2014-08-30,481.78,15.41
2014-08-31,477.19,12.92
2014-09-01,478.94,12.75
2014-09-02,480.04,13.34
2014-09-03,490.99,15.81
2014-09-04,483.65,15.89
2014-09-05,484.47,8.562000000000001
2014-09-06,485.75,7.8629999999999995
2014-09-07,475.69,10.13
2014-09-08,474.9,10.07
2014-09-09,479.7,7.735
2014-09-10,478.49,6.843
2014-09-11,477.73,6.755
2014-09-12,478.17,6.66
2014-09-13,477.74,3.111
2014-09-14,477.71,3.034
2014-09-15,466.75,6.0729999999999995
2014-09-16,461.09,6.343999999999999
2014-09-17,424.26,21.4
2014-09-18,397.67,23.11
2014-09-19,411.53,28.38
2014-09-20,401.62,27.27
2014-09-21,404.09,28.9
2014-09-22,436.86,40.12
2014-09-23,423.77,33.61
2014-09-24,412.29,28.5
2014-09-25,404.46,27.51
2014-09-26,399.02,26.92
2014-09-27,379.08,29.86
2014-09-28,376.77,10.41
2014-09-29,388.17,17.63
2014-09-30,382.84,17.14
2014-10-01,375.14,17.18
2014-10-02,363.45,17.95
2014-10-03,335.32,23.79
2014-10-04,322.86,23.66
2014-10-05,331.55,23.01
2014-10-06,331.65,23.97
2014-10-07,350.87,32.37
2014-10-08,360.91,33.08
2014-10-09,361.71,21.17
2014-10-10,361.22,14.98
2014-10-11,373.17,15.33
2014-10-12,387.32,14.47
2014-10-13,397.1,10.69
2014-10-14,393.17,13.02
2014-10-15,379.77,18.58
2014-10-16,380.48,18.46
2014-10-17,390.88,17.88
2014-10-18,387.28,15.43
2014-10-19,380.39,13.61
2014-10-20,382.35,13.94
2014-10-21,378.93,10.4
2014-10-22,355.78,19.7
2014-10-23,355.1,16.03
2014-10-24,346.72,15.98
2014-10-25,348.67,17.25
2014-10-26,350.09,17.14
2014-10-27,351.06,17.76
2014-10-28,335.12,13.8
2014-10-29,344.86,17.35
2014-10-30,337.87,17.05
2014-10-31,325.43,18.73
2014-11-01,322.55,18.11
2014-11-02,324.24,18.32
2014-11-03,327.96,15.62
2014-11-04,338.01,15.89
2014-11-05,347.67,16.71
2014-11-06,341.87,12.58
2014-11-07,343.54,11.44
2014-11-08,362.04,15.78
2014-11-09,367.15,15.7
2014-11-10,365.42,16.3
2014-11-11,432.03,45.14
2014-11-12,428.72,44.27
2014-11-13,396.53,54.14
2014-11-14,374.86,56.98
2014-11-15,385.61,57.29
2014-11-16,384.69,57.25
2014-11-17,379.16,25.5
2014-11-18,381.43,26.41
2014-11-19,357.3,24.08
2014-11-20,351.77,20.62
2014-11-21,352.01,17.14
2014-11-22,365.85,22.5
2014-11-23,378.85,25.11
2014-11-24,376.43,25.07
2014-11-25,365.35,18.17
2014-11-26,368.83,17.08
2014-11-27,377.59,17.34
2014-11-28,376.28,15.24
2014-11-29,374.93,11.72
2014-11-30,378.61,11.97
2014-12-01,380.64,6.656000000000001
2014-12-02,376.96,7.882999999999999
2014-12-03,369.84,6.821000000000001
2014-12-04,377.63,9.448
2014-12-05,376.26,9.45
2014-12-06,376.47,8.986
2014-12-07,364.95,11.71
2014-12-08,352.19,14.06
2014-12-09,347.94,13.85
2014-12-10,347.68,10.45
2014-12-11,353.4,13.16
2014-12-12,348.24,12.68
2014-12-13,349.35,11.75
2014-12-14,345.37,7.845
2014-12-15,330.22,13.77
2014-12-16,320.02,14.67
2014-12-17,310.34,11.36
2014-12-18,317.78,16.8
2014-12-19,330.35,22.09
2014-12-20,322.63,22.44
2014-12-21,330.84,21.23
2014-12-22,335.25,18.68
2014-12-23,322.4,20.25
2014-12-24,318.99,19.8
2014-12-25,329.98,19.0
2014-12-26,315.34,22.0
2014-12-27,316.53,20.23
2014-12-28,314.12,19.14
2014-12-29,311.27,16.86
2014-12-30,318.24,18.3
2014-12-31,314.89,14.6
2015-01-01,315.21,8.122
2015-01-02,287.13,26.15
2015-01-03,264.72,31.08
2015-01-04,274.84,35.79
2015-01-05,282.27,36.28
2015-01-06,291.34,38.91
2015-01-07,282.69,38.84
2015-01-08,287.97,30.88
2015-01-09,273.35,24.51
2015-01-10,264.77,23.7
2015-01-11,269.33,22.66
2015-01-12,221.29,52.13
2015-01-13,164.92,83.9
2015-01-14,209.78,121.63
2015-01-15,206.92,122.09
2015-01-16,199.65,122.05
2015-01-17,210.62,124.09
2015-01-18,215.87,113.86
2015-01-19,210.55,68.19
2015-01-20,228.17,30.69
2015-01-21,232.7,29.36
2015-01-22,232.17,24.92
2015-01-23,248.16,26.42
2015-01-24,252.09,26.61
2015-01-25,269.18,22.41
2015-01-26,263.27,23.69
2015-01-27,236.17,42.97
2015-01-28,233.99,43.08
2015-01-29,231.84,37.57
2015-01-30,218.51,38.29
2015-01-31,225.29,31.78
2015-02-01,238.86,39.83
2015-02-02,227.41,29.78
2015-02-03,226.58,29.77
2015-02-04,216.52,31.71
2015-02-05,222.96,28.94
2015-02-06,227.68,28.26
2015-02-07,223.67,21.63
2015-02-08,220.34,18.05
2015-02-09,219.67,18.05
2015-02-10,218.83,12.66
2015-02-11,221.79,10.12
2015-02-12,236.17,19.71
2015-02-13,258.64,28.15
2015-02-14,233.27,44.25
2015-02-15,235.83,44.06
2015-02-16,243.2,43.98
2015-02-17,235.2,46.12
2015-02-18,241.92,43.53
2015-02-19,244.52,33.9
2015-02-20,244.41,15.4
2015-02-21,235.73,19.29
2015-02-22,238.82,17.31
2015-02-23,238.89,14.28
2015-02-24,237.33,11.69
2015-02-25,236.53,10.82
2015-02-26,253.47,23.02
2015-02-27,254.06,18.83
2015-02-28,257.94,18.84
2015-03-01,273.75,21.9
2015-03-02,280.65,19.79
2015-03-03,271.92,24.55
2015-03-04,275.23,19.57
2015-03-05,272.56,20.43
2015-03-06,274.91,20.41
2015-03-07,274.49,12.97
2015-03-08,290.02,19.03
2015-03-09,291.37,14.95
2015-03-10,295.6,14.97
2015-03-11,293.85,14.52
2015-03-12,287.21,17.44
2015-03-13,281.6,18.87
2015-03-14,284.88,10.45
2015-03-15,290.41,12.0
2015-03-16,285.38,11.6
2015-03-17,255.92,30.08
2015-03-18,260.93,32.17
2015-03-19,261.78,32.53
2015-03-20,259.71,31.71
2015-03-21,268.57,33.26
2015-03-22,265.46,33.23
2015-03-23,246.72,24.39
2015-03-24,246.37,23.11
2015-03-25,248.02,23.3
2015-03-26,247.21,23.35
2015-03-27,252.02,21.36
2015-03-28,242.08,22.82
2015-03-29,246.79,14.5
2015-03-30,244.15,14.8
2015-03-31,246.24,14.89
2015-04-01,252.6,16.47
2015-04-02,254.48,15.79
2015-04-03,252.89,9.257
2015-04-04,259.64,10.2
2015-04-05,254.97,11.52
2015-04-06,252.97,12.19
2015-04-07,244.57,13.66
2015-04-08,243.32,13.04
2015-04-09,234.73,15.08
2015-04-10,236.48,11.23
2015-04-11,235.85,11.68
2015-04-12,223.59,15.68
2015-04-13,217.99,15.22
2015-04-14,222.97,18.84
2015-04-15,227.98,19.59
2015-04-16,222.59,19.7
2015-04-17,223.35,19.97
2015-04-18,223.02,13.93
2015-04-19,224.24,11.37
2015-04-20,233.73,14.61
2015-04-21,233.78,13.92
2015-04-22,235.4,10.58
2015-04-23,231.09,13.0
2015-04-24,226.14,14.96
2015-04-25,218.7,17.67
2015-04-26,228.96,18.66
2015-04-27,225.81,18.81
2015-04-28,225.42,18.44
2015-04-29,235.77,22.51
2015-04-30,233.21,21.65
2015-05-01,235.34,17.73
2015-05-02,239.99,14.52
2015-05-03,238.97,13.47
2015-05-04,235.82,14.61
2015-05-05,230.03,10.61
2015-05-06,237.73,14.14
2015-05-07,243.74,15.31
2015-05-08,241.4,15.05
2015-05-09,239.96,15.11
2015-05-10,241.81,14.47
2015-05-11,241.58,11.4
2015-05-12,236.38,10.55
2015-05-13,236.9,6.8
2015-05-14,237.2,6.75
2015-05-15,236.23,6.695
2015-05-16,236.3,5.962999999999999
2015-05-17,232.64,6.615
2015-05-18,232.02,4.336
2015-05-19,233.96,5.212000000000001
2015-05-20,235.38,5.622000000000001
2015-05-21,240.37,8.055
2015-05-22,238.94,8.4
2015-05-23,240.98,6.2829999999999995
2015-05-24,237.41,8.279
2015-05-25,237.84,8.156
2015-05-26,237.29,8.172
2015-05-27,237.32,5.207999999999999
2015-05-28,237.03,5.059
2015-05-29,233.22,5.247999999999999
2015-05-30,229.84,5.197
2015-05-31,223.14,7.684
2015-06-01,225.74,9.65
2015-06-02,225.59,9.592
2015-06-03,224.22,9.36
2015-06-04,225.29,9.703
2015-06-05,224.74,9.283
2015-06-06,223.47,4.492
2015-06-07,228.57,7.11
2015-06-08,229.56,7.069
2015-06-09,228.79,6.8
2015-06-10,229.88,6.8
2015-06-11,230.46,6.558
2015-06-12,232.48,5.776
2015-06-13,233.75,2.654
2015-06-14,237.0,3.812
2015-06-15,249.82,12.55
2015-06-16,247.38,14.07
2015-06-17,248.44,13.97
2015-06-18,244.13,16.19
2015-06-19,244.98,16.23
2015-06-20,244.1,16.35
2015-06-21,247.46,7.327000000000001
2015-06-22,243.76,7.95
2015-06-23,240.56,8.055
2015-06-24,242.56,7.66
2015-06-25,242.95,7.579
2015-06-26,250.73,11.54
2015-06-27,248.88,11.48
2015-06-28,256.97,12.69
2015-06-29,264.12,11.19
2015-06-30,257.62,15.72
2015-07-01,254.88,16.62
2015-07-02,255.4,14.78
2015-07-03,260.55,14.93
2015-07-04,270.14,15.55
2015-07-05,269.08,14.45
2015-07-06,266.21,12.42
2015-07-07,268.64,11.27
2015-07-08,269.14,11.28
2015-07-09,283.62,16.33
2015-07-10,291.97,15.59
2015-07-11,310.44,18.98
2015-07-12,290.35,30.43
2015-07-13,286.96,31.26
2015-07-14,283.42,31.85
2015-07-15,276.59,29.28
2015-07-16,279.62,27.86
2015-07-17,274.05,16.92
2015-07-18,273.18,8.346
2015-07-19,277.68,10.91
2015-07-20,275.09,10.77
2015-07-21,276.46,8.908
2015-07-22,275.52,8.177999999999999
2015-07-23,288.37,13.34
2015-07-24,288.74,13.05
2015-07-25,291.77,12.86
2015-07-26,293.01,11.71
2015-07-27,293.7,11.84
2015-07-28,288.37,13.83
2015-07-29,287.02,6.5120000000000005
2015-07-30,283.73,7.0489999999999995
2015-07-31,280.47,5.8020000000000005
2015-08-01,281.36,5.632999999999999
2015-08-02,281.58,5.4239999999999995
2015-08-03,284.3,5.577000000000001
2015-08-04,281.72,5.857
2015-08-05,278.0,6.0920000000000005
2015-08-06,277.89,5.506
2015-08-07,258.6,19.43
2015-08-08,263.87,21.32
2015-08-09,263.3,20.56
2015-08-10,269.03,22.59
2015-08-11,267.66,22.52
2015-08-12,263.44,22.56
2015-08-13,265.03,9.73
2015-08-14,260.52,9.554
2015-08-15,257.12,10.0
2015-08-16,257.13,6.19
2015-08-17,246.72,10.86
2015-08-18,226.0,22.82
2015-08-19,234.66,27.68
2015-08-20,232.4,27.82
2015-08-21,229.54,27.84
2015-08-22,226.75,27.3
2015-08-23,211.43,30.1
2015-08-24,220.51,26.97
2015-08-25,224.97,24.95
2015-08-26,222.73,24.95
2015-08-27,231.64,27.71
2015-08-28,228.5,27.78
2015-08-29,228.4,16.15
2015-08-30,229.47,13.13
2015-08-31,227.18,12.96
2015-09-01,228.63,12.42
2015-09-02,226.2,5.666
2015-09-03,230.25,7.115
2015-09-04,233.67,7.925
2015-09-05,239.86,9.972000000000001
2015-09-06,239.58,8.85
2015-09-07,243.24,8.95
2015-09-08,237.41,11.96
2015-09-09,238.08,11.58
2015-09-10,239.9,11.24
2015-09-11,235.6,10.04
2015-09-12,230.19,11.36
2015-09-13,229.91,9.291
2015-09-14,229.53,8.057
2015-09-15,228.6,7.632000000000001
2015-09-16,232.72,9.565
2015-09-17,232.21,8.591000000000001
2015-09-18,231.11,5.627999999999999
2015-09-19,231.09,5.603
2015-09-20,226.33,8.144
2015-09-21,230.01,9.477
2015-09-22,229.89,7.777
2015-09-23,233.76,9.264
2015-09-24,235.03,9.107999999999999
2015-09-25,234.3,9.227
2015-09-26,232.5,6.702999999999999
2015-09-27,238.87,8.695
2015-09-28,236.71,9.543
2015-09-29,235.93,8.884
2015-09-30,237.05,8.86
2015-10-01,236.71,8.797
2015-10-02,238.58,8.335
2015-10-03,238.33,3.9560000000000004
2015-10-04,240.15,3.2510000000000003
2015-10-05,246.14,6.276
2015-10-06,242.98,8.312999999999999
2015-10-07,242.58,8.325
2015-10-08,244.04,8.266
2015-10-09,245.35,8.12
2015-10-10,247.65,8.184
2015-10-11,245.35,5.945
2015-10-12,248.78,5.4479999999999995
2015-10-13,252.33,5.697
2015-10-14,254.44,5.711
2015-10-15,262.87,8.876
2015-10-16,269.58,9.542
2015-10-17,261.67,14.31
2015-10-18,263.82,14.28
2015-10-19,269.75,14.66
2015-10-20,267.11,15.73
2015-10-21,274.42,15.03
2015-10-22,276.92,13.94
2015-10-23,282.56,8.806000000000001
2015-10-24,287.86,8.777000000000001
2015-10-25,285.15,10.36
2015-10-26,294.66,9.878
2015-10-27,303.54,10.15
2015-10-28,313.63,10.57
2015-10-29,327.12,12.02
2015-10-30,311.24,23.49
2015-10-31,322.95,22.95
2015-11-01,359.28,32.8
2015-11-02,396.49,37.13
2015-11-03,400.89,38.17
2015-11-04,382.7,44.8
2015-11-05,369.81,42.66
2015-11-06,385.09,42.73
2015-11-07,371.56,37.17
2015-11-08,380.22,23.97
2015-11-09,336.69,37.85
2015-11-10,304.71,42.43
2015-11-11,333.85,54.99
2015-11-12,333.77,52.31
2015-11-13,331.77,52.33
2015-11-14,317.45,50.75
2015-11-15,330.21,43.5
2015-11-16,333.91,30.36
2015-11-17,335.92,17.91
2015-11-18,324.98,20.15
2015-11-19,321.12,20.26
2015-11-20,324.7,16.12
2015-11-21,322.78,11.31
2015-11-22,322.12,10.3
2015-11-23,318.35,9.593
2015-11-24,327.52,10.38
2015-11-25,353.74,21.82
2015-11-26,359.52,21.76
2015-11-27,355.83,22.19
2015-11-28,370.84,22.15
2015-11-29,377.97,19.25
2015-11-30,361.8,27.39
2015-12-01,359.98,19.39
2015-12-02,360.31,18.91
2015-12-03,361.67,18.59
2015-12-04,386.69,23.76
2015-12-05,393.38,23.68
2015-12-06,394.28,17.64
2015-12-07,410.67,17.58
2015-12-08,416.0,16.6
2015-12-09,415.49,17.17
2015-12-10,449.83,20.04
2015-12-11,432.29,26.76
2015-12-12,434.69,26.63
2015-12-13,442.0,25.47
2015-12-14,462.65,27.02
2015-12-15,453.98,28.48
2015-12-16,455.53,19.37
2015-12-17,463.18,13.97
2015-12-18,461.2,14.57
2015-12-19,441.78,20.0
2015-12-20,437.59,13.48
2015-12-21,437.03,13.21
2015-12-22,442.43,13.98
2015-12-23,452.98,14.99
2015-12-24,454.05,15.07
2015-12-25,415.37,26.53
2015-12-26,422.39,27.52
2015-12-27,421.76,27.52
2015-12-28,431.92,28.34
2015-12-29,427.15,26.91
2015-12-30,429.95,27.1
2015-12-31,433.99,8.248
2016-01-01,433.72,7.832999999999999
2016-01-02,430.7,8.317
2016-01-03,433.32,5.417999999999999
2016-01-04,431.2,4.426
2016-01-05,430.82,4.144
2016-01-06,457.05,16.56
2016-01-07,452.87,17.13
2016-01-08,448.31,17.38
2016-01-09,446.19,17.65
2016-01-10,447.72,17.39
2016-01-11,445.04,17.62
2016-01-12,432.18,7.191
2016-01-13,429.13,7.2170000000000005
2016-01-14,372.26,36.62
2016-01-15,385.04,40.3
2016-01-16,382.47,39.78
2016-01-17,384.4,40.37
2016-01-18,379.46,40.44
2016-01-19,414.58,50.4
2016-01-20,410.24,25.95
2016-01-21,382.65,33.64
2016-01-22,388.61,33.85
2016-01-23,402.13,34.92
2016-01-24,392.76,35.57
2016-01-25,389.78,23.48
2016-01-26,395.02,24.33
2016-01-27,379.69,18.07
2016-01-28,380.29,17.32
2016-01-29,377.76,12.35
2016-01-30,369.84,12.14
2016-01-31,372.18,12.93
2016-02-01,373.92,11.87
2016-02-02,368.02,7.505
2016-02-03,390.65,19.22
2016-02-04,386.46,19.45
2016-02-05,376.68,19.98
2016-02-06,377.94,19.95
2016-02-07,372.63,20.42
2016-02-08,375.32,19.85
2016-02-09,381.88,10.43
2016-02-10,379.45,10.23
2016-02-11,384.04,7.723
2016-02-12,390.1,8.418
2016-02-13,405.5,9.735
2016-02-14,401.07,11.85
2016-02-15,406.42,11.72
2016-02-16,417.14,10.9
2016-02-17,421.4,10.97
2016-02-18,419.98,12.08
2016-02-19,440.06,13.69
2016-02-20,437.87,12.82
2016-02-21,437.79,13.44
2016-02-22,419.9,18.77
2016-02-23,422.72,18.65
2016-02-24,423.48,18.61
2016-02-25,427.32,12.34
2016-02-26,431.3,12.91
2016-02-27,432.47,12.98
2016-02-28,436.21,2.185
2016-02-29,434.04,3.736
2016-03-01,425.36,7.678999999999999
2016-03-02,419.56,7.981
2016-03-03,409.48,8.57
2016-03-04,399.0,8.734
2016-03-05,405.96,10.72
2016-03-06,414.87,14.11
2016-03-07,411.9,13.51
2016-03-08,412.76,13.33
2016-03-09,415.83,11.47
2016-03-10,419.11,6.851
2016-03-11,410.36,9.642000000000001
2016-03-12,412.41,7.439
2016-03-13,414.31,7.26
2016-03-14,415.13,7.257999999999999
2016-03-15,415.91,6.978
2016-03-16,418.16,6.766
2016-03-17,408.16,7.593999999999999
2016-03-18,408.69,7.4079999999999995
2016-03-19,411.53,7.599
2016-03-20,411.11,7.5360000000000005
2016-03-21,416.21,8.429
2016-03-22,416.98,8.289
2016-03-23,414.74,4.09
2016-03-24,415.71,4.069
2016-03-25,416.51,3.85
2016-03-26,424.57,5.807
2016-03-27,422.21,5.939
2016-03-28,415.0,7.962000000000001
2016-03-29,412.44,8.005
2016-03-30,415.66,8.325
2016-03-31,415.64,8.302
2016-04-01,418.51,6.18
2016-04-02,419.06,6.15
2016-04-03,419.33,3.365
2016-04-04,422.07,2.351
2016-04-05,421.26,2.39
2016-04-06,420.14,2.6919999999999997
2016-04-07,417.69,2.78
2016-04-08,418.05,2.759
2016-04-09,420.25,3.16
2016-04-10,421.43,2.6489999999999996
2016-04-11,424.74,3.327
2016-04-12,423.47,3.363
2016-04-13,424.02,2.472
2016-04-14,428.67,3.247
2016-04-15,430.05,3.235
2016-04-16,426.26,4.734
2016-04-17,427.69,4.388
2016-04-18,434.92,5.769
2016-04-19,441.16,6.191
2016-04-20,449.34,6.925
2016-04-21,445.28,8.294
2016-04-22,450.08,6.832999999999999
2016-04-23,457.56,6.792999999999999
2016-04-24,461.73,6.562
2016-04-25,466.0,6.415
2016-04-26,447.01,14.33
2016-04-27,448.48,14.1
2016-04-28,454.98,14.35
2016-04-29,448.53,13.99
2016-04-30,452.24,13.93
2016-05-01,444.18,13.7
2016-05-02,450.27,9.274
2016-05-03,445.8,9.693
2016-05-04,448.08,8.681000000000001
2016-05-05,459.56,10.4
2016-05-06,458.46,10.42
2016-05-07,457.87,8.363
2016-05-08,460.44,7.916
2016-05-09,449.36,10.58
2016-05-10,452.5,10.65
2016-05-11,454.43,7.6739999999999995
2016-05-12,455.41,7.744
2016-05-13,456.44,7.796
2016-05-14,458.11,7.68
2016-05-15,454.87,3.1660000000000004
2016-05-16,453.25,3.0039999999999996
2016-05-17,454.22,2.8080000000000003
2016-05-18,442.66,7.319
2016-05-19,442.11,7.085
2016-05-20,443.64,7.063
2016-05-21,439.62,7.127000000000001
2016-05-22,443.69,8.205
2016-05-23,446.11,8.449
2016-05-24,449.78,4.524
2016-05-25,453.3,4.501
2016-05-26,474.05,11.78
2016-05-27,524.22,25.02
2016-05-28,516.05,27.53
2016-05-29,532.26,26.79
2016-05-30,528.92,28.04
2016-05-31,537.4,27.64
2016-06-01,537.1,27.99
2016-06-02,567.03,17.21
2016-06-03,571.95,14.75
2016-06-04,574.91,14.27
2016-06-05,583.58,12.87
2016-06-06,575.58,15.24
2016-06-07,580.51,14.81
2016-06-08,574.69,7.574
2016-06-09,577.89,7.391
2016-06-10,591.6,9.475
2016-06-11,666.55,32.6
2016-06-12,700.07,30.92
2016-06-13,685.14,33.88
2016-06-14,690.77,32.44
2016-06-15,761.21,35.49
2016-06-16,743.9,39.97
2016-06-17,753.77,30.28
2016-06-18,761.04,28.87
2016-06-19,733.97,30.65
2016-06-20,667.38,42.09
2016-06-21,590.56,36.55
2016-06-22,620.84,44.34
2016-06-23,656.89,49.27
2016-06-24,663.52,49.3
2016-06-25,625.41,50.22
2016-06-26,644.66,46.57
2016-06-27,644.89,27.83
2016-06-28,636.54,25.99
2016-06-29,670.02,25.1
2016-06-30,674.57,25.04
2016-07-01,698.06,15.93
2016-07-02,661.64,24.26
2016-07-03,675.16,24.57
2016-07-04,663.67,24.89
2016-07-05,672.7,20.79
2016-07-06,635.25,25.72
2016-07-07,662.78,27.0
2016-07-08,651.83,23.23
2016-07-09,647.11,22.04
2016-07-10,646.71,21.83
2016-07-11,670.56,24.17
2016-07-12,661.15,17.13
2016-07-13,657.25,12.73
2016-07-14,664.2,11.98
2016-07-15,660.69,11.84
2016-07-16,676.33,12.84
2016-07-17,670.38,9.317
2016-07-18,671.1,8.144
2016-07-19,664.4,8.577
2016-07-20,664.62,8.102
2016-07-21,651.11,9.838
2016-07-22,655.16,6.402
2016-07-23,659.29,6.947
2016-07-24,654.0,6.941
2016-07-25,654.38,6.765
2016-07-26,654.54,6.7620000000000005
2016-07-27,654.13,3.489
2016-07-28,655.43,3.0789999999999997
2016-07-29,654.74,2.335
2016-07-30,621.87,13.94
2016-07-31,607.0,14.15
2016-08-01,513.43,43.17
2016-08-02,566.44,57.07
2016-08-03,576.22,57.81
2016-08-04,574.66,57.76
2016-08-05,586.45,57.77
2016-08-06,590.85,57.72
2016-08-07,589.24,25.13
2016-08-08,585.25,7.484
2016-08-09,590.94,6.702000000000001
2016-08-10,587.84,6.961
2016-08-11,587.14,4.49
2016-08-12,584.59,3.915
2016-08-13,569.06,7.857
2016-08-14,566.95,7.867000000000001
2016-08-15,580.19,10.48
2016-08-16,572.34,10.87
2016-08-17,573.39,10.97
2016-08-18,574.56,11.09
2016-08-19,582.61,8.549
2016-08-20,580.66,8.522
2016-08-21,587.47,6.644
2016-08-22,583.56,5.356
2016-08-23,579.66,6.004
2016-08-24,577.96,6.135
2016-08-25,579.37,4.625
2016-08-26,570.35,6.132999999999999
2016-08-27,574.98,5.426
2016-08-28,574.23,5.351
2016-08-29,577.32,5.546
2016-08-30,573.88,5.712000000000001
2016-08-31,571.99,5.603
2016-09-01,575.29,3.766
2016-09-02,598.84,11.2
2016-09-03,609.55,11.18
2016-09-04,605.76,12.0
2016-09-05,610.44,11.15
2016-09-06,613.21,10.5
2016-09-07,625.57,10.51
2016-09-08,623.16,7.111000000000001
2016-09-09,624.52,6.172000000000001
2016-09-10,605.61,11.2
2016-09-11,607.98,11.02
2016-09-12,608.61,10.91
2016-09-13,609.54,8.702
2016-09-14,608.11,8.719
2016-09-15,607.78,8.579
2016-09-16,607.08,1.469
2016-09-17,610.7,1.923
2016-09-18,609.85,2.001
2016-09-19,609.24,1.986
2016-09-20,597.16,5.792000000000001
2016-09-21,595.63,5.742000000000001
2016-09-22,602.92,7.1370000000000005
2016-09-23,602.59,6.781000000000001
2016-09-24,601.49,6.777
2016-09-25,606.54,7.375
2016-09-26,605.47,4.163
2016-09-27,604.67,4.048
2016-09-28,604.7,2.5860000000000003
2016-09-29,608.14,2.8930000000000002
2016-09-30,613.41,3.1919999999999997
2016-10-01,610.69,3.2760000000000002
2016-10-02,611.6,3.14
2016-10-03,608.96,3.475
2016-10-04,611.82,3.5669999999999997
2016-10-05,610.97,3.431
2016-10-06,616.03,3.3560000000000003
2016-10-07,617.65,2.923
2016-10-08,615.77,3.217
2016-10-09,617.29,2.6919999999999997
2016-10-10,640.45,9.777999999999999
2016-10-11,635.99,10.33
2016-10-12,635.6,10.49
2016-10-13,637.92,10.47
2016-10-14,637.03,10.36
2016-10-15,640.12,10.32
2016-10-16,637.37,2.985
2016-10-17,635.34,2.423
2016-10-18,629.06,3.589
2016-10-19,628.34,3.174
2016-10-20,630.45,3.555
2016-10-21,655.48,11.65
2016-10-22,653.03,11.62
2016-10-23,650.49,11.66
2016-10-24,651.0,10.88
2016-10-25,674.67,13.15
2016-10-26,682.3,12.87
2016-10-27,686.24,9.841000000000001
2016-10-28,714.95,12.38
2016-10-29,697.27,15.98
2016-10-30,698.67,15.91
2016-10-31,726.76,16.42
2016-11-01,733.51,16.44
2016-11-02,684.87,27.43
2016-11-03,702.08,25.6
2016-11-04,702.11,24.59
2016-11-05,709.91,24.74
2016-11-06,705.4,21.71
2016-11-07,710.9,21.63
2016-11-08,721.42,7.246
2016-11-09,714.57,6.445
2016-11-10,714.97,6.426
2016-11-11,704.27,7.369
2016-11-12,701.97,7.23
2016-11-13,704.56,6.8839999999999995
2016-11-14,711.1,5.85
2016-11-15,740.28,12.32
2016-11-16,737.53,12.53
2016-11-17,746.96,10.73
2016-11-18,747.89,10.31
2016-11-19,728.51,14.39
2016-11-20,736.19,14.42
2016-11-21,749.34,10.48
2016-11-22,741.07,11.01
2016-11-23,735.31,10.45
2016-11-24,740.39,10.74
2016-11-25,734.14,7.893
2016-11-26,729.42,7.482
2016-11-27,733.3,5.064
2016-11-28,732.56,4.458
2016-11-29,742.49,5.559
2016-11-30,752.63,6.343999999999999
2016-12-01,770.94,7.311
2016-12-02,764.24,7.721
2016-12-03,766.39,7.819
2016-12-04,754.34,9.933
2016-12-05,758.21,9.552999999999999
2016-12-06,765.56,9.247
2016-12-07,768.49,6.372999999999999
2016-12-08,770.48,5.811
2016-12-09,774.0,5.867999999999999
2016-12-10,767.91,3.852
2016-12-11,778.47,4.828
2016-12-12,778.74,4.591
2016-12-13,776.5,4.816
2016-12-14,775.21,4.886
2016-12-15,782.05,5.269
2016-12-16,787.17,4.325
2016-12-17,789.01,3.0389999999999997
2016-12-18,789.79,3.009
2016-12-19,799.1,3.35
2016-12-20,829.21,8.724
2016-12-21,860.15,10.98
2016-12-22,917.17,16.36
2016-12-23,891.07,21.53
2016-12-24,891.07,21.61
2016-12-25,898.38,21.75
2016-12-26,925.78,21.34
2016-12-27,972.17,22.48
2016-12-28,971.08,17.81
2016-12-29,959.04,15.08
2016-12-30,963.38,14.81
2016-12-31,995.44,15.57
2017-01-01,1017.05,15.11
2017-01-02,1033.3,10.8
2017-01-03,1135.41,24.25
2017-01-04,989.35,50.62
2017-01-05,886.16,59.4
2017-01-06,888.87,57.89
2017-01-07,900.86,57.44
2017-01-08,899.78,56.69
2017-01-09,904.37,44.4
2017-01-10,785.43,45.05
2017-01-11,810.11,41.39
2017-01-12,824.83,42.15
2017-01-13,819.63,41.42
2017-01-14,821.17,41.52
2017-01-15,827.34,41.63
2017-01-16,899.66,21.52
2017-01-17,872.03,25.56
2017-01-18,895.21,25.81
2017-01-19,892.91,25.58
2017-01-20,919.84,25.5
2017-01-21,918.84,25.94
2017-01-22,921.46,14.63
2017-01-23,893.75,14.5
2017-01-24,894.41,12.62
2017-01-25,915.56,14.04
2017-01-26,918.01,11.4
2017-01-27,918.51,11.4
2017-01-28,914.55,11.4
2017-01-29,920.73,6.397
2017-01-30,965.49,12.84
2017-01-31,982.43,12.5
2017-02-01,1003.97,12.35
2017-02-02,1013.02,11.69
2017-02-03,1031.85,9.617
2017-02-04,1016.11,13.39
2017-02-05,1024.67,8.89
2017-02-06,1049.56,9.527999999999999
2017-02-07,1055.49,8.926
2017-02-08,978.96,24.17
2017-02-09,997.61,24.21
2017-02-10,1008.32,24.32
2017-02-11,996.52,24.22
2017-02-12,995.36,22.53
2017-02-13,1008.34,23.02
2017-02-14,1008.19,7.421
2017-02-15,1031.93,8.195
2017-02-16,1049.41,8.674
2017-02-17,1052.28,6.6339999999999995
2017-02-18,1048.89,6.928
2017-02-19,1077.56,8.515
2017-02-20,1119.03,10.13
2017-02-21,1120.46,10.73
2017-02-22,1171.91,13.69
2017-02-23,1176.49,13.58
2017-02-24,1149.05,17.08
2017-02-25,1171.58,16.74
2017-02-26,1188.83,14.94
2017-02-27,1189.27,14.99
2017-02-28,1222.66,11.9
2017-03-01,1255.47,12.89
2017-03-02,1283.3,6.621
2017-03-03,1264.32,11.1
2017-03-04,1271.22,11.23
2017-03-05,1277.01,10.94
2017-03-06,1232.69,15.29
2017-03-07,1146.97,22.52
2017-03-08,1191.33,25.07
2017-03-09,1112.39,29.33
2017-03-10,1179.22,36.19
2017-03-11,1225.11,38.61
2017-03-12,1238.19,37.64
2017-03-13,1243.14,29.55
2017-03-14,1253.43,28.47
2017-03-15,1172.88,27.97
2017-03-16,1071.71,33.2
2017-03-17,971.38,34.16
2017-03-18,1022.6,40.46
2017-03-19,1047.51,42.32
2017-03-20,1121.29,49.32
2017-03-21,1044.72,49.7
2017-03-22,1035.03,44.12
2017-03-23,939.7,43.82
2017-03-24,966.3,41.57
2017-03-25,969.44,40.47
2017-03-26,1045.14,41.74
2017-03-27,1044.42,37.13
2017-03-28,1041.9,37.03
2017-03-29,1037.91,20.46
2017-03-30,1079.11,21.19
2017-03-31,1086.12,21.01
2017-04-01,1097.4,10.58
2017-04-02,1147.56,13.84
2017-04-03,1141.77,14.15
2017-04-04,1129.87,15.02
2017-04-05,1188.7,16.93
2017-04-06,1190.49,17.23
2017-04-07,1180.78,18.37
2017-04-08,1204.34,15.55
2017-04-09,1206.71,15.15
2017-04-10,1220.74,13.75
2017-04-11,1212.53,7.081
2017-04-12,1176.2,11.57
2017-04-13,1177.33,11.41
2017-04-14,1176.99,9.422
2017-04-15,1176.8,9.325
2017-04-16,1194.01,9.782
2017-04-17,1206.09,10.35
2017-04-18,1215.2,4.0889999999999995
2017-04-19,1238.09,5.064
2017-04-20,1249.64,4.224
2017-04-21,1240.89,5.776
2017-04-22,1249.14,5.485
2017-04-23,1248.18,5.813
2017-04-24,1264.31,6.124
2017-04-25,1286.63,5.931
2017-04-26,1332.91,9.867
2017-04-27,1329.62,9.207
2017-04-28,1336.28,9.293
2017-04-29,1351.91,8.462
2017-04-30,1415.81,12.22
2017-05-01,1445.93,12.23
2017-05-02,1485.55,11.47
2017-05-03,1516.76,9.365
2017-05-04,1507.77,11.34
2017-05-05,1545.29,11.03
2017-05-06,1554.45,8.472999999999999
2017-05-07,1664.47,16.71
2017-05-08,1697.5,16.69
2017-05-09,1752.31,16.87
2017-05-10,1819.29,13.95
2017-05-11,1686.39,32.29
2017-05-12,1763.74,33.07
2017-05-13,1772.55,29.38
2017-05-14,1708.92,31.66
2017-05-15,1729.34,30.42
2017-05-16,1801.3,30.8
2017-05-17,1880.99,20.97
2017-05-18,1962.0,20.69
2017-05-19,2040.18,20.89
2017-05-20,2044.19,11.93
2017-05-21,2124.41,10.51
2017-05-22,2272.58,13.85
2017-05-23,2445.28,16.75
2017-05-24,2307.22,32.19
2017-05-25,2244.89,34.88
2017-05-26,2052.43,45.24
2017-05-27,2189.02,47.6
2017-05-28,2278.21,44.97
2017-05-29,2192.55,38.88
2017-05-30,2303.34,40.02
2017-05-31,2412.65,40.6
2017-06-01,2492.6,23.89
2017-06-02,2545.43,21.57
2017-06-03,2524.06,22.59
2017-06-04,2704.96,17.67
2017-06-05,2870.5,18.57
2017-06-06,2691.51,32.35
2017-06-07,2798.78,32.65
2017-06-08,2811.43,32.88
2017-06-09,2900.25,31.97
2017-06-10,2973.45,28.46
2017-06-11,2656.77,40.6
2017-06-12,2712.99,37.57
2017-06-13,2467.27,42.81
2017-06-14,2442.46,42.23
2017-06-15,2508.58,41.76
2017-06-16,2655.1,45.7
2017-06-17,2539.56,36.26
2017-06-18,2616.82,36.95
2017-06-19,2754.38,25.57
2017-06-20,2677.62,27.7
2017-06-21,2722.84,27.47
2017-06-22,2710.37,23.83
2017-06-23,2590.05,23.99
2017-06-24,2541.62,22.84
2017-06-25,2446.05,15.14
2017-06-26,2583.75,24.62
2017-06-27,2577.74,23.61
2017-06-28,2558.37,23.57
2017-06-29,2480.61,21.92
2017-06-30,2424.61,22.13
2017-07-01,2536.46,23.49
2017-07-02,2572.47,18.09
2017-07-03,2617.32,18.7
2017-07-04,2627.86,18.41
2017-07-05,2614.24,15.14
2017-07-06,2513.88,18.38
2017-07-07,2564.86,14.61
2017-07-08,2511.43,15.1
2017-07-09,2344.02,21.16
2017-07-10,2324.29,20.26
2017-07-11,2403.09,24.91
2017-07-12,2362.44,23.65
2017-07-13,2234.17,23.98
2017-07-14,1975.08,36.01
2017-07-15,1914.09,34.79
2017-07-16,2233.39,62.0
2017-07-17,2320.23,62.28
2017-07-18,2282.58,62.27
2017-07-19,2866.02,85.02
2017-07-20,2675.08,76.72
2017-07-21,2836.53,72.05
2017-07-22,2756.61,69.23
2017-07-23,2763.42,69.76
2017-07-24,2582.58,73.91
2017-07-25,2559.21,31.66
2017-07-26,2691.88,31.57
2017-07-27,2806.75,29.14
2017-07-28,2733.5,28.97
2017-07-29,2766.49,29.19
2017-07-30,2883.27,20.67
2017-07-31,2746.99,26.96
2017-08-01,2720.53,24.16
2017-08-02,2809.99,22.91
2017-08-03,2878.49,21.81
2017-08-04,3262.8,38.37
2017-08-05,3232.03,39.21
2017-08-06,3401.91,32.98
2017-08-07,3429.38,31.16
2017-08-08,3348.79,35.5
2017-08-09,3425.67,35.52
2017-08-10,3654.37,22.63
2017-08-11,3871.62,22.54
2017-08-12,4062.6,22.31
2017-08-13,4327.94,22.62
2017-08-14,4161.66,26.39
2017-08-15,4387.4,26.29
2017-08-16,4278.92,30.15
2017-08-17,4105.37,32.85
2017-08-18,4150.45,30.51
2017-08-19,4066.6,23.87
2017-08-20,4005.1,22.17
2017-08-21,4089.7,15.38
2017-08-22,4141.09,15.87
2017-08-23,4318.35,15.29
2017-08-24,4364.41,15.29
2017-08-25,4352.3,12.96
2017-08-26,4345.75,10.88
2017-08-27,4390.31,10.63
2017-08-28,4597.31,14.09
2017-08-29,4583.02,12.4
2017-08-30,4735.11,13.84
2017-08-31,4921.85,14.08
2017-09-01,4573.8,29.1
2017-09-02,4612.92,29.09
2017-09-03,4267.45,33.82
2017-09-04,4409.08,35.97
2017-09-05,4618.71,37.44
2017-09-06,4635.6,35.07
2017-09-07,4326.45,34.4
2017-09-08,4335.13,34.15
2017-09-09,4245.89,27.07
2017-09-10,4217.9,24.82
2017-09-11,4158.92,17.74
2017-09-12,3870.29,21.24
2017-09-13,3243.08,44.97
2017-09-14,3713.76,66.89
2017-09-15,3698.92,67.15
2017-09-16,3689.61,67.25
2017-09-17,4100.28,75.69
2017-09-18,3907.96,74.04
2017-09-19,3882.16,47.98
2017-09-20,3617.27,39.98
2017-09-21,3600.83,39.98
2017-09-22,3788.02,42.68
2017-09-23,3667.52,27.82
2017-09-24,3932.83,34.31
2017-09-25,3892.7,34.39
2017-09-26,4212.2,30.88
2017-09-27,4195.65,30.83
2017-09-28,4172.79,30.55
2017-09-29,4360.62,26.69
2017-09-30,4403.09,23.36
2017-10-01,4401.32,22.43
2017-10-02,4314.18,14.39
2017-10-03,4218.66,16.04
2017-10-04,4321.44,16.96
2017-10-05,4371.94,12.19
2017-10-06,4435.81,12.57
2017-10-07,4611.7,16.08
2017-10-08,4777.49,14.6
2017-10-09,4763.36,10.36
2017-10-10,4824.2,10.45
2017-10-11,5432.62,28.56
2017-10-12,5637.26,27.7
2017-10-13,5824.71,27.77
2017-10-14,5688.14,32.57
2017-10-15,5759.33,31.5
2017-10-16,5598.58,35.34
2017-10-17,5575.83,18.32
2017-10-18,5698.65,16.31
2017-10-19,5993.11,19.58
2017-10-20,6006.65,17.43
2017-10-21,5982.86,17.71
2017-10-22,5903.61,15.48
2017-10-23,5513.08,26.16
2017-10-24,5734.0,27.9
2017-10-25,5887.61,24.79
2017-10-26,5764.56,25.16
2017-10-27,5726.61,25.14
2017-10-28,6147.52,32.53
2017-10-29,6124.28,22.71
2017-10-30,6451.24,23.99
2017-10-31,6737.78,24.83
2017-11-01,7024.81,20.65
2017-11-02,7152.12,17.36
2017-11-03,7363.8,13.48
2017-11-04,7389.55,11.94
2017-11-05,6959.23,25.46
2017-11-06,7102.75,23.73
2017-11-07,7444.36,24.39
2017-11-08,7129.59,27.89
2017-11-09,6565.8,33.22
2017-11-10,6339.86,32.55
2017-11-11,5878.13,34.21
2017-11-12,6522.45,48.81
2017-11-13,6597.06,45.78
2017-11-14,7283.22,54.67
2017-11-15,7853.68,49.35
2017-11-16,7699.95,47.75
2017-11-17,7780.91,34.65
2017-11-18,8042.64,29.31
2017-11-19,8244.69,28.59
2017-11-20,8099.97,23.45
2017-11-21,8234.55,14.51
2017-11-22,8013.41,15.82
2017-11-23,8200.8,16.44
2017-11-24,8754.69,21.96
2017-11-25,9318.42,25.58
2017-11-26,9733.2,22.81
2017-11-27,9906.04,22.75
2017-11-28,9837.86,18.51
2017-11-29,9946.76,19.4
2017-11-30,10861.47,23.32
2017-12-01,10912.73,22.8
2017-12-02,11246.21,22.19
2017-12-03,11623.91,22.19
2017-12-04,11667.13,20.94
2017-12-05,13749.57,40.93
2017-12-06,16850.31,57.63
2017-12-07,16047.61,64.54
2017-12-08,14843.42,75.2
2017-12-09,15059.6,75.64
2017-12-10,16732.47,75.98
2017-12-11,17083.9,68.32
2017-12-12,16286.82,44.02
2017-12-13,16467.91,41.81
2017-12-14,17604.85,34.56
2017-12-15,19345.49,38.24
2017-12-16,19065.71,34.32
2017-12-17,18972.32,35.07
2017-12-18,17523.7,40.76
2017-12-19,16461.97,45.48
2017-12-20,15632.12,41.34
2017-12-21,13664.97,31.02
2017-12-22,14396.46,42.28
2017-12-23,13789.95,40.19
2017-12-24,13833.49,41.62
2017-12-25,15756.56,60.39
2017-12-26,15416.64,59.0
2017-12-27,14398.7,47.73
2017-12-28,14392.57,45.62
2017-12-29,12531.52,58.77
2017-12-30,13850.4,66.75
2017-12-31,13444.88,51.92
2018-01-01,14754.13,61.16
2018-01-02,15156.62,58.21
2018-01-03,15180.08,58.19
2018-01-04,16954.78,38.72
2018-01-05,17172.3,36.02
2018-01-06,16228.16,40.68
2018-01-07,14976.17,44.44
2018-01-08,14468.5,44.57
2018-01-09,14919.49,45.78
2018-01-10,13308.06,36.38
2018-01-11,13841.19,40.24
2018-01-12,14243.12,42.89
2018-01-13,13638.63,39.53
2018-01-14,13631.98,39.17
2018-01-15,11282.49,59.02
2018-01-16,11162.7,55.14
2018-01-17,11175.52,51.88
2018-01-18,11521.76,52.09
2018-01-19,12783.94,63.87
2018-01-20,11549.93,68.1
2018-01-21,10814.52,47.7
2018-01-22,10858.23,47.77
2018-01-23,11429.02,50.14
2018-01-24,11175.87,49.7
2018-01-25,11104.2,35.51
2018-01-26,11459.71,27.17
2018-01-27,11767.74,17.91
2018-01-28,11233.95,24.36
2018-01-29,10107.26,33.67
2018-01-30,10226.86,34.74
2018-01-31,9114.72,43.64
2018-02-01,8870.82,38.69
2018-02-02,9251.27,41.24
2018-02-03,8218.05,46.42
2018-02-04,6937.08,55.17
2018-02-05,7701.25,69.76
2018-02-06,7592.72,66.44
2018-02-07,8260.69,73.34
2018-02-08,8696.83,73.98
2018-02-09,8569.29,65.6
2018-02-10,8084.61,42.29
2018-02-11,8911.27,41.16
2018-02-12,8544.69,44.0
2018-02-13,9485.64,46.82
2018-02-14,10033.75,47.09
2018-02-15,10188.73,45.62
2018-02-16,11097.21,37.43
2018-02-17,10417.23,45.0
2018-02-18,11182.28,40.16
2018-02-19,11256.43,35.95
2018-02-20,10481.66,43.09
2018-02-21,9847.96,46.74
2018-02-22,10175.51,39.39
2018-02-23,9705.73,37.88
2018-02-24,9610.11,27.33
2018-02-25,10326.5,37.65
2018-02-26,10594.76,33.74
2018-02-27,10334.44,28.67
2018-02-28,10929.37,31.0
2018-03-01,11043.12,24.68
2018-03-02,11465.36,22.65
2018-03-03,11504.42,18.62
2018-03-04,11440.73,19.39
2018-03-05,10735.45,27.17
2018-03-06,9928.56,29.74
2018-03-07,9316.72,30.68
2018-03-08,9252.76,24.0
2018-03-09,8797.27,20.49
2018-03-10,9544.84,39.52
2018-03-11,9142.15,38.39
2018-03-12,9160.12,34.97
2018-03-13,8217.7,41.97
2018-03-14,8268.41,42.49
2018-03-15,8283.23,41.42
2018-03-16,7883.45,29.54
2018-03-17,8215.4,34.98
2018-03-18,8623.14,39.24
2018-03-19,8920.71,23.88
2018-03-20,8911.35,24.16
2018-03-21,8724.98,25.77
2018-03-22,8934.8,17.69
2018-03-23,8548.06,23.22
2018-03-24,8472.84,18.99
2018-03-25,8152.2,16.64
2018-03-26,7808.48,17.4
2018-03-27,7959.78,20.65
2018-03-28,7106.62,29.28
2018-03-29,6853.76,29.22
2018-03-30,6943.77,31.54
2018-03-31,6835.84,31.8
2018-04-01,7074.6,35.5
2018-04-02,7434.3,38.93
2018-04-03,6815.5,33.13
2018-04-04,6790.45,31.76
2018-04-05,6634.86,31.81
2018-04-06,6917.2,34.19
2018-04-07,7049.92,33.17
2018-04-08,6789.53,29.84
2018-04-09,6871.07,19.1
2018-04-10,6977.13,19.34
2018-04-11,7927.73,36.01
2018-04-12,7899.11,36.76
2018-04-13,8022.51,36.79
2018-04-14,8376.73,31.55
2018-04-15,8079.77,36.82
2018-04-16,7921.63,38.93
2018-04-17,8189.96,20.31
2018-04-18,8301.82,20.17
2018-04-19,8877.08,25.76
2018-04-20,8935.72,24.35
2018-04-21,8823.36,21.02
2018-04-22,8968.25,17.89
2018-04-23,9655.77,22.99
2018-04-24,8873.62,38.22
2018-04-25,9282.12,35.81
2018-04-26,8938.47,37.83
2018-04-27,9351.47,39.31
2018-04-28,9407.04,39.26
2018-04-29,9248.45,33.14
2018-04-30,9077.28,22.98
2018-05-01,9232.19,19.59
2018-05-02,9745.04,20.16
2018-05-03,9699.61,17.89
2018-05-04,9845.9,18.04
2018-05-05,9644.92,18.49
2018-05-06,9377.81,19.76
2018-05-07,9196.13,20.35
2018-05-08,9321.16,12.14
2018-05-09,9032.22,13.66
2018-05-10,8421.0,17.71
2018-05-11,8486.67,19.97
2018-05-12,8709.46,23.37
2018-05-13,8672.9,23.33
2018-05-14,8480.16,22.19
2018-05-15,8344.78,21.62
2018-05-16,8071.04,14.22
2018-05-17,8247.91,15.88
2018-05-18,8249.24,12.76
2018-05-19,8533.0,17.31
2018-05-20,8419.65,16.56
2018-05-21,7992.75,21.47
2018-05-22,7505.77,25.65
2018-05-23,7584.74,24.52
2018-05-24,7475.36,24.1
2018-05-25,7355.06,18.04
2018-05-26,7362.23,19.2
2018-05-27,7118.88,17.27
2018-05-28,7474.75,18.86
2018-05-29,7393.02,18.64
2018-05-30,7502.15,18.89
2018-05-31,7530.55,18.09
2018-06-01,7643.26,18.28
2018-06-02,7719.75,13.03
2018-06-03,7503.2,11.33
2018-06-04,7629.4,11.31
2018-06-05,7661.79,10.9
2018-06-06,7700.11,10.9
2018-06-07,7627.52,10.71
2018-06-08,7513.69,10.73
2018-06-09,6773.72,28.95
2018-06-10,6887.37,28.94
2018-06-11,6556.94,29.1
2018-06-12,6310.43,27.38
2018-06-13,6643.26,35.62
2018-06-14,6396.71,35.7
2018-06-15,6503.1,26.74
2018-06-16,6457.78,25.68
2018-06-17,6714.82,25.17
2018-06-18,6741.28,21.27
2018-06-19,6761.27,16.8
2018-06-20,6720.64,11.41
2018-06-21,6051.47,31.98
2018-06-22,6166.54,33.07
2018-06-23,6157.78,29.73
2018-06-24,6260.35,30.58
2018-06-25,6088.39,30.37
2018-06-26,6141.57,31.1
2018-06-27,5871.28,17.07
2018-06-28,6203.8,23.18
2018-06-29,6385.38,24.31
2018-06-30,6339.04,24.26
2018-07-01,6615.66,24.12
2018-07-02,6509.58,25.47
2018-07-03,6590.06,18.49
2018-07-04,6534.81,15.44
2018-07-05,6602.02,14.08
2018-07-06,6758.08,14.06
2018-07-07,6707.38,10.04
2018-07-08,6668.84,8.67
2018-07-09,6306.85,17.7
2018-07-10,6394.36,18.57
2018-07-11,6253.6,18.52
2018-07-12,6229.83,15.6
2018-07-13,6268.75,16.48
2018-07-14,6364.26,17.97
2018-07-15,6740.55,17.51
2018-07-16,7326.7,26.27
2018-07-17,7383.39,22.83
2018-07-18,7477.5,21.23
2018-07-19,7333.93,24.62
2018-07-20,7405.4,24.87
2018-07-21,7398.64,23.21
2018-07-22,7718.0,13.27
2018-07-23,8395.82,24.22
2018-07-24,8170.23,27.62
2018-07-25,7937.25,28.74
2018-07-26,8182.89,29.06
2018-07-27,8230.87,28.76
2018-07-28,8216.78,27.93
2018-07-29,8176.06,14.6
2018-07-30,7735.3,19.55
2018-07-31,7610.9,18.72
2018-08-01,7542.34,14.35
2018-08-02,7417.6,12.91
2018-08-03,7017.89,15.15
2018-08-04,7042.39,16.31
2018-08-05,6945.78,13.06
2018-08-06,6723.21,13.6
2018-08-07,6285.02,17.71
2018-08-08,6543.24,26.16
2018-08-09,6153.41,26.89
2018-08-10,6242.54,27.92
2018-08-11,6322.92,29.33
2018-08-12,6263.2,28.82
2018-08-13,6199.6,22.7
2018-08-14,6274.22,19.08
2018-08-15,6323.81,7.49
2018-08-16,6591.16,12.46
2018-08-17,6405.71,15.88
2018-08-18,6502.18,15.68
2018-08-19,6269.9,19.24
2018-08-20,6491.11,21.15
2018-08-21,6366.13,22.16
2018-08-22,6538.95,20.1
2018-08-23,6708.96,18.98
2018-08-24,6749.56,18.84
2018-08-25,6720.6,13.85
2018-08-26,6915.73,13.05
2018-08-27,7091.38,9.035
2018-08-28,7052.0,10.39
2018-08-29,6998.76,10.6
2018-08-30,7026.96,10.63
2018-08-31,7203.46,10.9
2018-09-01,7301.26,9.509
2018-09-02,7270.05,8.426
2018-09-03,7369.86,8.08
2018-09-04,6705.03,28.96
2018-09-05,6515.42,29.2
2018-09-06,6411.78,26.61
2018-09-07,6200.16,24.48
2018-09-08,6249.07,25.66
2018-09-09,6324.43,25.44
2018-09-10,6295.54,12.41
2018-09-11,6337.11,11.51
2018-09-12,6492.0,13.03
2018-09-13,6486.01,6.691
2018-09-14,6522.08,6.709
2018-09-15,6502.44,6.974
2018-09-16,6261.48,13.47
2018-09-17,6346.44,13.92
2018-09-18,6398.8,12.09
2018-09-19,6505.9,13.15
2018-09-20,6762.06,16.76
2018-09-21,6716.6,16.97
2018-09-22,6702.7,10.6
2018-09-23,6583.53,13.12
2018-09-24,6437.74,15.13
2018-09-25,6462.6,14.36
2018-09-26,6686.13,13.26
2018-09-27,6635.38,13.29
2018-09-28,6603.75,13.31
2018-09-29,6623.71,12.35
2018-09-30,6594.98,10.14
2018-10-01,6525.47,10.88
2018-10-02,6492.26,2.99
2018-10-03,6579.79,5.568
2018-10-04,6632.87,5.947
2018-10-05,6589.94,6.176
2018-10-06,6601.15,6.0920000000000005
2018-10-07,6650.07,5.189
2018-10-08,6631.79,4.895
2018-10-09,6581.07,4.477
2018-10-10,6209.47,15.65
2018-10-11,6250.85,16.36
2018-10-12,6267.27,16.42
2018-10-13,6277.73,16.0
2018-10-14,6612.36,23.19
2018-10-15,6583.05,23.12
2018-10-16,6574.52,13.92
2018-10-17,6488.72,15.23
2018-10-18,6469.28,15.42
2018-10-19,6490.56,15.39
2018-10-20,6509.87,3.9760000000000004
2018-10-21,6483.23,3.963
2018-10-22,6470.22,3.949
2018-10-23,6476.25,2.079
2018-10-24,6462.77,1.989
2018-10-25,6457.21,1.6469999999999998
2018-10-26,6470.17,1.462
2018-10-27,6470.74,1.079
2018-10-28,6313.91,6.672000000000001
2018-10-29,6309.11,6.577000000000001
2018-10-30,6342.61,7.079
2018-10-31,6381.3,7.506
2018-11-01,6394.66,7.51
2018-11-02,6376.32,7.482
2018-11-03,6467.05,3.9789999999999996
2018-11-04,6433.74,4.569
2018-11-05,6479.72,4.665
2018-11-06,6529.68,4.7589999999999995
2018-11-07,6446.06,6.59
2018-11-08,6377.99,7.31
2018-11-09,6396.37,5.921
2018-11-10,6408.18,5.877999999999999
2018-11-11,6375.08,5.372999999999999
2018-11-12,6339.17,4.2010000000000005
2018-11-13,5741.47,25.96
2018-11-14,5647.5,25.84
2018-11-15,5586.27,25.02
2018-11-16,5568.94,24.63
2018-11-17,5615.26,25.74
2018-11-18,4809.62,43.28
2018-11-19,4441.81,41.49
2018-11-20,4593.04,46.16
2018-11-21,4320.68,45.91
2018-11-22,4343.42,46.59
2018-11-23,3854.11,47.42
2018-11-24,4004.15,43.08
2018-11-25,3784.59,41.2
2018-11-26,3822.99,38.64
2018-11-27,4263.55,51.84
2018-11-28,4286.69,51.84
2018-11-29,4009.67,42.59
2018-11-30,4197.46,43.12
2018-12-01,4143.86,38.86
2018-12-02,3871.41,44.95
2018-12-03,3948.44,30.61
2018-12-04,3737.53,31.77
2018-12-05,3485.18,32.16
2018-12-06,3420.57,23.67
2018-12-07,3461.07,26.37
2018-12-08,3592.84,28.34
2018-12-09,3467.16,26.76
2018-12-10,3401.02,24.54
2018-12-11,3485.59,18.94
2018-12-12,3305.11,23.6
2018-12-13,3235.48,23.14
2018-12-14,3232.51,17.84
2018-12-15,3255.37,17.79
2018-12-16,3548.19,30.99
2018-12-17,3715.85,32.56
2018-12-18,3736.54,25.66
2018-12-19,4137.66,29.4
2018-12-20,3898.81,39.23
2018-12-21,4045.24,38.45
2018-12-22,4007.63,36.19
2018-12-23,4081.95,35.22
2018-12-24,3834.73,41.18
2018-12-25,3848.78,26.96
2018-12-26,3646.09,26.17
2018-12-27,3947.86,34.24
2018-12-28,3797.06,35.54
2018-12-29,3896.21,36.09
2018-12-30,3747.39,33.45
2018-12-31,3880.15,35.07
2019-01-01,3961.01,30.23
2019-01-02,3835.86,23.26
2019-01-03,3874.06,20.59
2019-01-04,3855.39,19.3
2019-01-05,4102.85,21.44
2019-01-06,4050.4,21.47
2019-01-07,4040.75,21.11
2019-01-08,4048.34,17.89
2019-01-09,3668.15,33.99
2019-01-10,3669.2,34.08
2019-01-11,3664.38,25.99
2019-01-12,3551.24,26.1
2019-01-13,3703.9,31.23
2019-01-14,3621.24,30.81
2019-01-15,3643.99,16.93
2019-01-16,3685.3,17.26
2019-01-17,3648.05,17.52
2019-01-18,3729.78,15.15
2019-01-19,3567.73,16.17
2019-01-20,3571.92,15.33
2019-01-21,3602.04,15.44
2019-01-22,3572.05,14.88
2019-01-23,3598.52,15.12
2019-01-24,3582.89,12.91
2019-01-25,3596.5,4.361000000000001
2019-01-26,3565.08,5.145
2019-01-27,3453.42,9.093
2019-01-28,3418.25,9.131
2019-01-29,3467.21,10.21
2019-01-30,3434.13,10.23
2019-01-31,3461.63,10.66
2019-02-01,3508.68,11.85
2019-02-02,3449.62,9.004
2019-02-03,3431.24,8.617
2019-02-04,3447.66,7.642
2019-02-05,3394.89,8.345
2019-02-06,3375.33,7.726
2019-02-07,3660.03,24.44
2019-02-08,3652.26,23.48
2019-02-09,3685.14,23.0
2019-02-10,3611.34,24.6
2019-02-11,3617.41,23.61
2019-02-12,3605.87,23.47
2019-02-13,3588.72,6.359
2019-02-14,3593.49,6.48
2019-02-15,3617.24,6.131
2019-02-16,3670.92,4.692
2019-02-17,3912.57,17.02
2019-02-18,3924.24,16.58
2019-02-19,3974.05,15.49
2019-02-20,3937.04,16.65
2019-02-21,3983.53,16.48
2019-02-22,4149.09,17.73
2019-02-23,3771.62,30.81
2019-02-24,3845.51,31.54
2019-02-25,3817.88,31.12
2019-02-26,3830.72,31.21
2019-02-27,3823.37,30.8
2019-02-28,3831.48,27.16
2019-03-01,3842.94,5.882999999999999
2019-03-02,3812.31,3.385
2019-03-03,3731.28,6.365
2019-03-04,3874.18,12.96
2019-03-05,3874.98,12.92
2019-03-06,3882.61,12.92
2019-03-07,3868.02,13.01
2019-03-08,3947.74,13.53
2019-03-09,3929.84,11.11
2019-03-10,3874.89,7.534
2019-03-11,3888.57,7.593999999999999
2019-03-12,3878.44,7.621
2019-03-13,3881.44,7.5329999999999995
2019-03-14,3927.08,5.6770000000000005
2019-03-15,4027.01,8.779
2019-03-16,3998.0,7.671
2019-03-17,3988.85,7.937
2019-03-18,4024.14,7.671
2019-03-19,4056.75,7.476
2019-03-20,3996.93,9.325
2019-03-21,4000.84,6.004
2019-03-22,4007.21,5.68
2019-03-23,3994.11,5.726
2019-03-24,3924.55,6.617999999999999
2019-03-25,3942.22,6.0920000000000005
2019-03-26,4045.98,9.291
2019-03-27,4036.45,9.367
2019-03-28,4111.38,10.42
2019-03-29,4118.13,10.19
2019-03-30,4112.69,7.676
2019-03-31,4151.32,7.605
2019-04-01,4906.93,43.92
2019-04-02,4976.59,43.01
2019-04-03,4913.36,44.83
2019-04-04,5047.23,43.96
2019-04-05,5057.25,43.74
2019-04-06,5201.16,43.09
2019-04-07,5294.09,10.33
2019-04-08,5201.3,13.11
2019-04-09,5318.6,11.76
2019-04-10,5048.56,20.06
2019-04-11,5081.5,20.13
2019-04-12,5080.66,18.15
2019-04-13,5165.59,18.03
2019-04-14,5037.27,18.62
2019-04-15,5212.81,20.36
2019-04-16,5236.26,12.92
2019-04-17,5289.75,12.97
2019-04-18,5295.53,12.92
2019-04-19,5326.18,12.53
2019-04-20,5305.74,8.828
2019-04-21,5394.67,4.689
2019-04-22,5539.1,7.221
2019-04-23,5454.58,9.791
2019-04-24,5162.67,19.05
2019-04-25,5234.09,19.53
2019-04-26,5229.48,19.53
2019-04-27,5272.45,18.94
2019-04-28,5237.96,16.26
2019-04-29,5350.64,17.97
2019-04-30,5389.54,6.571000000000001
2019-05-01,5500.72,7.351
2019-05-02,5753.38,11.53
2019-05-03,5840.08,11.28
2019-05-04,5794.14,11.52
2019-05-05,5748.17,13.12
2019-05-06,5819.57,13.03
2019-05-07,5998.71,13.78
2019-05-08,6171.96,11.07
2019-05-09,6358.29,12.11
2019-05-10,7191.36,29.79
2019-05-11,6977.63,33.06
2019-05-12,7806.36,38.32
2019-05-13,7980.13,38.74
2019-05-14,8183.83,38.89
2019-05-15,7874.11,45.34
2019-05-16,7371.96,42.06
2019-05-17,7266.08,41.15
2019-05-18,8193.14,42.91
2019-05-19,7998.29,43.4
2019-05-20,7947.93,42.65
2019-05-21,7626.89,42.84
2019-05-22,7876.5,38.72
2019-05-23,7996.4,37.84
2019-05-24,8059.13,17.69
2019-05-25,8726.23,26.57
2019-05-26,8785.17,25.91
2019-05-27,8718.85,20.36
2019-05-28,8664.56,21.34
2019-05-29,8276.25,27.07
2019-05-30,8550.67,28.04
2019-05-31,8555.87,16.79
2019-06-01,8737.91,17.94
2019-06-02,8114.49,26.81
2019-06-03,7677.47,29.06
2019-06-04,7791.29,28.97
2019-06-05,7807.36,26.09
2019-06-06,8002.63,28.08
2019-06-07,7933.78,26.2
2019-06-08,7643.44,20.35
2019-06-09,8021.0,19.33
2019-06-10,7917.32,19.84
2019-06-11,8174.14,21.33
2019-06-12,8235.57,20.63
2019-06-13,8693.96,23.76
2019-06-14,8853.56,16.76
2019-06-15,8979.18,14.99
2019-06-16,9336.01,11.53
2019-06-17,9081.71,18.54
2019-06-18,9280.54,18.26
2019-06-19,9536.85,15.02
2019-06-20,10218.87,20.92
2019-06-21,10689.54,21.31
2019-06-22,10855.99,21.3
2019-06-23,11035.74,13.79
2019-06-24,11740.34,15.22
2019-06-25,12913.28,20.62
2019-06-26,11154.09,55.63
2019-06-27,12355.06,60.28
2019-06-28,11884.1,62.69
2019-06-29,10769.05,69.71
2019-06-30,10591.87,66.38
2019-07-01,10844.13,58.12
2019-07-02,11981.61,52.4
2019-07-03,11156.52,46.94
2019-07-04,10993.25,46.41
2019-07-05,11248.94,37.64
2019-07-06,11474.28,36.9
2019-07-07,12296.16,39.92
2019-07-08,12567.02,31.07
2019-07-09,12099.12,24.21
2019-07-10,11343.12,31.78
2019-07-11,11797.37,32.85
2019-07-12,11363.97,34.62
2019-07-13,10204.41,35.87
2019-07-14,10850.26,42.0
2019-07-15,9423.44,52.67
2019-07-16,9696.15,55.06
2019-07-17,10638.35,62.02
2019-07-18,10532.94,61.68
2019-07-19,10759.42,53.67
2019-07-20,10586.71,51.06
2019-07-21,10325.87,28.67
2019-07-22,9854.15,32.53
2019-07-23,9772.14,14.71
2019-07-24,9882.43,16.26
2019-07-25,9847.45,13.09
2019-07-26,9478.32,14.56
2019-07-27,9531.77,15.65
2019-07-28,9506.93,11.39
2019-07-29,9595.52,12.04
2019-07-30,10089.25,18.74
2019-07-31,10409.79,19.92
2019-08-01,10528.99,12.88
2019-08-02,10820.41,12.45
2019-08-03,10978.91,10.27
2019-08-04,11807.96,15.34
2019-08-05,11467.1,21.84
2019-08-06,11974.28,22.55
2019-08-07,11982.8,23.21
2019-08-08,11865.21,24.53
2019-08-09,11293.59,30.11
2019-08-10,11549.06,22.23
2019-08-11,11387.41,21.05
2019-08-12,10872.0,18.23
2019-08-13,10031.89,23.92
2019-08-14,10308.51,28.27
2019-08-15,10360.43,27.71
2019-08-16,10220.75,25.14
2019-08-17,10326.25,26.49
2019-08-18,10922.16,30.45
2019-08-19,10770.76,17.58
2019-08-20,10131.67,25.27
2019-08-21,10104.11,25.15
2019-08-22,10410.49,26.42
2019-08-23,10150.07,27.3
2019-08-24,10141.75,19.91
2019-08-25,10364.91,21.89
2019-08-26,10175.47,14.3
2019-08-27,9722.83,19.04
2019-08-28,9492.81,15.26
2019-08-29,9587.25,16.18
2019-08-30,9624.54,16.45
2019-08-31,9768.36,15.41
2019-09-01,10387.5,24.1
2019-09-02,10625.1,18.37
2019-09-03,10585.2,15.2
2019-09-04,10556.16,16.15
2019-09-05,10309.91,19.33
2019-09-06,10491.96,19.38
2019-09-07,10420.88,11.19
2019-09-08,10314.88,8.793
2019-09-09,10109.46,9.661
2019-09-10,10165.01,10.26
2019-09-11,10428.96,11.52
2019-09-12,10372.29,10.42
2019-09-13,10365.56,10.3
2019-09-14,10313.02,9.987
2019-09-15,10271.79,7.893
2019-09-16,10198.62,8.225
2019-09-17,10163.38,1.449
2019-09-18,10281.03,4.42
2019-09-19,10176.38,4.982
2019-09-20,9988.38,6.5489999999999995
2019-09-21,10036.98,7.114
2019-09-22,9694.6,11.02
2019-09-23,8542.54,33.34
2019-09-24,8446.97,31.44
2019-09-25,8074.99,30.66
2019-09-26,8201.36,33.81
2019-09-27,8223.65,33.61
2019-09-28,8065.26,33.8
2019-09-29,8314.62,17.66
2019-09-30,8326.64,17.56
2019-10-01,8391.52,10.91
2019-10-02,8246.3,12.06
2019-10-03,8168.05,12.35
2019-10-04,8172.48,10.86
2019-10-05,7868.31,10.99
2019-10-06,8215.11,17.99
2019-10-07,8191.87,17.7
2019-10-08,8593.16,21.67
2019-10-09,8596.57,21.17
2019-10-10,8278.05,24.65
2019-10-11,8316.66,21.03
2019-10-12,8296.34,18.01
2019-10-13,8363.94,18.01
2019-10-14,8173.48,11.91
2019-10-15,8014.39,11.85
2019-10-16,8082.46,9.26
2019-10-17,7972.62,9.087
2019-10-18,7973.63,9.225
2019-10-19,8247.25,14.08
2019-10-20,8223.25,12.46
2019-10-21,8034.5,13.0
2019-10-22,7479.54,22.82
2019-10-23,7444.2,22.92
2019-10-24,8671.1,50.14
2019-10-25,9258.98,51.94
2019-10-26,9550.6,51.48
2019-10-27,9222.23,52.52
2019-10-28,9432.86,43.05
2019-10-29,9169.86,45.51
2019-10-30,9157.52,25.19
2019-10-31,9260.59,17.74
2019-11-01,9311.99,14.99
2019-11-02,9221.61,11.65
2019-11-03,9421.54,11.46
2019-11-04,9323.61,8.212
2019-11-05,9347.27,8.109
2019-11-06,9208.52,8.941
2019-11-07,8772.31,15.19
2019-11-08,8822.19,15.76
2019-11-09,9045.85,16.35
2019-11-10,8726.31,18.19
2019-11-11,8815.14,18.79
2019-11-12,8773.82,18.74
2019-11-13,8640.42,14.06
2019-11-14,8468.57,14.45
2019-11-15,8498.94,11.11
2019-11-16,8515.28,7.685
2019-11-17,8190.16,10.59
2019-11-18,8133.57,10.47
2019-11-19,8093.6,10.61
2019-11-20,7632.59,16.79
2019-11-21,7292.2,16.69
2019-11-22,7339.24,17.36
2019-11-23,6930.09,19.27
2019-11-24,7138.23,24.51
2019-11-25,7170.11,25.19
2019-11-26,7531.5,27.49
2019-11-27,7442.33,24.16
2019-11-28,7769.38,26.46
2019-11-29,7571.77,20.13
2019-11-30,7420.53,21.36
2019-12-01,7320.94,22.04
2019-12-02,7313.64,16.42
2019-12-03,7207.78,16.53
2019-12-04,7406.75,12.6
2019-12-05,7558.58,13.04
2019-12-06,7514.86,11.63
2019-12-07,7539.7,10.49
2019-12-08,7350.62,13.35
2019-12-09,7233.84,13.5
2019-12-10,7212.01,10.42
2019-12-11,7199.39,6.996
2019-12-12,7261.72,8.355
2019-12-13,7080.29,9.179
2019-12-14,7132.39,8.773
2019-12-15,6897.33,11.51
2019-12-16,6635.84,13.93
2019-12-17,7294.53,32.71
2019-12-18,7159.26,33.07
2019-12-19,7203.41,32.25
2019-12-20,7159.47,32.29
2019-12-21,7517.58,32.32
2019-12-22,7326.6,30.63
2019-12-23,7260.91,17.56
2019-12-24,7202.72,16.83
2019-12-25,7207.23,16.75
2019-12-26,7253.82,16.69
2019-12-27,7316.23,8.341000000000001
2019-12-28,7399.49,5.693
2019-12-29,7234.44,8.415
2019-12-30,7183.88,8.339
2019-12-31,7189.94,8.342
2020-01-01,6965.72,11.38
2020-01-02,7339.7,19.61
2020-01-03,7357.5,19.33
2020-01-04,7359.96,18.04
2020-01-05,7762.69,22.03
2020-01-06,8160.36,23.6
2020-01-07,8045.15,20.46
2020-01-08,7817.35,22.27
2020-01-09,8190.31,23.98
2020-01-10,8024.58,25.88
2020-01-11,8181.49,22.89
2020-01-12,8106.56,18.81
2020-01-13,8820.95,28.88
2020-01-14,8813.21,26.01
2020-01-15,8719.63,25.48
2020-01-16,8894.83,23.47
2020-01-17,8909.28,23.8
2020-01-18,8702.59,25.29
2020-01-19,8634.03,9.552999999999999
2020-01-20,8724.84,10.29
2020-01-21,8667.26,10.04
2020-01-22,8394.28,10.36
2020-01-23,8431.78,10.65
2020-01-24,8345.88,9.656
2020-01-25,8602.37,13.88
2020-01-26,8898.94,16.66
2020-01-27,9391.97,20.94
2020-01-28,9286.18,17.51
2020-01-29,9501.38,17.07
2020-01-30,9342.23,18.15
2020-01-31,9384.45,18.06
2020-02-01,9334.25,17.48
2020-02-02,9288.96,9.28
2020-02-03,9171.98,9.406
2020-02-04,9611.42,15.28
2020-02-05,9755.84,14.24
2020-02-06,9808.36,14.23
2020-02-07,9898.25,13.62
2020-02-08,10157.78,13.26
2020-02-09,9858.03,16.74
2020-02-10,10269.43,15.72
2020-02-11,10347.93,15.68
2020-02-12,10233.32,16.69
2020-02-13,10360.37,16.74
2020-02-14,9905.43,20.45
2020-02-15,9925.51,18.69
2020-02-16,9702.48,14.24
2020-02-17,10182.6,21.06
2020-02-18,9602.43,26.02
2020-02-19,9608.8,25.3
2020-02-20,9697.86,23.41
2020-02-21,9671.46,23.35
2020-02-22,9977.39,24.14
2020-02-23,9664.21,20.98
2020-02-24,9316.18,16.86
2020-02-25,8793.5,21.76
2020-02-26,8821.5,21.23
2020-02-27,8719.29,20.89
2020-02-28,8545.45,13.98
2020-02-29,8549.38,15.39
2020-03-01,8919.74,21.6
2020-03-02,8765.68,15.18
2020-03-03,8773.78,15.15
2020-03-04,9074.82,17.14
2020-03-05,9160.39,14.81
2020-03-06,8903.72,18.32
2020-03-07,8057.67,30.33
2020-03-08,7944.4,30.34
2020-03-09,7894.66,30.04
2020-03-10,7945.36,26.7
2020-03-11,4916.78,123.98
2020-03-12,5632.58,139.56
2020-03-13,5181.77,139.39
2020-03-14,5357.02,141.71
2020-03-15,5045.0,140.48
2020-03-16,5337.66,143.6
2020-03-17,5413.06,52.71
2020-03-18,6184.88,52.2
2020-03-19,6206.44,42.14
2020-03-20,6195.43,42.96
2020-03-21,5828.15,43.15
2020-03-22,6503.53,48.65
2020-03-23,6767.18,48.27
2020-03-24,6694.21,37.78
2020-03-25,6757.95,37.68
2020-03-26,6382.8,42.37
2020-03-27,6252.49,38.07
2020-03-28,5882.2,25.56
2020-03-29,6403.31,35.27
2020-03-30,6423.61,35.42
2020-03-31,6663.63,37.22
2020-04-01,6804.42,32.92
2020-04-02,6743.68,32.09
2020-04-03,6875.95,21.65
2020-04-04,6781.64,12.82
2020-04-05,7347.22,22.53
2020-04-06,7201.57,24.48
2020-04-07,7367.37,24.54
2020-04-08,7294.55,24.62
2020-04-09,6876.49,31.07
2020-04-10,6887.6,30.75
2020-04-11,7128.16,21.92
